{"Josiane MASSE": ["Josiane MASSE", "josiane.masse@brest-metropole.fr"], "Veronique TREAL-ARZUR": ["Veronique TREAL-ARZUR", "veronique.treal-arzur@brest-metropole.fr"], "SIG Pays de Brest": ["SIG Pays de Brest", "sig@brest-metropole.fr"], "Helene PELLIET": ["Helene PELLIET", "helene.pelliet@brest-metropole.fr"], "Patrick LE PAGE": ["Patrick LE PAGE", "patrick.le-page@brest-metropole.fr"], "SIG": ["SIG", null], "Francoise PERON": ["Francoise PERON", "bernard.jacq@cg29.fr"], "Philippe POUPART": ["Philippe POUPART", "philippe.poupart@finistere.gouv.fr"], "Beatrice QUEAU": ["Beatrice QUEAU", "beatrice.queau@brest-metropole.fr"], "Francoise GOURMELON": ["Francoise GOURMELON", "francoise.gourmelon@univ-brest.fr"], "Frederic QUEFFELEC": ["Frederic QUEFFELEC", "frederic.queffelec@brest-metropole.fr"], "SPN - BGP": ["SPN - BGP", "DREAL-Bretagne@developpement-durable.gouv.fr"], "Anthony MASSET": ["Anthony MASSET", "anthony.masset@brest-metropole.fr"], "MPDDGeomatique ": ["MPDDGeomatique ", "laurent.bourhis@finistere.gouv.fr"], "CD29": ["CD29", "cecile.rebout@finistere.fr"], "Nathalie DOUAIS": ["Nathalie DOUAIS", "nathalie.douais@mairie-brest.fr"], "Alain QUEAU": ["Alain QUEAU", "alain.queau@brest-metropole.fr"], "Steven PIEL": ["Steven PIEL", "steven.piel@aires-marines.fr"], "Philippe KERVELLA": ["Philippe KERVELLA", "philippe.kervella@brest-metropole.fr"], "Sophie ROLLIN": ["Sophie ROLLIN", "sophie.rollin@brest-metropole.fr"], "Sophie COMPERAT": ["Sophie COMPERAT", "sophie.comperat@mairie-brest.fr"], "SDEF": ["SDEF", "anais.belleil@sdef.fr"], "Alain FELER": ["Alain FELER", "alain.feler@finistere.gouv.fr"], "Armand PERROT": ["Armand PERROT", "armand.perrot@brest-metropole.fr"], "Christel JORAND": ["Christel JORAND", "christel.jorand@brest-metropole.fr"], "Bjorn SANDVIK": ["Bjorn SANDVIK", "sig@pays-de-brest.fr"], "Sylvain ROUAULT": ["Sylvain ROUAULT", "sylvain.rouault@adeupa-brest.fr"], "Luc GELEBART": ["Luc GELEBART", "luc.gelebart@brest-metropole.fr"], "Yvon BOUCHER": ["Yvon BOUCHER", "yvon.boucher@sdis29.fr"], "Emeline CANIZARES": ["Emeline CANIZARES", "e.canizares@brgm.fr"], "David VERON": ["David VERON", "david.veron@brest-metropole.fr"], "OSM": ["OSM", "https://help.openstreetmap.org/"], "Chantal LE CORRE": ["Chantal LE CORRE", "chantal.le-corre@brest-metropole.fr"], "Fabienne LOSSEC": ["Fabienne LOSSEC", "fabienne.lossec@mairie-brest.fr"], "Michele HUBERT VERON": ["Michele HUBERT VERON", "michele.hubert-veron@brest-metropole.fr"], "Martine DALLET": ["Martine DALLET", "martine.dallet@mairie-brest.fr"], "Jean-Christophe GAUTIER": ["Jean-Christophe GAUTIER", "jean-christophe.gautier@brest-metropole.fr"], "Anaelle MAGUEUR": ["Anaelle MAGUEUR", "amagueur@forum-marais-atl.com"], "Anne OMNES LE DREFF": ["Anne OMNES LE DREFF", "anne.omnes-ledreff@brest-metropole.fr"], "Alban SIMIER": ["Alban SIMIER", "alban.simier@brest-metropole.fr"], "Mireille NIBERON": ["Mireille NIBERON", "mireille.niberon@brest-metropole.fr"], "Vanessa SELLIN": ["Vanessa SELLIN", "v.sellin@cbnbrest.com"], "Gladys GRELAUD ": ["Gladys GRELAUD ", "gladys.grelaud@brest-metropole.fr"], "Jean-Yves LE RU": ["Jean-Yves LE RU", "jean-yves.le-ru@brest-metropole.fr"], "Laurent CABON": ["Laurent CABON", "david.bourdeau@brest-metropole.fr"], "Michel LAURENT": ["Michel LAURENT", "michel.laurent@brest-metropole.fr"], "Arnaud CROGUENNEC": ["Arnaud CROGUENNEC", "arnaud.croguennec@erdf-grdf.fr"], "Philippe MASQUELIER": ["Philippe MASQUELIER", "philippe.masquelier@brest-metropole.fr"], "Jean-Francois MENEZ": ["Jean-Francois MENEZ", "jean-francois.menez@eauduponant.fr"], "Xavier BEST": ["Xavier BEST", "xavier.best@finistere.fr"], "Yolande SCHNEIDER": ["Yolande SCHNEIDER", "yolande.schneider@mairie-brest.fr"], "Isabelle MARZIN": ["Isabelle MARZIN", "isabelle.marzin@brest-metropole.fr"], "Gregoire VOURC'H": ["Gregoire VOURC'H", "gregoire.vourch@brest-metropole.fr"], "Sandre": ["Sandre", "sandre@sandre.eaufrance.fr "], "Antoine SINQUIN": ["Antoine SINQUIN", "antoine.sinquin@eauduponant.fr"], "Michel SONNECK": ["Michel SONNECK", "michel.sonneck@brest-metropole.fr"], "Beatrice PRIEUR": ["Beatrice PRIEUR", "beatrice.prieur@brest-metropole.fr"], "Julie BARGAIN": ["Julie BARGAIN", "julie.bargain@adeupa-brest.fr"], "Eugene CORGNE": ["Eugene CORGNE", "eugene.corgne@brest-metropole.fr"], "Gerard MORVAN": ["Gerard MORVAN", "gerard.morvan@brest-metropole.fr"], "Loic SEGALEN": ["Loic SEGALEN", "loic.segalen@brest-metropole.fr"], "Jean-Luc ANDRE": ["Jean-Luc ANDRE", "jean-luc.andre@bretagne-ouest.cci.bzh"], "Pierre FROISSART": ["Pierre FROISSART", "pierre.froissart@asp-plublic.fr"], "Baptiste LE VEN": ["Baptiste LE VEN", "baptiste.le-ven@brest-metropole.fr"], "Bernard CALVARIN": ["Bernard CALVARIN", "bernard.calvarin@brest-metropole.fr"], "Raymond JEHAN": ["Raymond JEHAN", "jehan@shom.fr"], "Agnes GOURMELON": ["Agnes GOURMELON", "agnes.gourmelon@brest-metropole.fr"], "Claudine PICARD": ["Claudine PICARD", "claudine.picard@ville-brest.fr"], "Julien RUIZ": ["Julien RUIZ", "julien.ruiz@brest-metropole.fr"], "Mikael QUEAU": ["Mikael QUEAU", "mikael.queau@brest-metropole.fr"], "Fanny MADER": ["Fanny MADER", "fanny.mader@brest-metropole.fr"], "Aline LAZENNEC": ["Aline LAZENNEC", "aline.lazennec@brest-metropole.fr"], "Leonard VASSORD": ["Leonard VASSORD", "leonard.vassord@brest-metropole.fr"], "Sandrine LE BRIS": ["Sandrine LE BRIS", "sandrine.le-bris@mairie-brest.fr"], "Guy MEHAT": ["Guy MEHAT", "guy.mehat@brest-metropole.fr"], "Olivier FITAMANT": ["Olivier FITAMANT", "olivier.fitamant@brest-metropole.fr"], "Daniele LE PORS ": ["Daniele LE PORS ", "daniele.le-pors@brest-metropole.fr"], "Christine ABBAS": ["Christine ABBAS", "christine.abbas@mairie-brest.fr"], "Laurent BOURHIS": ["Laurent BOURHIS", "laurent.bourhis@finistere.gouv.fr"], "Jordan BRIAND-RENAUDET": ["Jordan BRIAND-RENAUDET", "jordan.briand-renaudet@brest-metropole.fr"], "Anne QUEMENEUR": ["Anne QUEMENEUR", "anne.quemeneur@brest-metropole.fr"], "SHOM": ["SHOM", "data-support@shom.fr"], "Loic VILGICQUEL": ["Loic VILGICQUEL", "loic.vilgicquel@brest-metropole.fr"], "Janick MENEZ": ["Janick MENEZ", "janick.menez@brest-metropole.fr"], "Patrick LE BESCOND": ["Patrick LE BESCOND", null], "Vincent VARRET": ["Vincent VARRET", "vincent.varret@brest-metropole.fr"], "Patrick COEFF": ["Patrick COEFF", "patrick.coeff@brest-metropole.fr"], "Ville de Landerneau": ["Ville de Landerneau", "mairie@landerneau.fr"], "Anne FEREC": ["Anne FEREC", "anne.ferec@adeupa-brest.com"], "Nicole BRONNEC": ["Nicole BRONNEC", "nicole.bronnec@brest-metropole.fr"], "Gauthier MONFORT": ["Gauthier MONFORT", "gauthier.monfort@brest-metropole.fr"]}