{"M10": ["M\u00e9tadonn\u00e9es", "Pas de vignette graphique", 2.0], "M06": ["M\u00e9tadonn\u00e9es", "Incoh\u00e9rence Internet, intranet coch\u00e9s / Pas de fichier lyr (J:)", 2.0], "M07": ["M\u00e9tadonn\u00e9es", "Incoh\u00e9rence Fichier lyr coch\u00e9 / Pas de fichier lyr (J:)", 2.0], "M04": ["M\u00e9tadonn\u00e9es", "Incoh\u00e9rence Num\u00e9ro couche / Nomenclature", 2.0], "M05": ["M\u00e9tadonn\u00e9es", "Incoh\u00e9rence Internet coch\u00e9 / Aucun flux d\u00e9fini", 3.0], "M02": ["M\u00e9tadonn\u00e9es", "Il manque au moins un champ obligatoire", 2.0], "M03": ["M\u00e9tadonn\u00e9es", "Incoh\u00e9rence date M\u00e0J / Derni\u00e8re modif jeu de donn\u00e9es ", 1.0], "M01": ["M\u00e9tadonn\u00e9es", "Le jeu de donn\u00e9es n'existe plus", 3.0], "M08": ["M\u00e9tadonn\u00e9es", "Incoh\u00e9rence Num\u00e9ro couche / Aucun flux d\u00e9fini", 1.0], "M09": ["M\u00e9tadonn\u00e9es", "Absence de mots cl\u00e9", 2.0], "L06": ["Fichiers lyr", "Autres droits que UIG", 3.0], "L05": ["Fichiers lyr", "Erreur sur la symbologie", 3.0], "L04": ["Fichiers lyr", "Erreur sur l'\u00e9tiquette", 1.0], "L03": ["Fichiers lyr", "Chemin de la source de donn\u00e9es via un compte utilisateur", 2.0], "L02": ["Fichiers lyr", "Impossible de charger le fichier", 3.0], "L01": ["Fichiers lyr", "La source de donn\u00e9es est cass\u00e9e", 3.0], "S01": ["Services Web", "Service inactif sans indication de veille", 3.0], "S02": ["Services Web", "La source d'au moins une couche est manquante", 3.0], "S03": ["Services Web", "Incoh\u00e9rence Dossier 'public' / Processus \u00e9ditable", 3.0], "S04": ["Services Web", "Source du service manquante", 2.0], "S05": ["Services Web", "Incoh\u00e9rence Dossier public / R\u00f4le d\u00e9fini", 2.0], "S06": ["Services Web", "Absence de titre (= description)", 2.0], "S07": ["Services Web", "Service actif avec indication de veille", 1.0], "M11": ["M\u00e9tadonn\u00e9es", "Absence de coordonn\u00e9es du contact (mail ou t\u00e9l.)", 2.0], "J08": ["Jeux de donn\u00e9es", "La vue doit \u00eatre active", 3.0], "M13": ["M\u00e9tadonn\u00e9es", "Fr\u00e9quence de mise \u00e0 jour incorrecte", 2.0], "M12": ["M\u00e9tadonn\u00e9es", "La fiche doit \u00eatre attach\u00e9e \u00e0 un lot", 2.0], "J01": ["Jeux de donn\u00e9es", "Ne respecte de la r\u00e8gle de nommage XXX_YYY_ZZZZZ\u2026ZZ", 2.0], "J03": ["Jeux de donn\u00e9es", "Privil\u00e8ge UIG doit \u00eatre positionn\u00e9", 3.0], "J02": ["Jeux de donn\u00e9es", "Ne correspond pas \u00e0 la nomenclature \"Pays de Brest\"", 2.0], "J05": ["Jeux de donn\u00e9es", "Pas d'index spatial d\u00e9fini", 2.0], "J04": ["Jeux de donn\u00e9es", "Au moins un champ contient des caract\u00e8res sp\u00e9ciaux", 1.0], "J07": ["Jeux de donn\u00e9es", "Mise \u00e0 jour \u00e0 r\u00e9aliser", 3.0], "J06": ["Jeux de donn\u00e9es", "Absence de m\u00e9tadonn\u00e9es", 2.0]}