{"20180803175": ["03/08/2018", "Service Web", "GPB_DEP_Intra|public", 2, 1], "20180803174": ["03/08/2018", "Service Web", "GPB_EVE|public", 0, 1], "20180803177": ["03/08/2018", "Service Web", "GPB_ESP_Intra_EV_Arbres|public", 2, 1], "20180803176": ["03/08/2018", "Service Web", "GPB_EQU_ServicesEquipements|public", 2, 1], "20180803171": ["03/08/2018", "Service Web", "REF_RTS_ChantierAcquisition|public", 2, 1], "20180803170": ["03/08/2018", "Service Web", "OpenData_BaseDSIT|public", 3, 1], "20180803173": ["03/08/2018", "Service Web", "GPB_GCD_Adr|public", 0, 1], "20180803172": ["03/08/2018", "Service Web", "Cartoweb_CirculationStationnement|public", 0, 1], "20180803179": ["03/08/2018", "Service Web", "GPB_REF|public", 2, 1], "20180803178": ["03/08/2018", "Service Web", "GCD_Loc_Communes|public", 0, 1], "20180808001": ["08/08/2018", "Service Web", "DroitdesSols|AppliSIG", 2, 1], "20180803168": ["03/08/2018", "Service Web", "MAJ_GeneriqueSansSuppressions|public", 3, 1], "20180803042": ["03/08/2018", "Service Web", "GPB_URB_ProfilUrba|public", 2, 1], "20180807070": ["07/08/2018", "Service Web", "GPB_ESP|public", 0, 1], "20180807071": ["07/08/2018", "Service Web", "AppliPlantes_Invasives_CouchesConsultation|public", 2, 1], "20180807072": ["07/08/2018", "Service Web", "GPB_DEM_Intra_Recensement|secure", 2, 1], "20180807073": ["07/08/2018", "Service Web", "REF_CAD_INTRA_TaxesPro_Proposition|secure", 2, 1], "20180807074": ["07/08/2018", "Service Web", "GCD_Adresses2|GeoCodage", 2, 1], "20180807075": ["07/08/2018", "Service Web", "GPB_REF_Intra_RTS|secure", 2, 1], "20180807076": ["07/08/2018", "Service Web", "AppliMAJ_GestionColonnesPAV|public", 3, 1], "20180807077": ["07/08/2018", "Service Web", "MAJ_RepresentationPourControle|AppliSIG", 2, 1], "20180807078": ["07/08/2018", "Service Web", "MAJ_GeneriqueSansCreationsSansSuppressions_CCI|AppliSIG", 2, 1], "20180807079": ["07/08/2018", "Service Web", "PlanVilleAllege|public", 2, 1], "20180808007": ["08/08/2018", "Service Web", "AppliEPL_MAJ_CouchesEdition|secure", 0, 1], "20180803049": ["03/08/2018", "Service Web", "Reseaux|public", 2, 1], "20180803163": ["03/08/2018", "Service Web", "GCD_Loc_Voies_Libec|public", 0, 1], "20180803078": ["03/08/2018", "Service Web", "MAJ_RepresentationPourControle|AppliSIG", 2, 1], "20180803079": ["03/08/2018", "Service Web", "MAJ_GeneriqueSansCreationsSansSuppressions_CCI|AppliSIG", 2, 1], "20180803074": ["03/08/2018", "Service Web", "REF_CAD_INTRA_TaxesPro_Proposition|secure", 2, 1], "20180803075": ["03/08/2018", "Service Web", "GCD_Adresses2|GeoCodage", 2, 1], "20180803076": ["03/08/2018", "Service Web", "GPB_REF_Intra_RTS|secure", 2, 1], "20180803077": ["03/08/2018", "Service Web", "AppliMAJ_GestionColonnesPAV|public", 3, 1], "20180803070": ["03/08/2018", "Service Web", "GPB_EQU|public", 0, 1], "20180803071": ["03/08/2018", "Service Web", "GPB_ESP|public", 0, 1], "20180803072": ["03/08/2018", "Service Web", "AppliPlantes_Invasives_CouchesConsultation|public", 2, 1], "20180803073": ["03/08/2018", "Service Web", "GPB_DEM_Intra_Recensement|secure", 2, 1], "20180807203": ["07/08/2018", "Service Web", "PlanVilleTinergie|secure", 2, 1], "20180807202": ["07/08/2018", "Service Web", "ServicesEquipements_GrandPublic|public", 0, 1], "20180807201": ["07/08/2018", "Service Web", "TEM_cadastreSolaire_typologie|AppliSIG", 2, 1], "20180807200": ["07/08/2018", "Service Web", "cs10|DSIT", 0, 1], "20180807207": ["07/08/2018", "Service Web", "GCD_Loc_Voies_Libec_C|public", 0, 1], "20180807206": ["07/08/2018", "Service Web", "Cartoweb_Relief|public", 0, 1], "20180807205": ["07/08/2018", "Service Web", "Cartoweb_Education|public", 0, 1], "20180807204": ["07/08/2018", "Service Web", "MAJ_Generique|public", 3, 1], "20180807209": ["07/08/2018", "Service Web", "tv21|DSIT", 0, 1], "20180807208": ["07/08/2018", "Service Web", "RandoEtVelo_BTO2017|public", 0, 1], "20180803214": ["03/08/2018", "Service Web", "TestLD_CAD|public", 0, 1], "20180803215": ["03/08/2018", "Service Web", "Signalements|public", 3, 1], "20180803216": ["03/08/2018", "Service Web", "GPB_ESP_EV_GestionEV|secure", 2, 1], "20180803217": ["03/08/2018", "Service Web", "GPB_Geocodage|public", 0, 1], "20180803210": ["03/08/2018", "Service Web", "tv21|DSIT", 0, 1], "20180803211": ["03/08/2018", "Service Web", "REF_CAD_INTRA_TaxesProfessionnelles|public", 2, 1], "20180803212": ["03/08/2018", "Service Web", "AppliTerrasses_CouchesConsultation|public", 0, 1], "20180803213": ["03/08/2018", "Service Web", "GPB_RES_Intra|secure", 0, 1], "20180803218": ["03/08/2018", "Service Web", "SIFE_maj_pub|public", 3, 1], "20180803219": ["03/08/2018", "Service Web", "QualiteEauxBaignade_test|public", 3, 1], "20180810009": ["10/08/2018", "Service Web", "MAJ_Bat|secure", 0, 1], "20180810008": ["10/08/2018", "Service Web", "AppliEPL_MAJ_CouchesEdition|secure", 0, 1], "20180810001": ["10/08/2018", "Service Web", "MAJ_GeneriqueSansCreationsSansSuppressions|AppliSIG", 2, 1], "20180810000": ["10/08/2018", "Jeux de donn\u00e9es", "SIG.REF_VOI_Ilots", 3, -1], "20180810003": ["10/08/2018", "Service Web", "MAJ_GeneriqueSansSuppressionsTestAdresses|AppliSIG", 2, 1], "20180810002": ["10/08/2018", "Service Web", "DroitdesSols|AppliSIG", 2, 1], "20180810005": ["10/08/2018", "Service Web", "MAJ_GeneriqueSansSuppressions|AppliSIG", 0, 1], "20180810004": ["10/08/2018", "Service Web", "MAJ_Equipements_TESTLM|secure", 0, 1], "20180810007": ["10/08/2018", "Service Web", "Reseau_AEP|Partenaires", 0, 1], "20180810006": ["10/08/2018", "Service Web", "GPB_URB_Intra_InstructionDIA|secure", 0, 1], "20180807218": ["07/08/2018", "Service Web", "QualiteEauxBaignade_test|public", 3, 1], "20180803220": ["03/08/2018", "Service Web", "PatrimoineTourisme|public", 2, 1], "20180807108": ["07/08/2018", "Service Web", "MAJ_GeneriqueSansSuppressions|AppliSIG", 0, 1], "20180807109": ["07/08/2018", "Service Web", "GPB_PTL|public", 0, 1], "20180807100": ["07/08/2018", "Service Web", "PhotoAerienne_1950|public", 0, 1], "20180807101": ["07/08/2018", "Service Web", "AppliAstreinteEPE_CouchesEdition|public", 3, 1], "20180807102": ["07/08/2018", "Service Web", "GPB_BAT|public", 0, 1], "20180807103": ["07/08/2018", "Service Web", "CartowebImpression|public", 0, 1], "20180807104": ["07/08/2018", "Service Web", "HabitatLocaux|public", 0, 1], "20180807105": ["07/08/2018", "Service Web", "REF_RTS_ChantierAcquisition_consultation_201802081212|public", 2, 1], "20180807106": ["07/08/2018", "Service Web", "pp03OM|DSIT", 0, 1], "20180807107": ["07/08/2018", "Service Web", "Geotraitement_MAJ_Voies|AppliSIG", 2, 1], "20180807193": ["07/08/2018", "Service Web", "GestionGEP|public", 3, 1], "20180807192": ["07/08/2018", "Service Web", "GPB_URB|public", 0, 1], "20180807191": ["07/08/2018", "Service Web", "Reseau_AEP|public", 2, 1], "20180807190": ["07/08/2018", "Service Web", "GPB_BAT_Intra_ObsCopro|secure", 0, 1], "20180807197": ["07/08/2018", "Service Web", "GCD_Loc_Equ|public", 0, 1], "20180807196": ["07/08/2018", "Service Web", "pp03SE|DSIT", 0, 1], "20180807195": ["07/08/2018", "Service Web", "CarteIGN|public", 2, 1], "20180807194": ["07/08/2018", "Service Web", "PhotoAerienne_1955|public", 0, 1], "20180807199": ["07/08/2018", "Service Web", "GPB_ESP_Intra_GestionEV|secure", 0, 1], "20180807198": ["07/08/2018", "Service Web", "Cartoweb_EquipementsPublics|public", 2, 1], "20180809003": ["09/08/2018", "M\u00e9tadonn\u00e9es", "D3D_AUT_PinProjets", 1, -1], "20180809002": ["09/08/2018", "M\u00e9tadonn\u00e9es", "D3D_AUT_PinDocuments", 1, -1], "20180809001": ["09/08/2018", "M\u00e9tadonn\u00e9es", "PTL_TOU_PDIPR", 1, -1], "20180807082": ["07/08/2018", "Service Web", "GPB_ESP_Intra_TRAVAUX|secure", 0, 1], "20180809007": ["09/08/2018", "Service Web", "MAJ_GeneriqueSansCreationsSansSuppressions|AppliSIG", 2, 1], "20180809006": ["09/08/2018", "M\u00e9tadonn\u00e9es", "URB_PRJ_ProjetsUrbanisme", 1, -1], "20180809005": ["09/08/2018", "M\u00e9tadonn\u00e9es", "URB_PRJ_ProjetsFonciers", 1, -1], "20180809004": ["09/08/2018", "M\u00e9tadonn\u00e9es", "D3D_AUT_Landmarks", 1, -1], "20180803131": ["03/08/2018", "Service Web", "GPB_URB_Intra_InstructionDIA|secure", 2, 1], "20180803130": ["03/08/2018", "Service Web", "GPB_RES_AEP|public", 2, 1], "20180803133": ["03/08/2018", "Service Web", "Reseau_AEP|Partenaires", 3, 1], "20180803132": ["03/08/2018", "Service Web", "TelechargementDivers|public", 2, 1], "20180803135": ["03/08/2018", "Service Web", "PatrimoineNaturel|public", 2, 1], "20180803134": ["03/08/2018", "Service Web", "VegetPNRA|public", 2, 1], "20180803137": ["03/08/2018", "Service Web", "da02qualif|DSIT", 0, 1], "20180803136": ["03/08/2018", "Service Web", "AppliMAJ_QualiteEauBaignade|public", 3, 1], "20180803139": ["03/08/2018", "Service Web", "AppliPointsEco_CouchesEdition|public", 3, 1], "20180803138": ["03/08/2018", "Service Web", "Urbanisme|public", 2, 1], "20180807089": ["07/08/2018", "Service Web", "GCD_Loc_Adr|public", 0, 1], "20180807088": ["07/08/2018", "Service Web", "GPB_LIM_INTRA_Compilation|secure", 2, 1], "20180809009": ["09/08/2018", "Service Web", "MAJ_GeneriqueSansSuppressionsTestAdresses|AppliSIG", 2, 1], "20180809008": ["09/08/2018", "Service Web", "DroitdesSols|AppliSIG", 2, 1], "20180807081": ["07/08/2018", "Service Web", "GPB_REF_Intra|secure", 0, 1], "20180807080": ["07/08/2018", "Service Web", "REF_RTS_ChantierAcq|public", 2, 1], "20180807083": ["07/08/2018", "Service Web", "GPB_RES_Intra|public", 0, 1], "20180809000": ["09/08/2018", "M\u00e9tadonn\u00e9es", "D3D_AUT_EmprisesProjets", 1, -1], "20180807085": ["07/08/2018", "Service Web", "MAJ_Equipements|public", 3, 1], "20180807084": ["07/08/2018", "Service Web", "AppliPlantes_Invasives_CouchesEdition|public", 3, 1], "20180807087": ["07/08/2018", "Service Web", "PhotoAerienne_1919|public", 2, 1], "20180807086": ["07/08/2018", "Service Web", "MasqueCartographique|public", 2, 1], "20180803092": ["03/08/2018", "Service Web", "Cartoweb_Reseaux|public", 2, 1], "20180803093": ["03/08/2018", "Service Web", "SIFE_transport_commun|public", 0, 1], "20180803090": ["03/08/2018", "Service Web", "GCD_Loc_Adr|public", 0, 1], "20180803091": ["03/08/2018", "Service Web", "PhotoAerienne|public", 2, 1], "20180803096": ["03/08/2018", "Service Web", "Referents|public", 2, 1], "20180803097": ["03/08/2018", "Service Web", "Relief|public", 2, 1], "20180803094": ["03/08/2018", "Service Web", "MAJ_GeneriqueSansSuppressions_IDRUE|AppliSIG", 0, 1], "20180803095": ["03/08/2018", "Service Web", "UrbanismeTest|public", 2, 1], "20180803098": ["03/08/2018", "Service Web", "PhotoAerienne_2009_2010|public", 2, 1], "20180803099": ["03/08/2018", "Service Web", "AppliEPL_MAJ_CouchesConsultation|secure", 0, 1], "20180807038": ["07/08/2018", "Service Web", "Reseaux_restreint|public", 2, 1], "20180807039": ["07/08/2018", "Service Web", "TEM_cadastreSolaire|public", 2, 1], "20180807034": ["07/08/2018", "Service Web", "AppliEPL_CouchesEdition|public", 3, 1], "20180807035": ["07/08/2018", "Service Web", "GPB_PHO_Intra|secure", 2, 1], "20180807036": ["07/08/2018", "Service Web", "MAJ_GeneriqueSansSuppressionsTestAdresses|AppliSIG", 2, 1], "20180807037": ["07/08/2018", "Service Web", "Infos_communes|public", 0, 1], "20180807030": ["07/08/2018", "Service Web", "GPB_D3D|public", 3, 1], "20180807031": ["07/08/2018", "Service Web", "GCD_Loc_Voies|public", 0, 1], "20180807032": ["07/08/2018", "Service Web", "GPB_NAT|public", 0, 1], "20180807033": ["07/08/2018", "Service Web", "RisqueSecurite|public", 2, 1], "20180807144": ["07/08/2018", "Service Web", "SIFE_consult_pub|public", 2, 1], "20180807145": ["07/08/2018", "Service Web", "AppliMAJ_Keolis|public", 3, 1], "20180807146": ["07/08/2018", "Service Web", "AppliBatiAgri_CouchesEdition|public", 3, 1], "20180807147": ["07/08/2018", "Service Web", "Fond_Mer|public", 2, 1], "20180807140": ["07/08/2018", "Service Web", "CartoBruit|public", 2, 1], "20180807141": ["07/08/2018", "Service Web", "AppliSignalMediateurs|public", 3, 1], "20180807142": ["07/08/2018", "Service Web", "Cartoweb_Impression|public", 0, 1], "20180807143": ["07/08/2018", "Service Web", "MAJ_Bat|secure", 0, 1], "20180807148": ["07/08/2018", "Service Web", "Fond_mer_communes|public", 0, 1], "20180807149": ["07/08/2018", "Service Web", "AAA_AVT|secure", 0, 1], "20180817000": ["17/08/2018", "Fichier lyr", "R\u00e9f\u00e9rentiel topo simplifi\u00e9 en cours de validation.lyr", 2, 1], "20180809011": ["09/08/2018", "Service Web", "MAJ_GeneriqueSansSuppressions|AppliSIG", 0, 1], "20180807045": ["07/08/2018", "Service Web", "AdressesLocator|public", 2, 1], "20180807044": ["07/08/2018", "Service Web", "AAA_AVT|public", 3, 1], "20180807047": ["07/08/2018", "Service Web", "JourneeduPatrimoine|public", 2, 1], "20180807046": ["07/08/2018", "Service Web", "Brest2016_LaFeteMAJ_consult|public", 0, 1], "20180807041": ["07/08/2018", "Service Web", "GPB_URB_ProfilUrba|public", 2, 1], "20180807040": ["07/08/2018", "Service Web", "Cartoweb_PLU|public", 0, 1], "20180807043": ["07/08/2018", "Service Web", "MAJGeneriqueSansSuppressionsAdresses|public", 2, 1], "20180807042": ["07/08/2018", "Service Web", "ImpressionSIGEO|public", 0, 1], "20180807049": ["07/08/2018", "Service Web", "MAJ_RepresentationPourControleP|public", 2, 1], "20180807048": ["07/08/2018", "Service Web", "Reseaux|public", 2, 1], "20180803197": ["03/08/2018", "Service Web", "pp03SE|DSIT", 0, 1], "20180803196": ["03/08/2018", "Service Web", "CarteIGN|public", 2, 1], "20180803195": ["03/08/2018", "Service Web", "PhotoAerienne_1955|public", 0, 1], "20180803194": ["03/08/2018", "Service Web", "GestionGEP|public", 3, 1], "20180803193": ["03/08/2018", "Service Web", "GPB_URB|public", 0, 1], "20180803192": ["03/08/2018", "Service Web", "Reseau_AEP|public", 2, 1], "20180803191": ["03/08/2018", "Service Web", "GPB_BAT_Intra_ObsCopro|secure", 0, 1], "20180803190": ["03/08/2018", "Service Web", "Telechargement3D|public", 2, 1], "20180803199": ["03/08/2018", "Service Web", "Cartoweb_EquipementsPublics|public", 2, 1], "20180803198": ["03/08/2018", "Service Web", "GCD_Loc_Equ|public", 0, 1], "20180808012": ["08/08/2018", "Service Web", "MAJ_Equipements|secure", 0, 1], "20180803041": ["03/08/2018", "Service Web", "Cartoweb_PLU|public", 0, 1], "20180803040": ["03/08/2018", "Service Web", "TEM_cadastreSolaire|public", 2, 1], "20180803043": ["03/08/2018", "Service Web", "ImpressionSIGEO|public", 0, 1], "20180803169": ["03/08/2018", "Service Web", "pp01|DSIT", 0, 1], "20180803045": ["03/08/2018", "Service Web", "AAA_AVT|public", 3, 1], "20180803044": ["03/08/2018", "Service Web", "MAJGeneriqueSansSuppressionsAdresses|public", 2, 1], "20180803047": ["03/08/2018", "Service Web", "Brest2016_LaFeteMAJ_consult|public", 0, 1], "20180803046": ["03/08/2018", "Service Web", "AdressesLocator|public", 2, 1], "20180803162": ["03/08/2018", "Service Web", "PlanVille_CCPCP|public", 2, 1], "20180803048": ["03/08/2018", "Service Web", "JourneeduPatrimoine|public", 2, 1], "20180803160": ["03/08/2018", "Service Web", "MAJ_GeneriqueAttributaire|AppliSIG", 3, 1], "20180803161": ["03/08/2018", "Service Web", "GCD_Loc_Voies_Libru|public", 0, 1], "20180803166": ["03/08/2018", "Service Web", "GPB_RIS|public", 2, 1], "20180803167": ["03/08/2018", "Service Web", "PhotoAerienne_1999|public", 0, 1], "20180803164": ["03/08/2018", "Service Web", "pics|public", 0, 1], "20180803165": ["03/08/2018", "Service Web", "EspacePublic|public", 0, 1], "20180803229": ["03/08/2018", "Service Web", "VacancesCommerciales|public", 3, 1], "20180803228": ["03/08/2018", "Service Web", "MAJ_Generique|AppliSIG", 3, 1], "20180807212": ["07/08/2018", "Service Web", "GPB_RES_Intra|secure", 0, 1], "20180807213": ["07/08/2018", "Service Web", "TestLD_CAD|public", 0, 1], "20180807214": ["07/08/2018", "Service Web", "Signalements|public", 3, 1], "20180807215": ["07/08/2018", "Service Web", "GPB_ESP_EV_GestionEV|secure", 2, 1], "20180807216": ["07/08/2018", "Service Web", "GPB_Geocodage|public", 0, 1], "20180807217": ["07/08/2018", "Service Web", "SIFE_maj_pub|public", 3, 1], "20180803221": ["03/08/2018", "Service Web", "REF_RTS_ChantierAcquisition_edition|public", 3, 1], "20180807219": ["07/08/2018", "Service Web", "PatrimoineTourisme|public", 2, 1], "20180803223": ["03/08/2018", "Service Web", "ReseauxSOGELINK|public", 2, 1], "20180803222": ["03/08/2018", "Service Web", "AppliPollution_CouchesEdition|public", 3, 1], "20180803225": ["03/08/2018", "Service Web", "AppliStationnement_CouchesEdition|public", 3, 1], "20180803224": ["03/08/2018", "Service Web", "AppliConsult_Keolis|public", 0, 1], "20180803227": ["03/08/2018", "Service Web", "AppliPecheApied_CouchesEdition|public", 3, 1], "20180803226": ["03/08/2018", "Service Web", "ProjetContratMetropolitain|public", 2, 1], "20180810012": ["10/08/2018", "Service Web", "MAJ_Generique|AppliSIG", 2, 1], "20180810013": ["10/08/2018", "Service Web", "MAJ_Equipements|secure", 0, 1], "20180810010": ["10/08/2018", "Service Web", "AAA_AVT|secure", 0, 1], "20180810011": ["10/08/2018", "Service Web", "GPB_RIS|public", 0, 1], "20180807139": ["07/08/2018", "Service Web", "AppliEPL_MAJ_CouchesEdition|secure", 0, 1], "20180807138": ["07/08/2018", "Service Web", "AppliPointsEco_CouchesEdition|public", 3, 1], "20180807135": ["07/08/2018", "Service Web", "AppliMAJ_QualiteEauBaignade|public", 3, 1], "20180807134": ["07/08/2018", "Service Web", "PatrimoineNaturel|public", 2, 1], "20180807137": ["07/08/2018", "Service Web", "Urbanisme|public", 2, 1], "20180807136": ["07/08/2018", "Service Web", "da02qualif|DSIT", 0, 1], "20180807131": ["07/08/2018", "Service Web", "TelechargementDivers|public", 2, 1], "20180807130": ["07/08/2018", "Service Web", "GPB_URB_Intra_InstructionDIA|secure", 2, 1], "20180807133": ["07/08/2018", "Service Web", "VegetPNRA|public", 2, 1], "20180807132": ["07/08/2018", "Service Web", "Reseau_AEP|Partenaires", 0, 1], "20180807180": ["07/08/2018", "Service Web", "Cadastre|public", 2, 1], "20180807181": ["07/08/2018", "Service Web", "GPB_LIM|public", 0, 1], "20180807182": ["07/08/2018", "Service Web", "pics2|AppliSIG", 0, 1], "20180807183": ["07/08/2018", "Service Web", "Cartoweb_Textes|public", 0, 1], "20180807184": ["07/08/2018", "Service Web", "Cartoweb_TransportUrbain|public", 0, 1], "20180807185": ["07/08/2018", "Service Web", "GPB_DEP|public", 0, 1], "20180807186": ["07/08/2018", "Service Web", "GPB_BAT_Accessibilite|public", 0, 1], "20180807187": ["07/08/2018", "Service Web", "MAJ_GeneriqueSansSuppressions_Adresses|AppliSIG", 2, 1], "20180807188": ["07/08/2018", "Service Web", "AppliMAJ_EquipSport|public", 3, 1], "20180807189": ["07/08/2018", "Service Web", "Telechargement3D|public", 2, 1], "20180803153": ["03/08/2018", "Service Web", "OccupationSol|public", 2, 1], "20180803152": ["03/08/2018", "Service Web", "ds30|DSIT", 0, 1], "20180803151": ["03/08/2018", "Service Web", "PhotoAerienne2012|public", 2, 1], "20180803150": ["03/08/2018", "Service Web", "AAA_AVT|secure", 3, 1], "20180803157": ["03/08/2018", "Service Web", "GPB_HYD|public", 0, 1], "20180803156": ["03/08/2018", "Service Web", "GPB_ENE|public", 0, 1], "20180803155": ["03/08/2018", "Service Web", "SIFE_PUBLIC|public", 0, 1], "20180803154": ["03/08/2018", "Service Web", "Infos_communes|AppliSIG", 0, 1], "20180803159": ["03/08/2018", "Service Web", "Cartoweb_QuartiersDecoupages|public", 0, 1], "20180803158": ["03/08/2018", "Service Web", "GCD_Adresses|public", 0, 1], "20180803126": ["03/08/2018", "Service Web", "PlanVille_201806261359|public", 2, 1], "20180803127": ["03/08/2018", "Service Web", "GPB_CAD|public", 0, 1], "20180803124": ["03/08/2018", "Service Web", "GPB_TEM|public", 2, 1], "20180803125": ["03/08/2018", "Service Web", "GCD_Parcelles|public", 0, 1], "20180803122": ["03/08/2018", "Service Web", "GPB_DEM|public", 2, 1], "20180803123": ["03/08/2018", "Service Web", "GCD_Loc_Voies_Libru_C|public", 0, 1], "20180803120": ["03/08/2018", "Service Web", "AppliTerrasses_CouchesEdition|public", 3, 1], "20180803121": ["03/08/2018", "Service Web", "PhotoAerienne_1930|public", 0, 1], "20180803128": ["03/08/2018", "Service Web", "ServicesEquipements|public", 0, 1], "20180803129": ["03/08/2018", "Service Web", "AppliPollution_CouchesConsultation|public", 2, 1], "20180809018": ["09/08/2018", "Service Web", "MAJ_Generique|AppliSIG", 2, 1], "20180809019": ["09/08/2018", "Service Web", "MAJ_Equipements|secure", 0, 1], "20180807098": ["07/08/2018", "Service Web", "AppliEPL_MAJ_CouchesConsultation|secure", 0, 1], "20180807099": ["07/08/2018", "Service Web", "GPB_CAD_JS|DSIT", 0, 1], "20180807096": ["07/08/2018", "Service Web", "Relief|public", 2, 1], "20180807097": ["07/08/2018", "Service Web", "PhotoAerienne_2009_2010|public", 2, 1], "20180809012": ["09/08/2018", "Service Web", "GPB_URB_Intra_InstructionDIA|secure", 0, 1], "20180807095": ["07/08/2018", "Service Web", "Referents|public", 2, 1], "20180807092": ["07/08/2018", "Service Web", "SIFE_transport_commun|public", 0, 1], "20180807093": ["07/08/2018", "Service Web", "MAJ_GeneriqueSansSuppressions_IDRUE|AppliSIG", 0, 1], "20180809016": ["09/08/2018", "Service Web", "AAA_AVT|secure", 0, 1], "20180807091": ["07/08/2018", "Service Web", "Cartoweb_Reseaux|public", 2, 1], "20180807001": ["07/08/2018", "Service Web", "DroitdesSols|AppliSIG", 2, 1], "20180807000": ["07/08/2018", "Service Web", "MAJ_GeneriqueSansCreationsSansSuppressions|AppliSIG", 2, 1], "20180807003": ["07/08/2018", "Service Web", "MAJ_Equipements_TESTLM|secure", 0, 1], "20180807002": ["07/08/2018", "Service Web", "MAJ_GeneriqueSansSuppressionsTestAdresses|AppliSIG", 2, 1], "20180807005": ["07/08/2018", "Service Web", "GPB_URB_Intra_InstructionDIA|secure", 0, 1], "20180807004": ["07/08/2018", "Service Web", "MAJ_GeneriqueSansSuppressions|AppliSIG", 0, 1], "20180807007": ["07/08/2018", "Service Web", "AppliEPL_MAJ_CouchesEdition|secure", 0, 1], "20180807006": ["07/08/2018", "Service Web", "Reseau_AEP|Partenaires", 0, 1], "20180807009": ["07/08/2018", "Service Web", "AAA_AVT|secure", 0, 1], "20180807008": ["07/08/2018", "Service Web", "MAJ_Bat|secure", 0, 1], "20180807179": ["07/08/2018", "Service Web", "GPB_ECO|public", 0, 1], "20180807178": ["07/08/2018", "Service Web", "GPB_REF|public", 2, 1], "20180808011": ["08/08/2018", "Service Web", "MAJ_Generique|AppliSIG", 2, 1], "20180808010": ["08/08/2018", "Service Web", "GPB_RIS|public", 0, 1], "20180807171": ["07/08/2018", "Service Web", "Cartoweb_CirculationStationnement|public", 0, 1], "20180807170": ["07/08/2018", "Service Web", "REF_RTS_ChantierAcquisition|public", 2, 1], "20180807173": ["07/08/2018", "Service Web", "GPB_EVE|public", 0, 1], "20180807172": ["07/08/2018", "Service Web", "GPB_GCD_Adr|public", 0, 1], "20180807175": ["07/08/2018", "Service Web", "GPB_EQU_ServicesEquipements|public", 2, 1], "20180807174": ["07/08/2018", "Service Web", "GPB_DEP_Intra|public", 2, 1], "20180807177": ["07/08/2018", "Service Web", "GCD_Loc_Communes|public", 0, 1], "20180807176": ["07/08/2018", "Service Web", "GPB_ESP_Intra_EV_Arbres|public", 2, 1], "20180808006": ["08/08/2018", "Service Web", "Reseau_AEP|Partenaires", 0, 1], "20180803029": ["03/08/2018", "Service Web", "pics2|secure", 0, 1], "20180803184": ["03/08/2018", "Service Web", "Cartoweb_Textes|public", 0, 1], "20180803185": ["03/08/2018", "Service Web", "Cartoweb_TransportUrbain|public", 0, 1], "20180803186": ["03/08/2018", "Service Web", "GPB_DEP|public", 0, 1], "20180803187": ["03/08/2018", "Service Web", "GPB_BAT_Accessibilite|public", 0, 1], "20180803180": ["03/08/2018", "Service Web", "GPB_ECO|public", 0, 1], "20180803181": ["03/08/2018", "Service Web", "Cadastre|public", 2, 1], "20180803182": ["03/08/2018", "Service Web", "GPB_LIM|public", 0, 1], "20180803183": ["03/08/2018", "Service Web", "pics2|AppliSIG", 0, 1], "20180803188": ["03/08/2018", "Service Web", "MAJ_GeneriqueSansSuppressions_Adresses|AppliSIG", 2, 1], "20180803189": ["03/08/2018", "Service Web", "AppliMAJ_EquipSport|public", 3, 1], "20180808009": ["08/08/2018", "Service Web", "AAA_AVT|secure", 0, 1], "20180803056": ["03/08/2018", "Service Web", "AppliEPL_CouchesConsultation|public", 2, 1], "20180803057": ["03/08/2018", "Service Web", "Deplacement|public", 2, 1], "20180803054": ["03/08/2018", "Service Web", "CarteSituation|public", 2, 1], "20180803055": ["03/08/2018", "Service Web", "AppliPortageRepas|public", 3, 1], "20180803052": ["03/08/2018", "Service Web", "EssaiLD_SIGEO_InterrogationGroupe|public", 3, 1], "20180803053": ["03/08/2018", "Service Web", "PhotoAerienne_1954|public", 0, 1], "20180803119": ["03/08/2018", "Service Web", "GCD_Loc_Parcelles|public", 0, 1], "20180803051": ["03/08/2018", "Service Web", "PlanVille|public", 2, 1], "20180803117": ["03/08/2018", "Service Web", "GPB_CAD_Intra|secure", 0, 1], "20180803116": ["03/08/2018", "Service Web", "GPB_RES|public", 2, 1], "20180803115": ["03/08/2018", "Service Web", "Americains_CouchesEdition|public", 3, 1], "20180803114": ["03/08/2018", "Service Web", "Economie|public", 2, 1], "20180803113": ["03/08/2018", "Service Web", "ExportCarte|public", 0, 1], "20180803112": ["03/08/2018", "Service Web", "ZonesPLU|public", 0, 1], "20180803058": ["03/08/2018", "Service Web", "da02|DSIT", 0, 1], "20180803059": ["03/08/2018", "Service Web", "FondPlanAppli|public", 0, 1], "20180807225": ["07/08/2018", "Service Web", "ProjetContratMetropolitain|public", 2, 1], "20180807224": ["07/08/2018", "Service Web", "AppliStationnement_CouchesEdition|public", 3, 1], "20180807227": ["07/08/2018", "Service Web", "MAJ_Generique|AppliSIG", 2, 1], "20180807226": ["07/08/2018", "Service Web", "AppliPecheApied_CouchesEdition|public", 3, 1], "20180807221": ["07/08/2018", "Service Web", "AppliPollution_CouchesEdition|public", 3, 1], "20180807220": ["07/08/2018", "Service Web", "REF_RTS_ChantierAcquisition_edition|public", 3, 1], "20180807223": ["07/08/2018", "Service Web", "AppliConsult_Keolis|public", 0, 1], "20180807222": ["07/08/2018", "Service Web", "ReseauxSOGELINK|public", 2, 1], "20180803236": ["03/08/2018", "Service Web", "APPLIMAJ_Evenement|public", 3, 1], "20180803237": ["03/08/2018", "Service Web", "MAJ_GeneriqueSansSuppressions_Filaire|AppliSIG", 2, 1], "20180803234": ["03/08/2018", "Service Web", "OpenData|public", 3, 1], "20180803235": ["03/08/2018", "Service Web", "Foncier|public", 2, 1], "20180803232": ["03/08/2018", "Service Web", "dict01|public", 2, 1], "20180803233": ["03/08/2018", "Service Web", "TelechargementPhoto|public", 2, 1], "20180803230": ["03/08/2018", "Service Web", "GPB_RES_Intra_Tous_reseaux|secure", 0, 1], "20180803231": ["03/08/2018", "Service Web", "PlanVilleSignalement|public", 2, 1], "20180807058": ["07/08/2018", "Service Web", "FondPlanAppli|public", 0, 1], "20180807059": ["07/08/2018", "Service Web", "AppliRLP_CouchesEdition|public", 3, 1], "20180807052": ["07/08/2018", "Service Web", "PhotoAerienne_1954|public", 0, 1], "20180807053": ["07/08/2018", "Service Web", "CarteSituation|public", 2, 1], "20180807050": ["07/08/2018", "Service Web", "PlanVille|public", 2, 1], "20180807051": ["07/08/2018", "Service Web", "EssaiLD_SIGEO_InterrogationGroupe|public", 3, 1], "20180807056": ["07/08/2018", "Service Web", "Deplacement|public", 2, 1], "20180807057": ["07/08/2018", "Service Web", "da02|DSIT", 0, 1], "20180807054": ["07/08/2018", "Service Web", "AppliPortageRepas|public", 3, 1], "20180807055": ["07/08/2018", "Service Web", "AppliEPL_CouchesConsultation|public", 2, 1], "20180807122": ["07/08/2018", "Service Web", "GCD_Loc_Voies_Libru_C|public", 0, 1], "20180807123": ["07/08/2018", "Service Web", "GPB_TEM|public", 2, 1], "20180807120": ["07/08/2018", "Service Web", "PhotoAerienne_1930|public", 0, 1], "20180807121": ["07/08/2018", "Service Web", "GPB_DEM|public", 2, 1], "20180807126": ["07/08/2018", "Service Web", "GPB_CAD|public", 0, 1], "20180807127": ["07/08/2018", "Service Web", "ServicesEquipements|public", 0, 1], "20180807124": ["07/08/2018", "Service Web", "GCD_Parcelles|public", 0, 1], "20180807125": ["07/08/2018", "Service Web", "PlanVille_201806261359|public", 2, 1], "20180807128": ["07/08/2018", "Service Web", "AppliPollution_CouchesConsultation|public", 2, 1], "20180807011": ["07/08/2018", "Service Web", "MAJ_Generique|AppliSIG", 2, 1], "20180808008": ["08/08/2018", "Service Web", "MAJ_Bat|secure", 0, 1], "20180811002": ["11/08/2018", "Jeux de donn\u00e9es", "SIG.REF_TOP_RTS_Signal_p", 3, -1], "20180811003": ["11/08/2018", "Jeux de donn\u00e9es", "SIG.REF_TOP_RTS_Signal_s", 3, -1], "20180811000": ["11/08/2018", "Jeux de donn\u00e9es", "SIG.REF_TOP_RTS_parcelles", 3, -1], "20180811001": ["11/08/2018", "Jeux de donn\u00e9es", "SIG.REF_TOP_RTS_Signal_l", 3, -1], "20180807018": ["07/08/2018", "Service Web", "GeoportailUrbanisme|public", 2, 1], "20180807019": ["07/08/2018", "Service Web", "DroitdesSols|AppliSIG", 2, 1], "20180803140": ["03/08/2018", "Service Web", "AppliEPL_MAJ_CouchesEdition|secure", 3, 1], "20180803141": ["03/08/2018", "Service Web", "CartoBruit|public", 2, 1], "20180803142": ["03/08/2018", "Service Web", "AppliSignalMediateurs|public", 3, 1], "20180803143": ["03/08/2018", "Service Web", "Cartoweb_Impression|public", 0, 1], "20180803144": ["03/08/2018", "Service Web", "MAJ_Bat|secure", 3, 1], "20180803145": ["03/08/2018", "Service Web", "SIFE_consult_pub|public", 2, 1], "20180803146": ["03/08/2018", "Service Web", "AppliMAJ_Keolis|public", 3, 1], "20180803147": ["03/08/2018", "Service Web", "AppliBatiAgri_CouchesEdition|public", 3, 1], "20180803148": ["03/08/2018", "Service Web", "Fond_Mer|public", 2, 1], "20180803149": ["03/08/2018", "Service Web", "Fond_mer_communes|public", 0, 1], "20180803118": ["03/08/2018", "Service Web", "Rapports|arcopole", 0, 1], "20180803111": ["03/08/2018", "Service Web", "GPB_DEP_Bibus|public", 0, 1], "20180803110": ["03/08/2018", "Service Web", "GPB_PTL|public", 0, 1], "20180807063": ["07/08/2018", "Service Web", "MAJ_Equipements_TESTLM|secure", 0, 1], "20180807062": ["07/08/2018", "Service Web", "GCD_Voies|public", 2, 1], "20180807061": ["07/08/2018", "Service Web", "Fond_mer_communes_clair|public", 0, 1], "20180807060": ["07/08/2018", "Service Web", "ModeOccupationSol|public", 2, 1], "20180807067": ["07/08/2018", "Service Web", "PlanVille_201807131416|public", 2, 1], "20180807066": ["07/08/2018", "Service Web", "GPB_PLU|public", 0, 1], "20180807065": ["07/08/2018", "Service Web", "GPB_EVE_Intra_Recensement|secure", 2, 1], "20180807064": ["07/08/2018", "Service Web", "PhotoAerienne_2004|public", 0, 1], "20180807069": ["07/08/2018", "Service Web", "GPB_EQU|public", 0, 1], "20180807068": ["07/08/2018", "Service Web", "Cartoweb_CollecteProprete|public", 0, 1], "20180803238": ["03/08/2018", "Service Web", "MAJ_Equipements|secure", 3, 1], "20180807016": ["07/08/2018", "Service Web", "arcOpolePrint|arcopole", 2, 1], "20180807017": ["07/08/2018", "Service Web", "MAJ_Equipements_QUALIF|public", 3, 1], "20180807014": ["07/08/2018", "Service Web", "GPB_CAD_Intra|public", 0, 1], "20180807015": ["07/08/2018", "Service Web", "GPB_URB_Intra_DossiersUrbanisme|secure", 2, 1], "20180807012": ["07/08/2018", "Service Web", "MAJ_Equipements|secure", 0, 1], "20180807013": ["07/08/2018", "Service Web", "MAJ_CCPCP|public", 3, 1], "20180807010": ["07/08/2018", "Service Web", "GPB_RIS|public", 0, 1], "20180803068": ["03/08/2018", "Service Web", "PlanVille_201807131416|public", 2, 1], "20180803067": ["03/08/2018", "Service Web", "GPB_PLU|public", 0, 1], "20180803066": ["03/08/2018", "Service Web", "GPB_EVE_Intra_Recensement|secure", 2, 1], "20180803065": ["03/08/2018", "Service Web", "PhotoAerienne_2004|public", 0, 1], "20180803064": ["03/08/2018", "Service Web", "MAJ_Equipements_TESTLM|secure", 3, 1], "20180803063": ["03/08/2018", "Service Web", "GCD_Voies|public", 2, 1], "20180803062": ["03/08/2018", "Service Web", "Fond_mer_communes_clair|public", 0, 1], "20180803061": ["03/08/2018", "Service Web", "ModeOccupationSol|public", 2, 1], "20180803060": ["03/08/2018", "Service Web", "AppliRLP_CouchesEdition|public", 3, 1], "20180807229": ["07/08/2018", "Service Web", "GPB_RES_Intra_Tous_reseaux|secure", 0, 1], "20180807228": ["07/08/2018", "Service Web", "VacancesCommerciales|public", 3, 1], "20180803207": ["03/08/2018", "Service Web", "Cartoweb_Relief|public", 0, 1], "20180803206": ["03/08/2018", "Service Web", "Cartoweb_Education|public", 0, 1], "20180803205": ["03/08/2018", "Service Web", "MAJ_Generique|public", 3, 1], "20180803204": ["03/08/2018", "Service Web", "PlanVilleTinergie|secure", 2, 1], "20180803203": ["03/08/2018", "Service Web", "ServicesEquipements_GrandPublic|public", 0, 1], "20180803202": ["03/08/2018", "Service Web", "TEM_cadastreSolaire_typologie|AppliSIG", 2, 1], "20180803201": ["03/08/2018", "Service Web", "cs10|DSIT", 0, 1], "20180803200": ["03/08/2018", "Service Web", "GPB_ESP_Intra_GestionEV|secure", 0, 1], "20180807210": ["07/08/2018", "Service Web", "REF_CAD_INTRA_TaxesProfessionnelles|public", 2, 1], "20180803209": ["03/08/2018", "Service Web", "RandoEtVelo_BTO2017|public", 0, 1], "20180803208": ["03/08/2018", "Service Web", "GCD_Loc_Voies_Libec_C|public", 0, 1], "20180807211": ["07/08/2018", "Service Web", "AppliTerrasses_CouchesConsultation|public", 0, 1], "20180807119": ["07/08/2018", "Service Web", "AppliTerrasses_CouchesEdition|public", 3, 1], "20180807118": ["07/08/2018", "Service Web", "GCD_Loc_Parcelles|public", 0, 1], "20180807113": ["07/08/2018", "Service Web", "Economie|public", 2, 1], "20180807112": ["07/08/2018", "Service Web", "ExportCarte|public", 0, 1], "20180807111": ["07/08/2018", "Service Web", "ZonesPLU|public", 0, 1], "20180807110": ["07/08/2018", "Service Web", "GPB_DEP_Bibus|public", 0, 1], "20180807117": ["07/08/2018", "Service Web", "Rapports|arcopole", 0, 1], "20180807116": ["07/08/2018", "Service Web", "GPB_CAD_Intra|secure", 0, 1], "20180807115": ["07/08/2018", "Service Web", "GPB_RES|public", 2, 1], "20180807114": ["07/08/2018", "Service Web", "Americains_CouchesEdition|public", 3, 1], "20180808000": ["08/08/2018", "Service Web", "MAJ_GeneriqueSansCreationsSansSuppressions|AppliSIG", 2, 1], "20180809010": ["09/08/2018", "Service Web", "MAJ_Equipements_TESTLM|secure", 0, 1], "20180808002": ["08/08/2018", "Service Web", "MAJ_GeneriqueSansSuppressionsTestAdresses|AppliSIG", 2, 1], "20180808003": ["08/08/2018", "Service Web", "MAJ_Equipements_TESTLM|secure", 0, 1], "20180808004": ["08/08/2018", "Service Web", "MAJ_GeneriqueSansSuppressions|AppliSIG", 0, 1], "20180808005": ["08/08/2018", "Service Web", "GPB_URB_Intra_InstructionDIA|secure", 0, 1], "20180807168": ["07/08/2018", "Service Web", "pp01|DSIT", 0, 1], "20180807169": ["07/08/2018", "Service Web", "OpenData_BaseDSIT|public", 3, 1], "20180807166": ["07/08/2018", "Service Web", "PhotoAerienne_1999|public", 0, 1], "20180807167": ["07/08/2018", "Service Web", "MAJ_GeneriqueSansSuppressions|public", 3, 1], "20180807164": ["07/08/2018", "Service Web", "EspacePublic|public", 0, 1], "20180807165": ["07/08/2018", "Service Web", "GPB_RIS|public", 0, 1], "20180807162": ["07/08/2018", "Service Web", "GCD_Loc_Voies_Libec|public", 0, 1], "20180807163": ["07/08/2018", "Service Web", "pics|public", 0, 1], "20180807160": ["07/08/2018", "Service Web", "GCD_Loc_Voies_Libru|public", 0, 1], "20180807161": ["07/08/2018", "Service Web", "PlanVille_CCPCP|public", 2, 1], "20180803050": ["03/08/2018", "Service Web", "MAJ_RepresentationPourControleP|public", 2, 1], "20180809013": ["09/08/2018", "Service Web", "Reseau_AEP|Partenaires", 0, 1], "20180809014": ["09/08/2018", "Service Web", "AppliEPL_MAJ_CouchesEdition|secure", 0, 1], "20180809015": ["09/08/2018", "Service Web", "MAJ_Bat|secure", 0, 1], "20180807094": ["07/08/2018", "Service Web", "UrbanismeTest|public", 2, 1], "20180803069": ["03/08/2018", "Service Web", "Cartoweb_CollecteProprete|public", 0, 1], "20180809017": ["09/08/2018", "Service Web", "GPB_RIS|public", 0, 1], "20180803030": ["03/08/2018", "Service Web", "GPB_SOL|public", 0, 1], "20180803031": ["03/08/2018", "Service Web", "GPB_D3D|public", 3, 1], "20180803032": ["03/08/2018", "Service Web", "GCD_Loc_Voies|public", 0, 1], "20180803033": ["03/08/2018", "Service Web", "GPB_NAT|public", 0, 1], "20180803034": ["03/08/2018", "Service Web", "RisqueSecurite|public", 2, 1], "20180803035": ["03/08/2018", "Service Web", "AppliEPL_CouchesEdition|public", 3, 1], "20180803036": ["03/08/2018", "Service Web", "GPB_PHO_Intra|secure", 2, 1], "20180803037": ["03/08/2018", "Service Web", "MAJ_GeneriqueSansSuppressionsTestAdresses|AppliSIG", 3, 1], "20180803038": ["03/08/2018", "Service Web", "Infos_communes|public", 0, 1], "20180803039": ["03/08/2018", "Service Web", "Reseaux_restreint|public", 2, 1], "20180803108": ["03/08/2018", "Service Web", "Geotraitement_MAJ_Voies|AppliSIG", 2, 1], "20180803109": ["03/08/2018", "Service Web", "MAJ_GeneriqueSansSuppressions|AppliSIG", 3, 1], "20180803104": ["03/08/2018", "Service Web", "CartowebImpression|public", 0, 1], "20180803105": ["03/08/2018", "Service Web", "HabitatLocaux|public", 0, 1], "20180803106": ["03/08/2018", "Service Web", "REF_RTS_ChantierAcquisition_consultation_201802081212|public", 2, 1], "20180803107": ["03/08/2018", "Service Web", "pp03OM|DSIT", 0, 1], "20180803100": ["03/08/2018", "Service Web", "GPB_CAD_JS|DSIT", 0, 1], "20180803101": ["03/08/2018", "Service Web", "PhotoAerienne_1950|public", 0, 1], "20180803102": ["03/08/2018", "Service Web", "AppliAstreinteEPE_CouchesEdition|public", 3, 1], "20180803103": ["03/08/2018", "Service Web", "GPB_BAT|public", 0, 1], "20180807090": ["07/08/2018", "Service Web", "PhotoAerienne|public", 2, 1], "20180803089": ["03/08/2018", "Service Web", "GPB_LIM_INTRA_Compilation|secure", 2, 1], "20180803088": ["03/08/2018", "Service Web", "PhotoAerienne_1919|public", 2, 1], "20180803085": ["03/08/2018", "Service Web", "AppliPlantes_Invasives_CouchesEdition|public", 3, 1], "20180803084": ["03/08/2018", "Service Web", "GPB_RES_Intra|public", 0, 1], "20180803087": ["03/08/2018", "Service Web", "MasqueCartographique|public", 2, 1], "20180803086": ["03/08/2018", "Service Web", "MAJ_Equipements|public", 3, 1], "20180803081": ["03/08/2018", "Service Web", "REF_RTS_ChantierAcq|public", 2, 1], "20180803080": ["03/08/2018", "Service Web", "PlanVilleAllege|public", 2, 1], "20180803083": ["03/08/2018", "Service Web", "GPB_ESP_Intra_TRAVAUX|secure", 0, 1], "20180803082": ["03/08/2018", "Service Web", "GPB_REF_Intra|secure", 0, 1], "20180807029": ["07/08/2018", "Service Web", "GPB_SOL|public", 0, 1], "20180807028": ["07/08/2018", "Service Web", "pics2|secure", 0, 1], "20180807027": ["07/08/2018", "Service Web", "GPB_ESP_Intra|public", 3, 1], "20180807026": ["07/08/2018", "Service Web", "MAJ_GeneriqueSansSuppressions_Voies|AppliSIG", 2, 1], "20180807025": ["07/08/2018", "Service Web", "GCD_Loc_Lieuxdits|public", 0, 1], "20180807024": ["07/08/2018", "Service Web", "PhotoAerienne_1929|public", 0, 1], "20180807023": ["07/08/2018", "Service Web", "LimitesDecoupages|public", 2, 1], "20180807022": ["07/08/2018", "Service Web", "ReseauxTest|public", 2, 1], "20180807021": ["07/08/2018", "Service Web", "Test|public", 3, 1], "20180807020": ["07/08/2018", "Service Web", "MAJGeneriqueSansSuppressionsVoies|public", 2, 1], "20180807157": ["07/08/2018", "Service Web", "GCD_Adresses|public", 0, 1], "20180807156": ["07/08/2018", "Service Web", "GPB_HYD|public", 0, 1], "20180807155": ["07/08/2018", "Service Web", "GPB_ENE|public", 0, 1], "20180807154": ["07/08/2018", "Service Web", "SIFE_PUBLIC|public", 0, 1], "20180807153": ["07/08/2018", "Service Web", "Infos_communes|AppliSIG", 0, 1], "20180807152": ["07/08/2018", "Service Web", "OccupationSol|public", 2, 1], "20180807151": ["07/08/2018", "Service Web", "ds30|DSIT", 0, 1], "20180807150": ["07/08/2018", "Service Web", "PhotoAerienne2012|public", 2, 1], "20180807159": ["07/08/2018", "Service Web", "MAJ_GeneriqueAttributaire|AppliSIG", 3, 1], "20180807158": ["07/08/2018", "Service Web", "Cartoweb_QuartiersDecoupages|public", 0, 1], "20180807232": ["07/08/2018", "Service Web", "TelechargementPhoto|public", 2, 1], "20180807233": ["07/08/2018", "Service Web", "OpenData|public", 3, 1], "20180807230": ["07/08/2018", "Service Web", "PlanVilleSignalement|public", 2, 1], "20180807231": ["07/08/2018", "Service Web", "dict01|public", 2, 1], "20180807236": ["07/08/2018", "Service Web", "MAJ_GeneriqueSansSuppressions_Filaire|AppliSIG", 2, 1], "20180807237": ["07/08/2018", "Service Web", "MAJ_Equipements|secure", 0, 1], "20180807234": ["07/08/2018", "Service Web", "Foncier|public", 2, 1], "20180807235": ["07/08/2018", "Service Web", "APPLIMAJ_Evenement|public", 3, 1], "20180807129": ["07/08/2018", "Service Web", "GPB_RES_AEP|public", 2, 1]}