{"SIG.RES_EU_Ouvrage": ["RES_ENTREPRISE", "RES_EU_EFFLUENT", "RES_EU_FREQ_MNT", "RES_EU_OUVRAGE_NAT_OUVR", "RES_EU_OUVRAGE_TYPE_OUVR", "RES_EXPLOITANT", "RES_FONCTIONMT", "RES_MOA", "RES_TYPE_ELEM", "RES_TYPE_MAJ", "RES_TYPE_PLAN", "DEPCO"], "SIG.ESP_AUT_SignalGEP_lignes": ["ESP_AUT_SignalGEP_TYPE"], "SIG.RES_EU_HabillageTexte": ["RES_EXPLOITANT", "DEPCO"], "SIG.RES_AEP_InstallEauBrute": ["RES_AEP_INSTALEAUBRUTE_TYPE_PROD", "RES_ENTREPRISE", "RES_EXPLOITANT", "RES_FONCTIONMT", "RES_MOA", "RES_TYPE_ELEM", "RES_TYPE_MAJ", "RES_TYPE_PLAN", "DEPCO"], "SIG.REF_VOI_Adresses": ["REF_VOI_SIGNA", "REF_VOI_SOURCE", "REF_VOI_STATUT", "DEROULANT"], "SIG.EVE_NAU_Brest2016ParkingsPt": ["EVE_NAU_ParkingsType", "TXT_OUINON"], "SIG.RES_AEP_Piece": ["RES_AEP_PIECE_JOINT", "RES_AEP_PIECE_JOINT", "RES_AEP_PIECE_TYPE_PIRA", "RES_ENTREPRISE", "RES_EXPLOITANT", "RES_FONCTIONMT", "RES_MOA", "RES_TYPE_ELEM", "RES_TYPE_MAJ", "RES_TYPE_PLAN", "DEPCO"], "SIG.ESP_OCC_DispoPub": ["RLP_AFFICHEUR", "RLP_DEROGA", "RLP_LEGAL_RLP", "RLP_LEGAL_RNP", "RLP_SUPPORT", "RLP_SUPPORT_DETAIL", "RLP_SURFACE", "RLP_SURFACE", "RLP_TYPE", "RLP_ZONAGE_RLP", "TXT_OUINON", "TXT_OUINON"], "SIG.RES_EPL_CollecteurPonctuelEtat": ["RES_EPL_PCOL_ETAT"], "SIG.ESP_NET_ApportVolColonne": ["ESP_NET_ApportVolontaire_AIMANT", "ESP_NET_ApportVolontaire_BATTERIE", "ESP_NET_ApportVolontaire_BOITIER", "ESP_NET_ApportVolontaire_BOUTON", "ESP_NET_ApportVolontaire_CABLES", "ESP_NET_ApportVolontaire_CAPOT", "ESP_NET_ApportVolontaire_CERCLAGE", "ESP_NET_ApportVolontaire_DEMI_LUNE", "ESP_NET_ApportVolontaire_GACHE", "ESP_NET_ApportVolontaire_MAT", "ESP_NET_ApportVolontaire_PANNEAU", "ESP_NET_ApportVolontaire_PLATEFORME", "ESP_NET_ApportVolontaire_SERRURE", "ESP_NET_ApportVolontaire_SERVICE", "ESP_NET_ApportVolontaire_SIGNAL", "ESP_NET_ApportVolontaire_TAMBOUR"], "SIG.RES_AEP_PoteauIncendie": ["OUI_NON", "RES_AEP_CODERES", "RES_AEP_INCE_COFFRE", "RES_AEP_INCE_CONGELABLE", "RES_AEP_INCE_DIAMETRE", "RES_AEP_INCE_MARQUE", "RES_AEP_INCE_MODELE", "RES_AEP_INCE_PERIOD", "RES_AEP_INCE_PERIOD", "RES_AEP_INCE_RENVERSAB", "RES_AEP_INCE_TYPE_CONTR", "RES_AEP_INCE_TYPE_INCE", "RES_EXPLOITANT", "RES_FONCTIONMT", "RES_MOA", "RES_TYPE_ELEM", "RES_TYPE_MAJ", "RES_TYPE_PLAN", "DEPCO"], "SIG.URB_PLU_IDG_INFO_SURF": ["INFO_SURF_TYPEINF"], "SIG.HYD_MES_PointsPrelev_Plages": ["OUI_NON", "OUI_NON", "OUI_NON", "EVE_PTL_EauxBaignade_Qualite"], "SIG.EVE_PTL_JourneesPatrimSites": ["OUI_NON"], "SIG.RES_AEP_Fontainerie": ["RES_AEP_FONT_EXUTOIRE", "RES_AEP_FONT_TYPE_FONT", "RES_ENTREPRISE", "RES_EXPLOITANT", "RES_FONCTIONMT", "RES_MOA", "RES_TYPE_ELEM", "RES_TYPE_MAJ", "RES_TYPE_PLAN", "DEPCO"], "SIG.RES_EPL_Recueil": ["RES_EPL_Recueil_AGRAVATION", "RES_EPL_Recueil_EVENEMENT", "RES_EPL_Recueil_PROPRIETAIRE", "RES_EPL_Recueil_PROVENANCE", "DEPCO"], "SIG.PTL_ARC_Americ1917": ["PTL_ARC_Americ_TypeS", "PTL_ARC_Americ_Exist"], "SIG.ESP_NET_ApportVolontaire_Pays": ["NET_PAV_Type", "TXT_OUINON", "TXT_PrivePublic", "DEPCO", "ESP_NET_PAV_CD_NATURE"], "SIG.RES_EPL_Cotation": ["RES_EXPLOITANT", "DEPCO"], "SIG.ESP_OCC_TERRASSE": ["ESP_OCC_TERRASSE_DT_OCC", "ESP_OCC_TERRASSE_OuiNon", "ESP_OCC_TERRASSE_OuiNon", "ESP_OCC_TERRASSE_OuiNon", "ESP_OCC_TERRASSE_OuiNon", "ESP_OCC_TERRASSE_OuiNon", "ESP_OCC_TERRASSE_OuiNon", "ESP_OCC_TERRASSE_OuiNon", "ESP_OCC_TERRASSE_OuiNon", "ESP_OCC_TERRASSE_OuiNon", "ESP_OCC_TYPE_COMMERCE", "ESP_OCC_TYPE_TERRASSE", "ESP_OCC_TYPE_TERRASSE"], "SIG.REF_VOI_FilaireVoies": ["REF_VOI_NATURE", "REF_VOI_CLASS_ADMI"], "SIG.ECO_COM_TERRASSE": ["ESP_OCC_TERRASSE_DT_OCC", "ESP_OCC_TERRASSE_OuiNon", "ESP_OCC_TERRASSE_OuiNon", "ESP_OCC_TERRASSE_OuiNon", "ESP_OCC_TERRASSE_OuiNon", "ESP_OCC_TERRASSE_OuiNon", "ESP_OCC_TERRASSE_OuiNon", "ESP_OCC_TERRASSE_OuiNon", "ESP_OCC_TERRASSE_OuiNon", "ESP_OCC_TERRASSE_OuiNon", "ESP_OCC_TYPE_COMMERCE", "ESP_OCC_TYPE_TERRASSE", "ESP_OCC_TYPE_TERRASSE"], "SIG.DEP_ARR_Circ_Stat_l": ["TYARR_L"], "SIG.RES_EU_Vanne": ["RES_EU_VANN_ETAT", "RES_EU_VANN_FONCTION", "RES_EU_VANN_TYPE_VANN", "RES_EXPLOITANT", "RES_FONCTIONMT", "RES_MOA", "RES_TYPE_ELEM", "RES_TYPE_MAJ", "RES_TYPE_PLAN", "DEPCO"], "SIG.RES_EU_PointBranchement": ["OUI_NON", "RES_EU_EFFLUENT", "RES_EU_MATERIAU", "RES_EU_PTBR_TYPE_PTBR", "RES_EXPLOITANT", "RES_FONCTIONMT", "RES_MOA", "RES_TYPE_ELEM", "RES_TYPE_MAJ", "RES_TYPE_PLAN", "DEPCO"], "SIG.URB_PLU_BMO_ZONE_URBA": ["PLU_ZONE_TYPEZONE", "PLU_ZONE_DESTDOMI"], "SIG.EQU_POI_ServicesEquipements": ["TXT_OUINON", "TXT_OUINON", "EQU_POI_HIERARCHIE", "EQU_POI_STATUT_GESTIONNAIRE", "EQU_POI_THEMATIQUE"], "SIG.RES_EPL_NoeudBase": ["RES_EXPLOITANT", "RES_MOA", "RES_TYPE_ELEM", "RES_TYPE_MAJ", "RES_TYPE_PLAN", "DEPCO"], "SIG.RES_AEP_FlecheEcoulement": ["RES_EXPLOITANT", "DEPCO"], "SIG.URB_PLU_IDG_ZONE_URBA": ["PLU_ZONE_TYPEZONE", "PLU_ZONE_DESTDOMI"], "SIG.RES_NUM_Fibre_PlanRecol": ["RES_EXPLOITANT", "RES_MOA", "RES_TYPE_MAJ", "RES_TYPE_PLAN", "DEPCO"], "SIG.RES_EPL_CanaRestit1609": ["OUI_NON", "OUI_NON", "OUI_NON", "RES_ENTREPRISE", "RES_EPL_CANA_DIAMETRE", "RES_EPL_CANA_FORME", "RES_EPL_CANA_JOINTS", "RES_EPL_CANA_LOCALISAT", "RES_EPL_CANA_MATERIAU", "RES_EPL_CANA_PERIODE", "RES_EPL_CANA_PRES_NOM", "RES_EPL_CANA_RESISTANCE", "RES_EPL_CANA_REVET_EXT", "RES_EPL_CANA_REVET_INT", "RES_EPL_CANA_STEP", "RES_EPL_ECOULMT", "RES_EPL_EFFLUENT", "RES_EPL_TYPE", "RES_EPL_TYPET", "RES_EXPLOITANT", "RES_FONCTIONMT", "RES_MOA", "RES_PRECISION", "RES_TYPE_MAJ", "RES_TYPE_PLAN", "DEPCO"], "SIG.RES_EPL_BMO_OuvrageEmprise": ["EPL_BMO_ACCES_OUVRAGE", "EPL_BMO_BASSIN_VERSANT", "EPL_BMO_CLOISON", "EPL_BMO_COMMUNE", "EPL_BMO_DLSE", "EPL_BMO_DOSSIER CHANTIER", "EPL_BMO_ENTRETIEN", "EPL_BMO_ENTRETIEN_ACCES", "EPL_BMO_ETANCHEITE", "EPL_BMO_EXUTOIRE_OUVRAGE", "EPL_BMO_FERMETURE", "EPL_BMO_FONCTION", "EPL_BMO_FUTUREGESTIONBM", "EPL_BMO_ORIGINE", "EPL_BMO_OUVRAGE VISITABLE", "EPL_BMO_PRETRAITEMENT", "EPL_BMO_PROPRIETE", "EPL_BMO_RECOLEMENT", "EPL_BMO_SIGNALETIQUE", "EPL_BMO_STATUT", "EPL_BMO_SURVERSE_SURFACE", "EPL_BMO_TYPE_MO", "EPL_BMO_TYPE_MOE", "EPL_BMO_TYPE_OUVRAGE", "EPL_BMO_TYPE_REGULATION"], "SIG.DEP_ARR_Circ_Stat_s": ["TYARR_S"], "SIG.URB_PLU_INFO_PCT": ["INFO_PCT_TYPEINF"], "SIG.URB_FON_SitesMutables_Pays": ["ZONE_URBA_TYPE", "CODETYPE"], "SIG.RES_AEP_Cotation": ["RES_EXPLOITANT", "DEPCO"], "SIG.NAT_AUT_PlantesInvasives": ["NAT_AUT_Collecteurs", "NAT_AUT_MILIEUX", "NAT_AUT_Plantes_invasives", "COMMUNES"], "SIG.BAT_IMM_BatiMuni_Entretien": ["famille", "sous-famille"], "SIG.URB_PLU_BMO_INFO_PCT": ["INFO_PCT_TYPEINF"], "SIG.RES_EU_PlanRecolement": ["RES_EXPLOITANT", "RES_MOA", "RES_TYPE_MAJ", "RES_TYPE_PLAN", "DEPCO"], "SIG.DEP_ARR_circ_stat": ["Situation", "Source", "Etendue"], "SIG.RES_AEP_Compteur": ["OUI_NON", "RES_AEP_COMP_MARQUE", "RES_AEP_COMP_MODELE", "RES_AEP_COMP_TECHNO", "RES_AEP_COMP_TYPE_COMP", "RES_ENTREPRISE", "RES_EXPLOITANT", "RES_FONCTIONMT", "RES_MOA", "RES_TYPE_ELEM", "RES_TYPE_MAJ", "RES_TYPE_PLAN", "DEPCO"], "SIG.REF_CAD_NumeroParcelle_Bmo": ["Valeur du symbole bool\u00e9en", "Valeur du symbole bool\u00e9en", "Valeur du symbole bool\u00e9en", "Alignement horizontal", "Alignement vertical", "AnnotationStatus"], "SIG.URB_PLU_INFO_SURF": ["INFO_SURF_TYPEINF"], "SIG.EVE_NAU_Brest2016ETIQ": ["Valeur du symbole bool\u00e9en", "Valeur du symbole bool\u00e9en", "Valeur du symbole bool\u00e9en", "Alignement horizontal", "Alignement vertical", "AnnotationStatus"], "SIG.URB_PLU_BMO_INFO_SURF": ["INFO_SURF_TYPEINF"], "SIG.REF_CAD_NumeroParcelle_Pays": ["Valeur du symbole bool\u00e9en", "Valeur du symbole bool\u00e9en", "Valeur du symbole bool\u00e9en", "Alignement horizontal", "Alignement vertical", "AnnotationStatus"], "SIG.RES_EU_FlecheEcoulement": ["RES_EXPLOITANT", "DEPCO"], "SIG.PTL_TOU_CheminsRando": ["REF_VOI_CLASS_ADMI", "TXT_OUINON", "TXT_OUINON", "CHEMINS_CATEGORIE", "CHEMINS_ETAT", "CHEMINS_HIERARCHIE", "CHEMINS_ITINERAIRE", "CHEMINS_PRECISION", "CHEMINS_QUALITE", "CHEMINS_SSCATEGORIE"], "SIG.RES_EPL_DECONNEX_S2": ["OUI_NON", "OUI_NON", "OUI_NON", "OUI_NON", "OUI_NON", "OUI_NON", "OUI_NON", "OUI_NON", "OUI_NON", "OUI_NON", "OUI_NON", "OUI_NON", "OUI_NON", "OUI_NON", "OUI_NON", "OUI_NON", "OUI_NON", "OUI_NON", "RES_EPL_DECON_ETAT", "RES_EPL_DECON_ORIENT", "RES_EPL_DECON_PENTE", "RES_EPL_DECON_PERIOD", "RES_EPL_DECON_POSIT", "RES_EPL_DECON_POSIT", "RES_EPL_DECON_POTENTIEL", "RES_EPL_DECON_POTENTIEL", "RES_EPL_DECON_STOCKTYP"], "SIG.RES_AEP_Canalisation": ["OUI_NON", "OUI_NON", "OUI_NON", "RES_AEP_CANA_ECOULMT", "RES_AEP_CANA_JOINTS", "RES_AEP_CANA_LOCALISAT", "RES_AEP_CANA_MATERIAU", "RES_AEP_CANA_PERIODE", "RES_AEP_CANA_PRES_NOM", "RES_AEP_CANA_REVET_EXT", "RES_AEP_CANA_REVET_INT", "RES_AEP_CANA_TYPET", "RES_AEP_CANA_TYPE_CANA", "RES_AEP_CODERES", "RES_AEP_DIAMETRE", "RES_ENTREPRISE", "RES_EXPLOITANT", "RES_FONCTIONMT", "RES_MATER_REHA", "RES_MOA", "RES_PRECISION", "RES_TYPE_MAJ", "RES_TYPE_PLAN", "DEPCO"], "SIG.EVE_NAU_Brest2016POI": ["EVE_NAU_Brest2016POI_SSCLASSE"], "SIG.URB_PLU_IDG_DOCUMENT_URBA": ["PLU_DOC_ETAT", "PLU_DOC_TYPEREF"], "SIG.URB_PLU_IDG_PRESCRIPTION_SURF": ["PRESCRIPTION_SURF_TYPEPSC"], "SIG.RES_EPL_PlanRecolement": ["RES_EXPLOITANT", "RES_MOA", "RES_TYPE_MAJ", "RES_TYPE_PLAN", "DEPCO"], "SIG.REF_TOP_RTS_POINT_NonVal": ["REF_RTS_NOMTYPE_Point"], "SIG.ECO_CUL_AgriEnquete2017_sieges": ["ECO_CUL_AgriEnquete_Oui_Non", "ECO_CUL_AgriEnquete_Oui_Non", "ECO_CUL_AgriEnquete_Oui_Non", "ECO_CUL_AgriEnquete_Oui_Non"], "SIG.REF_TOP_RTS_FilaireVoieAnno": ["Valeur du symbole bool\u00e9en", "Valeur du symbole bool\u00e9en", "Valeur du symbole bool\u00e9en", "Alignement horizontal", "Alignement vertical", "AnnotationStatus"], "SIG.REF_TOP_RTS_ENVELOPPE_NonVal": ["REF_RTS_NOMTYPE_Enveloppe"], "SIG.RES_AEP_Vanne": ["OUI_NON", "RES_AEP_DIAMETRE", "RES_AEP_VANN_EMBOITMNT", "RES_AEP_VANN_ETAT", "RES_AEP_VANN_FONCTION", "RES_AEP_VANN_TYPE_VANN", "RES_EXPLOITANT", "RES_FONCTIONMT", "RES_MOA", "RES_TYPE_ELEM", "RES_TYPE_MAJ", "RES_TYPE_PLAN", "DEPCO"], "SIG.PTL_TOU_ChemLitto_Gestion_l": ["PTL_TOU_CHEMLITTO_ETAT", "PTL_TOU_CHEMLITTO_PATRIMOINE", "PTL_TOU_CHEMLITTO_TRAVAUX", "PTL_TOU_CHEMLITTO_TYPE"], "SIG.RES_EPL_FlecheEcoulement": ["RES_EXPLOITANT", "DEPCO"], "SIG.ESP_NET_ApportVolontaire": ["TXT_OUINON", "ESP_NET_ApportVol_Controle", "ESP_NET_ApportVol_Controle", "ESP_NET_ApportVol_Controle", "ESP_NET_ApportVol_Controle", "ESP_NET_ApportVol_Controle", "ESP_NET_ApportVol_Controle", "ESP_NET_ApportVol_Controle", "ESP_NET_ApportVol_Controle", "ESP_NET_ApportVol_Controle"], "SIG.RES_EPL_DECONNEX_P": ["OUI_NON", "OUI_NON", "OUI_NON", "OUI_NON", "OUI_NON", "OUI_NON", "OUI_NON", "OUI_NON", "OUI_NON", "OUI_NON", "OUI_NON", "OUI_NON", "OUI_NON", "OUI_NON", "OUI_NON", "OUI_NON", "OUI_NON", "OUI_NON", "RES_EPL_DECON_ETAT", "RES_EPL_DECON_ORIENT", "RES_EPL_DECON_PENTE", "RES_EPL_DECON_PERIOD", "RES_EPL_DECON_POSIT", "RES_EPL_DECON_POSIT", "RES_EPL_DECON_POTENTIEL", "RES_EPL_DECON_POTENTIEL", "RES_EPL_DECON_STOCKTYP"], "SIG.RES_EPL_DECONNEX_S": ["OUI_NON", "OUI_NON", "OUI_NON", "OUI_NON", "OUI_NON", "OUI_NON", "OUI_NON", "OUI_NON", "OUI_NON", "OUI_NON", "OUI_NON", "OUI_NON", "OUI_NON", "OUI_NON", "OUI_NON", "OUI_NON", "OUI_NON", "OUI_NON", "RES_EPL_DECON_ETAT", "RES_EPL_DECON_ORIENT", "RES_EPL_DECON_PENTE", "RES_EPL_DECON_PERIOD", "RES_EPL_DECON_POSIT", "RES_EPL_DECON_POSIT", "RES_EPL_DECON_POTENTIEL", "RES_EPL_DECON_POTENTIEL", "RES_EPL_DECON_STOCKTYP"], "SIG.LIM_ADM_CommunesPaysInfos": ["OUI_NON"], "SIG.RES_EPL_CollecteurPonctExploit": ["RES_EPL_PCOL_ANNEE", "RES_EPL_PCOL_ANNEE", "RES_EPL_PCOL_ANNEE", "RES_EPL_PCOL_ANNEE", "RES_EPL_PCOL_ANNEE"], "SIG.RES_EPL_OuvrageEmprise": ["RES_EXPLOITANT", "RES_FONCTIONMT", "RES_MOA", "RES_TYPE_MAJ", "DEPCO"], "SIG.URB_PLU_INFO_LIN": ["INFO_LIN_TYPEINF"], "SIG.REF_CAD_DomaineCompetenceBM": ["REF_CAD_NonCadastre_Competence"], "SIG.URB_PLU_IDG_PRESCRIPTION_PCT": ["PRESCRIPTION_PCT_TYPEPSC"], "SIG.URB_PLU_IDG_INFO_LIN": ["INFO_LIN_TYPEINF"], "SIG.RES_AEP_PointComptage": ["RES_AEP_PTCO_LOCA", "RES_AEP_PTCO_TYPE_PTCO", "RES_EXPLOITANT", "RES_MOA", "DEPCO"], "SIG.RES_EPL_Vanne": ["RES_EPL_VANN_ETAT", "RES_EPL_VANN_FONCTION", "RES_EPL_VANN_TYPE_VANN", "RES_EXPLOITANT", "RES_FONCTIONMT", "RES_MOA", "RES_TYPE_ELEM", "RES_TYPE_MAJ", "RES_TYPE_PLAN", "DEPCO"], "SIG.PTL_TOU_ChemLitto_Gestion_s": ["PTL_TOU_CHEMLITTO_ETAT", "PTL_TOU_CHEMLITTO_PATRIMOINE", "PTL_TOU_CHEMLITTO_TRAVAUX", "PTL_TOU_CHEMLITTO_TYPE"], "SIG.PTL_TOU_ChemLitto_Gestion_p": ["PTL_TOU_CHEMLITTO_ETAT", "PTL_TOU_CHEMLITTO_PATRIMOINE", "PTL_TOU_CHEMLITTO_TRAVAUX", "PTL_TOU_CHEMLITTO_TYPE"], "SIG.RES_NUM_Fibre_Arteres": ["RES_ENTREPRISE", "RES_EXPLOITANT", "RES_MOA", "RES_NUM_FIBRE_ARTERE_CABLE_TYPE_FONC", "RES_NUM_FIBRE_ARTERE_CABLE_TYPE_STRUC", "RES_NUM_FIBRE_DOMANIALITE", "RES_NUM_FIBRE_PH_PROJET", "RES_PRECISION", "RES_TYPE_PLAN", "DEPCO"], "SIG.RES_EU_OuvrageEmprise": ["RES_EXPLOITANT", "RES_FONCTIONMT", "RES_MOA", "RES_TYPE_MAJ", "DEPCO"], "SIG.URB_PLU_PRESCRIPTION_PCT": ["PRESCRIPTION_PCT_TYPEPSC"], "SIG.RES_AEP_PlanRecolement": ["RES_EXPLOITANT", "RES_MOA", "RES_TYPE_MAJ", "RES_TYPE_PLAN", "DEPCO"], "SIG.EVE_NAU_Brest2016ParkingsEntr": ["TXT_OUINON"], "SIG.RES_AEP_InstallEauTraitee": ["RES_AEP_INSTALEAUTRAITEE_TYPE_PROD", "RES_ENTREPRISE", "RES_EXPLOITANT", "RES_FONCTIONMT", "RES_MOA", "RES_TYPE_ELEM", "RES_TYPE_MAJ", "RES_TYPE_PLAN", "DEPCO"], "SIG.RES_EPL_BMO_BV_Ouvrages": ["EPL_BMO_STATUT"], "SIG.DEP_ARR_Circ_Stat_p": ["TYARR_P", "Priorit\u00e9"], "SIG.DEP_ROU_ComptageTrafic_l": ["FLUX_type_infra", "VOIE_CIRCUL", "COMMUNES", "FLUX_ECOULEMENT", "FLUX_ORIG_CPT", "FLUX_Tissu"], "SIG.RES_EPL_DECONNEX_P_2": ["OUI_NON", "OUI_NON", "OUI_NON", "OUI_NON", "OUI_NON", "OUI_NON", "OUI_NON", "OUI_NON", "OUI_NON", "OUI_NON", "OUI_NON", "OUI_NON", "OUI_NON", "OUI_NON", "OUI_NON", "OUI_NON", "OUI_NON", "OUI_NON", "RES_EPL_DECON_ETAT", "RES_EPL_DECON_ORIENT", "RES_EPL_DECON_PENTE", "RES_EPL_DECON_PERIOD", "RES_EPL_DECON_POSIT", "RES_EPL_DECON_POSIT", "RES_EPL_DECON_POTENTIEL", "RES_EPL_DECON_POTENTIEL", "RES_EPL_DECON_STOCKTYP"], "SIG.URB_FON_DossiersUrbaSurf_Pays": ["DEPCO"], "SIG.RES_EPL_Piece": ["RES_EPL_TYPE_PIECE", "RES_EXPLOITANT", "RES_FONCTIONMT", "RES_MOA", "RES_TYPE_ELEM", "RES_TYPE_MAJ", "RES_TYPE_PLAN", "DEPCO"], "SIG.RES_EU_NoeudBase": ["RES_EXPLOITANT", "RES_MOA", "RES_TYPE_ELEM", "RES_TYPE_MAJ", "RES_TYPE_PLAN", "DEPCO"], "SIG.REF_AUT_Signalements": ["REF_AUT_ACTION", "REF_AUT_CONTACT", "REF_AUT_STATUT", "REF_AUT_TYPE"], "SIG.RES_EU_Regard": ["OUI_NON", "RES_EU_EFFLUENT", "RES_EU_MATERIAU", "RES_EU_REGA_DIMENSION", "RES_EU_REGA_OUVERTURE", "RES_EU_REGA_TAMPON", "RES_EU_TYPE", "RES_EU_TYPET", "RES_EXPLOITANT", "RES_FONCTIONMT", "RES_MOA", "RES_TYPE_ELEM", "RES_TYPE_MAJ", "RES_TYPE_PLAN", "DEPCO"], "SIG.RES_AEP_HabillageLineaire": ["RES_EXPLOITANT", "DEPCO"], "SIG.RES_EU_Appareillage": ["RES_EU_APPA_MES_TYPE_APPA", "RES_EXPLOITANT", "RES_FONCTIONMT", "RES_MOA", "RES_TYPE_ELEM", "RES_TYPE_MAJ", "RES_TYPE_PLAN", "DEPCO"], "SIG.EQU_EES_PortageRepas": ["OUI_NON", "OUI_NON", "OUI_NON"], "SIG.REF_TOP_RTS_HABILLAGE_NonVal": ["REF_RTS_NOMTYPE_Habillage"], "SIG.DEP_ARR_CIRC_STAT_PRJ_P": ["Priorit\u00e9"], "SIG.REF_TOP_RTS_FilaireVoie": ["RTS_PRESTATAIRE", "RTS_prestation"], "SIG.HYD_RES_CoursDEau_Veille": ["HYD_RES_coursDEau_type_pb "], "SIG.URB_PLU_IDG_PRESCRIPTION_LIN": ["PRESCRIPTION_LIN_TYPEPSC"], "SIG.ESP_AUT_SignalGEP_Surfaces": ["ESP_AUT_SignalGEP_TYPE"], "SIG.RES_EU_CollecteurPonctuel": ["OUI_NON", "OUI_NON", "OUI_NON", "OUI_NON", "RES_EU_FREQ_MNT", "RES_EU_MATERIAU", "RES_EU_PCOL_FABRICANT", "RES_EU_PCOL_GRILLE_DIM", "RES_EU_PCOL_GRILLE_TYP", "RES_EU_PCOL_RESISTANCE", "RES_EU_PCOL_TYPE_PCOL", "RES_EXPLOITANT", "RES_FONCTIONMT", "RES_MOA", "RES_TYPE_ELEM", "RES_TYPE_MAJ", "RES_TYPE_PLAN", "DEPCO"], "SIG.NAT_HAB_Champi": ["NAT_HAB_Champignons_Esp", "NAT_HAB_Champig_Collecteurs"], "SIG.PTL_TOU_CheminsRando_POI": ["CHEMINS_POI_TYPE"], "SIG.ECO_COM_SIFE_LOTS": ["ECO_COM_SIFE_dispo", "ECO_COM_SIFE_LOTS_VENTE", "ECO_COM_SIFE_LOTS_BAT"], "SIG.RES_NUM_Fibre_Basedoc": ["DEPCO", "RES_ENTREPRISE"], "SIG.URB_PLU_PRESCRIPTION_SURF": ["PRESCRIPTION_SURF_TYPEPSC"], "SIG.RES_EPL_Regard": ["OUI_NON", "RES_EPL_EFFLUENT", "RES_EPL_REGA_DIMENSION", "RES_EPL_REGA_OUVERTURE", "RES_EPL_REGA_TAMPON", "RES_EPL_TYPE", "RES_EPL_TYPET", "RES_EXPLOITANT", "RES_FONCTIONMT", "RES_MOA", "RES_TYPE_ELEM", "RES_TYPE_MAJ", "RES_TYPE_PLAN", "RES_EPL_MATERIAU", "DEPCO"], "SIG.EQU_POI_EquipementsPublics": ["TXT_OUI", "TXT_OUI"], "SIG.RES_EPL_HabillageTexte": ["RES_EXPLOITANT", "DEPCO"], "SIG.PTL_ARC_Americ17_Camps": ["PTL_ARC_Americ_Camps", "PTL_ARC_Americ_Exist"], "SIG.URB_PLU_BMO_PRESCRIPTION_LIN": ["PRESCRIPTION_LIN_TYPEPSC"], "SIG.RES_EPL_HabillageLineaire": ["RES_EXPLOITANT", "DEPCO"], "SIG.RES_EU_Canalisation": ["OUI_NON", "OUI_NON", "OUI_NON", "RES_AEP_CANA_REVET_INT", "RES_ENTREPRISE", "RES_EU_CANA_DIAMETRE", "RES_EU_CANA_FORME", "RES_EU_CANA_JOINTS", "RES_EU_CANA_LOCALISAT", "RES_EU_CANA_MATERIAU", "RES_EU_CANA_PERIODE", "RES_EU_CANA_PRES_NOM", "RES_EU_CANA_RESISTANCE", "RES_EU_CANA_REVET_INT", "RES_EU_CANA_STEP", "RES_EU_ECOULMT", "RES_EU_EFFLUENT", "RES_EU_TYPE", "RES_EU_TYPET", "RES_EXPLOITANT", "RES_FONCTIONMT", "RES_MATER_REHA", "RES_MOA", "RES_PRECISION", "RES_TYPE_MAJ", "RES_TYPE_PLAN", "DEPCO"], "SIG.RES_AEP_Regulation": ["RES_AEP_CODERES", "RES_AEP_REGU_TYPE_REGU", "RES_ENTREPRISE", "RES_EXPLOITANT", "RES_FONCTIONMT", "RES_MOA", "RES_TYPE_ELEM", "RES_TYPE_MAJ", "RES_TYPE_PLAN", "DEPCO"], "SIG.ECO_COM_VacancesCommerciales": ["TXT_OUINON"], "SIG.EVE_NAU_Brest2016Signalements": ["EVE_NAU_SignalType", "EVE_NAU_SignalEtat"], "SIG.RES_EPL_Ouvrage": ["RES_ENTREPRISE", "RES_EPL_EFFLUENT", "RES_EPL_FREQ_MNT", "RES_EXPLOITANT", "RES_FONCTIONMT", "RES_MOA", "RES_TYPE_ELEM", "RES_TYPE_MAJ", "RES_TYPE_PLAN", "RES_EPL_OUVRAGE_NAT_OUVR", "RES_EPL_OUVRAGE_TYPE_OUVR", "DEPCO"], "SIG.URB_PLU_ZONE_URBA": ["PLU_ZONE_TYPEZONE", "PLU_ZONE_DESTDOMI"], "SIG.RES_EPL_CollecteurLineaire": ["OUI_NON", "OUI_NON", "RES_EPL_FABRICANT", "RES_EPL_FREQ_MNT", "RES_EPL_RESISTANCE", "RES_EXPLOITANT", "RES_FONCTIONMT", "RES_MOA", "RES_TYPE_MAJ", "RES_TYPE_PLAN", "RES_EPL_LCOL_TYPE_LCOL", "DEPCO"], "SIG.RES_NUM_Fibre_Affl": ["RES_ENTREPRISE", "RES_EXPLOITANT", "RES_MOA", "RES_NUM_FIBRE_AFFL_LIBELLE", "RES_NUM_FIBRE_AFFL_MODELE_INV", "RES_NUM_FIBRE_AFFL_TYPE_FONC", "RES_NUM_FIBRE_AFFL_TYPE_STRUC", "RES_NUM_FIBRE_DOMANIALITE", "RES_NUM_FIBRE_PH_PROJET", "RES_PRECISION", "RES_TYPE_PLAN", "DEPCO"], "SIG.URB_PLU_BMO_PRESCRIPTION_SURF": ["PRESCRIPTION_SURF_TYPEPSC"], "SIG.PTL_ARC_Americ17_Infra": ["PTL_ARC_Americ_Infra", "PTL_ARC_Americ_Exist"], "SIG.REF_TOP_RTS_SURFACE_NonVal": ["REF_RTS_NOMTYPE_surface"], "SIG.RES_AEP_HabillageTexte": ["RES_EXPLOITANT", "DEPCO"], "SIG.EVE_NAU_Brest2016Deviations": ["EVE_NAU_Deviation"], "SIG.RES_EU_Cotation": ["RES_EXPLOITANT", "DEPCO"], "SIG.ESP_AUT_SignalGEP": ["ESP_AUT_SignalGEP_TYPE", "ESP_AUT_SignalGEP_STATUT", "ESP_AUT_SignalGEP_TERRITOIRE"], "SIG.RES_EU_Piece": ["RES_EU_TYPE_PIECE", "RES_EXPLOITANT", "RES_FONCTIONMT", "RES_MOA", "RES_TYPE_ELEM", "RES_TYPE_MAJ", "RES_TYPE_PLAN", "DEPCO"], "SIG.LIM_ADM_QuartiersNom": ["Valeur du symbole bool\u00e9en", "Valeur du symbole bool\u00e9en", "Valeur du symbole bool\u00e9en", "Alignement horizontal0", "Alignement vertical", "AnnotationStatus"], "SIG.REF_VOI_VoiesLieuxDits": ["REF_VOIE_TYNUM", "REF_VOI_CLASS", "REF_VOI_SIGNA", "REF_VOI_SOURCE_V", "REF_VOI_STATUT", "REF_VOI_TYPRU", "DEROULANT"], "SIG.RES_EU_HabillageLineaire": ["RES_EXPLOITANT", "DEPCO"], "SIG.EVE_NAU_Brest2016_Secours": ["EVE_NAU_B16_SECOURS_TYPE"], "SIG.RES_AEP_NoeudBase": ["RES_EXPLOITANT", "RES_MOA", "RES_TYPE_ELEM", "RES_TYPE_MAJ", "RES_TYPE_PLAN", "DEPCO"], "SIG.RES_EPL_Appareillage": ["RES_EPL_APPA_MES_TYPE_APPA", "RES_EXPLOITANT", "RES_FONCTIONMT", "RES_MOA", "RES_TYPE_ELEM", "RES_TYPE_MAJ", "RES_TYPE_PLAN", "DEPCO"], "SIG.REF_TOP_RTS_LIGNE_NonVal": ["REF_RTS_NOMTYPE_Ligne"], "SIG.ECO_COM_SIFE_z_activites": ["ECO_COM_SIFE_TransCom", "ECO_COM_SIFE_ZA_ASSAI", "ECO_COM_SIFE_ZA_GAZ", "ECO_COM_SIFE_ZA_avt", "ECO_COM_SIFE_domaine", "ECO_COM_SIFE_epci"], "SIG.RES_EPL_CollecteurPonctuel": ["OUI_NON", "OUI_NON", "OUI_NON", "OUI_NON", "RES_EPL_Collect_Moyen", "RES_EPL_FABRICANT", "RES_EPL_FREQ_MNT", "RES_EPL_PCOL_GRILLE_DIM", "RES_EPL_PCOL_GRILLE_TYP", "RES_EPL_PCOL_TYPE_PCOL", "RES_EPL_RESISTANCE", "RES_EXPLOITANT", "RES_FONCTIONMT", "RES_MOA", "RES_TYPE_ELEM", "RES_TYPE_MAJ", "RES_TYPE_PLAN", "RES_EPL_MATERIAU", "DEPCO"], "SIG.RES_AEP_OuvrageEmprise": ["RES_EXPLOITANT", "RES_FONCTIONMT", "RES_MOA", "RES_TYPE_MAJ", "DEPCO"], "SIG.RES_AEP_Reservoir": ["RES_AEP_CODERES", "RES_AEP_RESE_CLASS", "RES_AEP_RESE_NBCUVE", "RES_AEP_RESE_TYPE_RESE", "RES_ENTREPRISE", "RES_EXPLOITANT", "RES_FONCTIONMT", "RES_MOA", "RES_TYPE_ELEM", "RES_TYPE_MAJ", "RES_TYPE_PLAN", "DEPCO"], "SIG.REF_TOP_RTS_Signal_l": ["ESP_AUT_SignalGEP_TYPE", "RTS_PRESTATAIRE"], "SIG.EVE_NAU_Brest2016Parkings": ["TXT_OUINON", "EVE_NAU_ParkingsType"], "SIG.URB_PLU_PRESCRIPTION_LIN": ["PRESCRIPTION_LIN_TYPEPSC"], "SIG.REF_TOP_RTS_Signal_p": ["RTS_PRESTATAIRE", "RTS_ECHANGE_STATUT"], "SIG.RES_EPL_BMO_PassageCamera": ["EPL_BMO_CADRE_INSPECTION", "EPL_BMO_COMMUNE", "EPL_BMO_FONCTIONNEMENT_RESEAU", "EPL_BMO_MISE A JOUR NECESSAIRE", "EPL_BMO_PRESENCE DEFAUTS MAJEURS", "EPL_BMO_QUARTIERS_BREST"], "SIG.URB_PLU_IDG_INFO_PCT": ["INFO_PCT_TYPEINF"], "SIG.REF_TOP_RTS_Signal_s": ["ESP_AUT_SignalGEP_TYPE", "RTS_PRESTATAIRE"], "SIG.BAT_IMM_BatimentsMunicipaux": ["famille", "sous-famille"], "SIG.URB_PLU_BMO_PRESCRIPTION_PCT": ["PRESCRIPTION_PCT_TYPEPSC"], "SIG.EQU_POI_HistoriqueMAJ": ["LIM_ADM_QuartiersElusBrest", "EQU_POI_CLASSE", "EQU_POI_SSCLASSE", "EQU_POI_THEMATIQUE"], "SIG.ECO_CUL_AgriEnquete2017_parc": ["ECO_CUL_AgriEnquete_Oui_Non"], "SIG.LIM_ADM_QuartiersNom1": ["Valeur du symbole bool\u00e9en", "Valeur du symbole bool\u00e9en", "Valeur du symbole bool\u00e9en", "Alignement horizontal0", "Alignement vertical", "AnnotationStatus"], "SIG.RES_AEP_Appareillage": ["RES_AEP_APPA_TYPE_APPA", "RES_EXPLOITANT", "RES_FONCTIONMT", "RES_MOA", "RES_TYPE_ELEM", "RES_TYPE_MAJ", "RES_TYPE_PLAN", "DEPCO"], "SIG.NAT_HAB_PechePied_ComptHabitat": ["DENSITE_HERBIER", "FRAGMENT_HERBIER"], "SIG.HYD_MES_PtsPollution": ["Pollution_AUTEUR_POINT", "Pollution_AUTEUR_POINT", "Pollution_BV_SECTEUR", "Pollution_ENJEUX", "Pollution_ETAT", "Pollution_LOCALISATION", "Pollution_ORIGINE"], "SIG.RES_EPL_Canalisation": ["OUI_NON", "OUI_NON", "OUI_NON", "RES_ENTREPRISE", "RES_EPL_CANA_DIAMETRE", "RES_EPL_CANA_FORME", "RES_EPL_CANA_JOINTS", "RES_EPL_CANA_LOCALISAT", "RES_EPL_CANA_MATERIAU", "RES_EPL_CANA_PERIODE", "RES_EPL_CANA_PRES_NOM", "RES_EPL_CANA_RESISTANCE", "RES_EPL_CANA_REVET_EXT", "RES_EPL_CANA_REVET_INT", "RES_EPL_CANA_STEP", "RES_EPL_ECOULMT", "RES_EPL_EFFLUENT", "RES_EPL_TYPE", "RES_EPL_TYPET", "RES_EXPLOITANT", "RES_FONCTIONMT", "RES_MATER_REHA", "RES_MOA", "RES_PRECISION", "RES_TYPE_MAJ", "RES_TYPE_PLAN", "DEPCO"], "SIG.URB_FON_DossiersUrbaPoint_Pays": ["DEPCO"], "SIG.URB_PLU_BatiAgri": ["OUI_NON_1", "URB_PLU_BatAgri_Situation", "URB_PLU_BatAgri_Type", "URB_PLU_BatAgri_Valeur"], "SIG.PTL_ARC_Americ1917_l": ["PTL_ARC_Americ_TypeL", "PTL_ARC_Americ_Exist"], "SIG.RES_EPL_PointBranchement": ["OUI_NON", "RES_EPL_EFFLUENT", "RES_EPL_PTBR_TYPE_PTBR", "RES_EXPLOITANT", "RES_FONCTIONMT", "RES_MOA", "RES_TYPE_ELEM", "RES_TYPE_MAJ", "RES_TYPE_PLAN", "RES_EPL_MATERIAU", "DEPCO"]}