{"RES_EPL_FABRICANT": ["SIG.RES_EPL_CollecteurPonctuel", "SIG.RES_EPL_CollecteurLineaire"], "EVE_NAU_B16_SECOURS_TYPE": ["SIG.EVE_NAU_Brest2016_Secours"], "REF_RTS_NOMTYPE_Habillage": ["SIG.REF_TOP_RTS_HABILLAGE_NonVal"], "NAT_AUT_Collecteurs": ["SIG.NAT_AUT_PlantesInvasives"], "RES_EU_TYPE": ["SIG.RES_EU_Canalisation", "SIG.RES_EU_Regard"], "RLP_SUPPORT_DETAIL": ["SIG.ESP_OCC_DispoPub"], "RES_EPL_VANN_TYPE_VANN": ["SIG.RES_EPL_Vanne"], "REF_AUT_CONTACT": ["SIG.REF_AUT_Signalements"], "RES_EU_REGA_TAMPON": ["SIG.RES_EU_Regard"], "ZONE_URBA_TYPE": ["SIG.URB_FON_SitesMutables_Pays"], "RES_NUM_FIBRE_AFFL_LIBELLE": ["SIG.RES_NUM_Fibre_Affl"], "RES_NUM_FIBRE_DOMANIALITE": ["SIG.RES_NUM_Fibre_Arteres", "SIG.RES_NUM_Fibre_Affl"], "RES_NUM_FIBRE_AFFL_MODELE_INV": ["SIG.RES_NUM_Fibre_Affl"], "RES_EPL_Collect_Moyen": ["SIG.RES_EPL_CollecteurPonctuel"], "RES_AEP_INCE_TYPE_CONTR": ["SIG.RES_AEP_PoteauIncendie"], "RES_EPL_OUVRAGE_NAT_OUVR": ["SIG.RES_EPL_Ouvrage"], "ESP_NET_ApportVolontaire_MAT": ["SIG.ESP_NET_ApportVolColonne"], "famille": ["SIG.BAT_IMM_BatiMuni_Entretien", "SIG.BAT_IMM_BatimentsMunicipaux"], "RES_AEP_COMP_TECHNO": ["SIG.RES_AEP_Compteur"], "PLU_DOC_ETAT": ["SIG.URB_PLU_IDG_DOCUMENT_URBA"], "EPL_BMO_ACCES_OUVRAGE": ["SIG.RES_EPL_BMO_OuvrageEmprise"], "EPL_BMO_FUTUREGESTIONBM": ["SIG.RES_EPL_BMO_OuvrageEmprise"], "RES_EPL_REGA_TAMPON": ["SIG.RES_EPL_Regard"], "RES_AEP_PTCO_TYPE_PTCO": ["SIG.RES_AEP_PointComptage"], "CHEMINS_PRECISION": ["SIG.PTL_TOU_CheminsRando"], "HYD_RES_coursDEau_type_pb ": ["SIG.HYD_RES_CoursDEau_Veille"], "RLP_LEGAL_RLP": ["SIG.ESP_OCC_DispoPub"], "Etendue": ["SIG.DEP_ARR_circ_stat"], "CHEMINS_ITINERAIRE": ["SIG.PTL_TOU_CheminsRando"], "RES_AEP_VANN_FONCTION": ["SIG.RES_AEP_Vanne"], "ESP_OCC_TERRASSE_DT_OCC": ["SIG.ECO_COM_TERRASSE", "SIG.ESP_OCC_TERRASSE"], "ESP_NET_ApportVolontaire_DEMI_LUNE": ["SIG.ESP_NET_ApportVolColonne"], "RES_EPL_REGA_OUVERTURE": ["SIG.RES_EPL_Regard"], "RES_EPL_CANA_LOCALISAT": ["SIG.RES_EPL_CanaRestit1609", "SIG.RES_EPL_Canalisation"], "ESP_OCC_TYPE_TERRASSE": ["SIG.ECO_COM_TERRASSE", "SIG.ECO_COM_TERRASSE", "SIG.ESP_OCC_TERRASSE", "SIG.ESP_OCC_TERRASSE"], "RES_AEP_RESE_NBCUVE": ["SIG.RES_AEP_Reservoir"], "EPL_BMO_DLSE": ["SIG.RES_EPL_BMO_OuvrageEmprise"], "URB_PLU_BatAgri_Type": ["SIG.URB_PLU_BatiAgri"], "EPL_BMO_ORIGINE": ["SIG.RES_EPL_BMO_OuvrageEmprise"], "NAT_AUT_Plantes_invasives": ["SIG.NAT_AUT_PlantesInvasives"], "EPL_BMO_PROPRIETE": ["SIG.RES_EPL_BMO_OuvrageEmprise"], "PRESCRIPTION_PCT_TYPEPSC": ["SIG.URB_PLU_IDG_PRESCRIPTION_PCT", "SIG.URB_PLU_BMO_PRESCRIPTION_PCT", "SIG.URB_PLU_PRESCRIPTION_PCT"], "RES_TYPE_MAJ": ["SIG.RES_AEP_Appareillage", "SIG.RES_AEP_NoeudBase", "SIG.RES_AEP_OuvrageEmprise", "SIG.RES_AEP_Reservoir", "SIG.RES_EU_CollecteurPonctuel", "SIG.RES_EU_Piece", "SIG.RES_EU_Vanne", "SIG.RES_EU_PointBranchement", "SIG.RES_EPL_Piece", "SIG.RES_AEP_Piece", "SIG.RES_EPL_PointBranchement", "SIG.RES_AEP_Canalisation", "SIG.RES_EPL_CollecteurLineaire", "SIG.RES_EU_Ouvrage", "SIG.RES_AEP_PoteauIncendie", "SIG.RES_EPL_OuvrageEmprise", "SIG.RES_NUM_Fibre_PlanRecol", "SIG.RES_AEP_InstallEauTraitee", "SIG.RES_EPL_Vanne", "SIG.RES_EU_OuvrageEmprise", "SIG.RES_EPL_CanaRestit1609", "SIG.RES_EPL_CollecteurPonctuel", "SIG.RES_EPL_NoeudBase", "SIG.RES_EU_Canalisation", "SIG.RES_AEP_InstallEauBrute", "SIG.RES_EU_PlanRecolement", "SIG.RES_AEP_Vanne", "SIG.RES_AEP_PlanRecolement", "SIG.RES_EPL_Canalisation", "SIG.RES_EPL_Appareillage", "SIG.RES_EU_Appareillage", "SIG.RES_EPL_Ouvrage", "SIG.RES_AEP_Regulation", "SIG.RES_EU_NoeudBase", "SIG.RES_EPL_PlanRecolement", "SIG.RES_EU_Regard", "SIG.RES_EPL_Regard", "SIG.RES_AEP_Fontainerie", "SIG.RES_AEP_Compteur"], "CHEMINS_SSCATEGORIE": ["SIG.PTL_TOU_CheminsRando"], "EPL_BMO_RECOLEMENT": ["SIG.RES_EPL_BMO_OuvrageEmprise"], "EPL_BMO_TYPE_MO": ["SIG.RES_EPL_BMO_OuvrageEmprise"], "RLP_ZONAGE_RLP": ["SIG.ESP_OCC_DispoPub"], "EVE_NAU_Brest2016POI_SSCLASSE": ["SIG.EVE_NAU_Brest2016POI"], "RES_EPL_EFFLUENT": ["SIG.RES_EPL_CanaRestit1609", "SIG.RES_EPL_Canalisation", "SIG.RES_EPL_Ouvrage", "SIG.RES_EPL_Regard", "SIG.RES_EPL_PointBranchement"], "RES_AEP_INSTALEAUTRAITEE_TYPE_PROD": ["SIG.RES_AEP_InstallEauTraitee"], "RES_EPL_DECON_PERIOD": ["SIG.RES_EPL_DECONNEX_P_2", "SIG.RES_EPL_DECONNEX_S2", "SIG.RES_EPL_DECONNEX_P", "SIG.RES_EPL_DECONNEX_S"], "RES_EPL_DECON_ETAT": ["SIG.RES_EPL_DECONNEX_P_2", "SIG.RES_EPL_DECONNEX_S2", "SIG.RES_EPL_DECONNEX_P", "SIG.RES_EPL_DECONNEX_S"], "RES_AEP_INCE_PERIOD": ["SIG.RES_AEP_PoteauIncendie", "SIG.RES_AEP_PoteauIncendie"], "RES_EU_FREQ_MNT": ["SIG.RES_EU_CollecteurPonctuel", "SIG.RES_EU_Ouvrage"], "PTL_TOU_CHEMLITTO_TRAVAUX": ["SIG.PTL_TOU_ChemLitto_Gestion_l", "SIG.PTL_TOU_ChemLitto_Gestion_s", "SIG.PTL_TOU_ChemLitto_Gestion_p"], "EVE_NAU_SignalType": ["SIG.EVE_NAU_Brest2016Signalements"], "RLP_SUPPORT": ["SIG.ESP_OCC_DispoPub"], "EPL_BMO_FONCTIONNEMENT_RESEAU": ["SIG.RES_EPL_BMO_PassageCamera"], "RES_AEP_CANA_TYPE_CANA": ["SIG.RES_AEP_Canalisation"], "RES_AEP_INCE_MARQUE": ["SIG.RES_AEP_PoteauIncendie"], "RES_EPL_CANA_DIAMETRE": ["SIG.RES_EPL_CanaRestit1609", "SIG.RES_EPL_Canalisation"], "EQU_POI_CLASSE": ["SIG.EQU_POI_HistoriqueMAJ"], "ESP_NET_ApportVolontaire_PLATEFORME": ["SIG.ESP_NET_ApportVolColonne"], "REF_VOI_SIGNA": ["SIG.REF_VOI_VoiesLieuxDits", "SIG.REF_VOI_Adresses"], "RES_AEP_REGU_TYPE_REGU": ["SIG.RES_AEP_Regulation"], "ESP_NET_ApportVolontaire_AIMANT": ["SIG.ESP_NET_ApportVolColonne"], "NAT_AUT_MILIEUX": ["SIG.NAT_AUT_PlantesInvasives"], "RES_AEP_APPA_TYPE_APPA": ["SIG.RES_AEP_Appareillage"], "RES_EU_CANA_PERIODE": ["SIG.RES_EU_Canalisation"], "CHEMINS_POI_TYPE": ["SIG.PTL_TOU_CheminsRando_POI"], "RES_AEP_INCE_DIAMETRE": ["SIG.RES_AEP_PoteauIncendie"], "REF_VOI_SOURCE_V": ["SIG.REF_VOI_VoiesLieuxDits"], "ESP_NET_ApportVolontaire_CAPOT": ["SIG.ESP_NET_ApportVolColonne"], "ESP_NET_ApportVolontaire_TAMBOUR": ["SIG.ESP_NET_ApportVolColonne"], "Priorit\u00e9": ["SIG.DEP_ARR_Circ_Stat_p", "SIG.DEP_ARR_CIRC_STAT_PRJ_P"], "RES_EPL_PCOL_TYPE_PCOL": ["SIG.RES_EPL_CollecteurPonctuel"], "RES_EU_PCOL_FABRICANT": ["SIG.RES_EU_CollecteurPonctuel"], "EQU_POI_STATUT_GESTIONNAIRE": ["SIG.EQU_POI_ServicesEquipements"], "RLP_TYPE": ["SIG.ESP_OCC_DispoPub"], "ECO_COM_SIFE_LOTS_VENTE": ["SIG.ECO_COM_SIFE_LOTS"], "EPL_BMO_SURVERSE_SURFACE": ["SIG.RES_EPL_BMO_OuvrageEmprise"], "ESP_AUT_SignalGEP_TYPE": ["SIG.REF_TOP_RTS_Signal_s", "SIG.ESP_AUT_SignalGEP_lignes", "SIG.REF_TOP_RTS_Signal_l", "SIG.ESP_AUT_SignalGEP_Surfaces", "SIG.ESP_AUT_SignalGEP"], "INFO_PCT_TYPEINF": ["SIG.URB_PLU_BMO_INFO_PCT", "SIG.URB_PLU_INFO_PCT", "SIG.URB_PLU_IDG_INFO_PCT"], "RTS_PRESTATAIRE": ["SIG.REF_TOP_RTS_Signal_p", "SIG.REF_TOP_RTS_Signal_l", "SIG.REF_TOP_RTS_FilaireVoie", "SIG.REF_TOP_RTS_Signal_s"], "RES_EPL_CANA_JOINTS": ["SIG.RES_EPL_CanaRestit1609", "SIG.RES_EPL_Canalisation"], "RES_AEP_CANA_TYPET": ["SIG.RES_AEP_Canalisation"], "EVE_PTL_EauxBaignade_Qualite": ["SIG.HYD_MES_PointsPrelev_Plages"], "PTL_ARC_Americ_TypeL": ["SIG.PTL_ARC_Americ1917_l"], "NAT_HAB_Champignons_Esp": ["SIG.NAT_HAB_Champi"], "RES_EPL_TYPE": ["SIG.RES_EPL_CanaRestit1609", "SIG.RES_EPL_Canalisation", "SIG.RES_EPL_Regard"], "REF_AUT_TYPE": ["SIG.REF_AUT_Signalements"], "RES_AEP_CANA_REVET_INT": ["SIG.RES_EU_Canalisation", "SIG.RES_AEP_Canalisation"], "RES_EXPLOITANT": ["SIG.RES_AEP_Appareillage", "SIG.RES_AEP_HabillageLineaire", "SIG.RES_AEP_HabillageTexte", "SIG.RES_AEP_NoeudBase", "SIG.RES_AEP_OuvrageEmprise", "SIG.RES_AEP_Reservoir", "SIG.RES_EPL_Cotation", "SIG.RES_EPL_FlecheEcoulement", "SIG.RES_EU_CollecteurPonctuel", "SIG.RES_EU_Cotation", "SIG.RES_EU_FlecheEcoulement", "SIG.RES_EU_Piece", "SIG.RES_EU_Vanne", "SIG.RES_NUM_Fibre_Arteres", "SIG.RES_EU_PointBranchement", "SIG.RES_EPL_Piece", "SIG.RES_AEP_Piece", "SIG.RES_EU_HabillageTexte", "SIG.RES_EPL_PointBranchement", "SIG.RES_AEP_Canalisation", "SIG.RES_EPL_CollecteurLineaire", "SIG.RES_EU_Ouvrage", "SIG.RES_NUM_Fibre_Affl", "SIG.RES_AEP_PoteauIncendie", "SIG.RES_EPL_OuvrageEmprise", "SIG.RES_NUM_Fibre_PlanRecol", "SIG.RES_AEP_InstallEauTraitee", "SIG.RES_EPL_Vanne", "SIG.RES_EU_OuvrageEmprise", "SIG.RES_EPL_CanaRestit1609", "SIG.RES_EPL_CollecteurPonctuel", "SIG.RES_EPL_NoeudBase", "SIG.RES_AEP_Cotation", "SIG.RES_AEP_FlecheEcoulement", "SIG.RES_EU_HabillageLineaire", "SIG.RES_EU_Canalisation", "SIG.RES_AEP_InstallEauBrute", "SIG.RES_EU_PlanRecolement", "SIG.RES_AEP_Vanne", "SIG.RES_AEP_PlanRecolement", "SIG.RES_EPL_Canalisation", "SIG.RES_EPL_HabillageLineaire", "SIG.RES_AEP_PointComptage", "SIG.RES_EPL_Appareillage", "SIG.RES_EU_Appareillage", "SIG.RES_EPL_HabillageTexte", "SIG.RES_EPL_Ouvrage", "SIG.RES_AEP_Regulation", "SIG.RES_EU_NoeudBase", "SIG.RES_EPL_PlanRecolement", "SIG.RES_EU_Regard", "SIG.RES_EPL_Regard", "SIG.RES_AEP_Fontainerie", "SIG.RES_AEP_Compteur"], "CHEMINS_CATEGORIE": ["SIG.PTL_TOU_CheminsRando"], "RES_EPL_CANA_PERIODE": ["SIG.RES_EPL_CanaRestit1609", "SIG.RES_EPL_Canalisation"], "RES_EPL_CANA_REVET_EXT": ["SIG.RES_EPL_CanaRestit1609", "SIG.RES_EPL_Canalisation"], "Source": ["SIG.DEP_ARR_circ_stat"], "EVE_NAU_Deviation": ["SIG.EVE_NAU_Brest2016Deviations"], "PLU_DOC_TYPEREF": ["SIG.URB_PLU_IDG_DOCUMENT_URBA"], "EPL_BMO_ENTRETIEN": ["SIG.RES_EPL_BMO_OuvrageEmprise"], "RES_EPL_ECOULMT": ["SIG.RES_EPL_CanaRestit1609", "SIG.RES_EPL_Canalisation"], "PTL_ARC_Americ_TypeS": ["SIG.PTL_ARC_Americ1917"], "RLP_LEGAL_RNP": ["SIG.ESP_OCC_DispoPub"], "RES_EU_CANA_RESISTANCE": ["SIG.RES_EU_Canalisation"], "URB_PLU_BatAgri_Situation": ["SIG.URB_PLU_BatiAgri"], "RES_EPL_DECON_POSIT": ["SIG.RES_EPL_DECONNEX_P_2", "SIG.RES_EPL_DECONNEX_P_2", "SIG.RES_EPL_DECONNEX_S2", "SIG.RES_EPL_DECONNEX_S2", "SIG.RES_EPL_DECONNEX_P", "SIG.RES_EPL_DECONNEX_P", "SIG.RES_EPL_DECONNEX_S", "SIG.RES_EPL_DECONNEX_S"], "RES_AEP_CANA_MATERIAU": ["SIG.RES_AEP_Canalisation"], "RES_AEP_PTCO_LOCA": ["SIG.RES_AEP_PointComptage"], "RES_EPL_MATERIAU": ["SIG.RES_EPL_CollecteurPonctuel", "SIG.RES_EPL_Regard", "SIG.RES_EPL_PointBranchement"], "RES_EU_TYPET": ["SIG.RES_EU_Canalisation", "SIG.RES_EU_Regard"], "COMMUNES": ["SIG.NAT_AUT_PlantesInvasives", "SIG.DEP_ROU_ComptageTrafic_l"], "OUI_NON": ["SIG.HYD_MES_PointsPrelev_Plages", "SIG.HYD_MES_PointsPrelev_Plages", "SIG.HYD_MES_PointsPrelev_Plages", "SIG.RES_EU_CollecteurPonctuel", "SIG.RES_EU_CollecteurPonctuel", "SIG.RES_EU_CollecteurPonctuel", "SIG.RES_EU_CollecteurPonctuel", "SIG.RES_EU_PointBranchement", "SIG.LIM_ADM_CommunesPaysInfos", "SIG.RES_EPL_PointBranchement", "SIG.RES_AEP_Canalisation", "SIG.RES_AEP_Canalisation", "SIG.RES_AEP_Canalisation", "SIG.RES_EPL_CollecteurLineaire", "SIG.RES_EPL_CollecteurLineaire", "SIG.RES_AEP_PoteauIncendie", "SIG.RES_EPL_CanaRestit1609", "SIG.RES_EPL_CanaRestit1609", "SIG.RES_EPL_CanaRestit1609", "SIG.RES_EPL_CollecteurPonctuel", "SIG.RES_EPL_CollecteurPonctuel", "SIG.RES_EPL_CollecteurPonctuel", "SIG.RES_EPL_CollecteurPonctuel", "SIG.RES_EPL_DECONNEX_P_2", "SIG.RES_EPL_DECONNEX_P_2", "SIG.RES_EPL_DECONNEX_P_2", "SIG.RES_EPL_DECONNEX_P_2", "SIG.RES_EPL_DECONNEX_P_2", "SIG.RES_EPL_DECONNEX_P_2", "SIG.RES_EPL_DECONNEX_P_2", "SIG.RES_EPL_DECONNEX_P_2", "SIG.RES_EPL_DECONNEX_P_2", "SIG.RES_EPL_DECONNEX_P_2", "SIG.RES_EPL_DECONNEX_P_2", "SIG.RES_EPL_DECONNEX_P_2", "SIG.RES_EPL_DECONNEX_P_2", "SIG.RES_EPL_DECONNEX_P_2", "SIG.RES_EPL_DECONNEX_P_2", "SIG.RES_EPL_DECONNEX_P_2", "SIG.RES_EPL_DECONNEX_P_2", "SIG.RES_EPL_DECONNEX_P_2", "SIG.RES_EU_Canalisation", "SIG.RES_EU_Canalisation", "SIG.RES_EU_Canalisation", "SIG.RES_EPL_DECONNEX_S2", "SIG.RES_EPL_DECONNEX_S2", "SIG.RES_EPL_DECONNEX_S2", "SIG.RES_EPL_DECONNEX_S2", "SIG.RES_EPL_DECONNEX_S2", "SIG.RES_EPL_DECONNEX_S2", "SIG.RES_EPL_DECONNEX_S2", "SIG.RES_EPL_DECONNEX_S2", "SIG.RES_EPL_DECONNEX_S2", "SIG.RES_EPL_DECONNEX_S2", "SIG.RES_EPL_DECONNEX_S2", "SIG.RES_EPL_DECONNEX_S2", "SIG.RES_EPL_DECONNEX_S2", "SIG.RES_EPL_DECONNEX_S2", "SIG.RES_EPL_DECONNEX_S2", "SIG.RES_EPL_DECONNEX_S2", "SIG.RES_EPL_DECONNEX_S2", "SIG.RES_EPL_DECONNEX_S2", "SIG.RES_AEP_Vanne", "SIG.RES_EPL_DECONNEX_P", "SIG.RES_EPL_DECONNEX_P", "SIG.RES_EPL_DECONNEX_P", "SIG.RES_EPL_DECONNEX_P", "SIG.RES_EPL_DECONNEX_P", "SIG.RES_EPL_DECONNEX_P", "SIG.RES_EPL_DECONNEX_P", "SIG.RES_EPL_DECONNEX_P", "SIG.RES_EPL_DECONNEX_P", "SIG.RES_EPL_DECONNEX_P", "SIG.RES_EPL_DECONNEX_P", "SIG.RES_EPL_DECONNEX_P", "SIG.RES_EPL_DECONNEX_P", "SIG.RES_EPL_DECONNEX_P", "SIG.RES_EPL_DECONNEX_P", "SIG.RES_EPL_DECONNEX_P", "SIG.RES_EPL_DECONNEX_P", "SIG.RES_EPL_DECONNEX_P", "SIG.RES_EPL_DECONNEX_S", "SIG.RES_EPL_DECONNEX_S", "SIG.RES_EPL_DECONNEX_S", "SIG.RES_EPL_DECONNEX_S", "SIG.RES_EPL_DECONNEX_S", "SIG.RES_EPL_DECONNEX_S", "SIG.RES_EPL_DECONNEX_S", "SIG.RES_EPL_DECONNEX_S", "SIG.RES_EPL_DECONNEX_S", "SIG.RES_EPL_DECONNEX_S", "SIG.RES_EPL_DECONNEX_S", "SIG.RES_EPL_DECONNEX_S", "SIG.RES_EPL_DECONNEX_S", "SIG.RES_EPL_DECONNEX_S", "SIG.RES_EPL_DECONNEX_S", "SIG.RES_EPL_DECONNEX_S", "SIG.RES_EPL_DECONNEX_S", "SIG.RES_EPL_DECONNEX_S", "SIG.EVE_PTL_JourneesPatrimSites", "SIG.RES_EPL_Canalisation", "SIG.RES_EPL_Canalisation", "SIG.RES_EPL_Canalisation", "SIG.EQU_EES_PortageRepas", "SIG.EQU_EES_PortageRepas", "SIG.EQU_EES_PortageRepas", "SIG.RES_EU_Regard", "SIG.RES_EPL_Regard", "SIG.RES_AEP_Compteur"], "RES_EU_CANA_LOCALISAT": ["SIG.RES_EU_Canalisation"], "ECO_COM_SIFE_epci": ["SIG.ECO_COM_SIFE_z_activites"], "PTL_TOU_CHEMLITTO_PATRIMOINE": ["SIG.PTL_TOU_ChemLitto_Gestion_l", "SIG.PTL_TOU_ChemLitto_Gestion_s", "SIG.PTL_TOU_ChemLitto_Gestion_p"], "EPL_BMO_QUARTIERS_BREST": ["SIG.RES_EPL_BMO_PassageCamera"], "EPL_BMO_MISE A JOUR NECESSAIRE": ["SIG.RES_EPL_BMO_PassageCamera"], "REF_CAD_NonCadastre_Competence": ["SIG.REF_CAD_DomaineCompetenceBM"], "FLUX_Tissu": ["SIG.DEP_ROU_ComptageTrafic_l"], "ESP_AUT_SignalGEP_STATUT": ["SIG.ESP_AUT_SignalGEP"], "RES_EU_APPA_MES_TYPE_APPA": ["SIG.RES_EU_Appareillage"], "ESP_NET_ApportVolontaire_BOITIER": ["SIG.ESP_NET_ApportVolColonne"], "RES_EU_VANN_FONCTION": ["SIG.RES_EU_Vanne"], "ESP_NET_ApportVolontaire_CABLES": ["SIG.ESP_NET_ApportVolColonne"], "RES_AEP_COMP_MODELE": ["SIG.RES_AEP_Compteur"], "RES_EU_PCOL_GRILLE_TYP": ["SIG.RES_EU_CollecteurPonctuel"], "ESP_NET_ApportVolontaire_SERRURE": ["SIG.ESP_NET_ApportVolColonne"], "RES_AEP_FONT_TYPE_FONT": ["SIG.RES_AEP_Fontainerie"], "Pollution_ORIGINE": ["SIG.HYD_MES_PtsPollution"], "TXT_OUI": ["SIG.EQU_POI_EquipementsPublics", "SIG.EQU_POI_EquipementsPublics"], "RES_NUM_FIBRE_AFFL_TYPE_STRUC": ["SIG.RES_NUM_Fibre_Affl"], "REF_VOI_SOURCE": ["SIG.REF_VOI_Adresses"], "RES_EU_CANA_REVET_INT": ["SIG.RES_EU_Canalisation"], "ESP_NET_ApportVolontaire_SERVICE": ["SIG.ESP_NET_ApportVolColonne"], "RES_EU_EFFLUENT": ["SIG.RES_EU_Canalisation", "SIG.RES_EU_Regard", "SIG.RES_EU_PointBranchement", "SIG.RES_EU_Ouvrage"], "RES_EU_ECOULMT": ["SIG.RES_EU_Canalisation"], "RES_EU_VANN_ETAT": ["SIG.RES_EU_Vanne"], "EPL_BMO_CADRE_INSPECTION": ["SIG.RES_EPL_BMO_PassageCamera"], "ECO_COM_SIFE_LOTS_BAT": ["SIG.ECO_COM_SIFE_LOTS"], "RTS_prestation": ["SIG.REF_TOP_RTS_FilaireVoie"], "RES_EPL_DECON_STOCKTYP": ["SIG.RES_EPL_DECONNEX_P_2", "SIG.RES_EPL_DECONNEX_S2", "SIG.RES_EPL_DECONNEX_P", "SIG.RES_EPL_DECONNEX_S"], "RES_PRECISION": ["SIG.RES_NUM_Fibre_Arteres", "SIG.RES_AEP_Canalisation", "SIG.RES_NUM_Fibre_Affl", "SIG.RES_EPL_CanaRestit1609", "SIG.RES_EU_Canalisation", "SIG.RES_EPL_Canalisation"], "RES_EU_PCOL_RESISTANCE": ["SIG.RES_EU_CollecteurPonctuel"], "TXT_PrivePublic": ["SIG.ESP_NET_ApportVolontaire_Pays"], "RES_AEP_INCE_MODELE": ["SIG.RES_AEP_PoteauIncendie"], "RES_EPL_OUVRAGE_TYPE_OUVR": ["SIG.RES_EPL_Ouvrage"], "RES_AEP_INCE_TYPE_INCE": ["SIG.RES_AEP_PoteauIncendie"], "PRESCRIPTION_LIN_TYPEPSC": ["SIG.URB_PLU_IDG_PRESCRIPTION_LIN", "SIG.URB_PLU_BMO_PRESCRIPTION_LIN", "SIG.URB_PLU_PRESCRIPTION_LIN"], "REF_VOI_CLASS": ["SIG.REF_VOI_VoiesLieuxDits"], "RES_NUM_FIBRE_ARTERE_CABLE_TYPE_STRUC": ["SIG.RES_NUM_Fibre_Arteres"], "ECO_COM_SIFE_domaine": ["SIG.ECO_COM_SIFE_z_activites"], "ECO_COM_SIFE_ZA_ASSAI": ["SIG.ECO_COM_SIFE_z_activites"], "sous-famille": ["SIG.BAT_IMM_BatiMuni_Entretien", "SIG.BAT_IMM_BatimentsMunicipaux"], "ESP_NET_ApportVolontaire_SIGNAL": ["SIG.ESP_NET_ApportVolColonne"], "RES_AEP_CANA_PERIODE": ["SIG.RES_AEP_Canalisation"], "RES_EPL_PCOL_ETAT": ["SIG.RES_EPL_CollecteurPonctuelEtat"], "CODETYPE": ["SIG.URB_FON_SitesMutables_Pays"], "ESP_NET_ApportVolontaire_BOUTON": ["SIG.ESP_NET_ApportVolColonne"], "RES_AEP_PIECE_TYPE_PIRA": ["SIG.RES_AEP_Piece"], "PRESCRIPTION_SURF_TYPEPSC": ["SIG.URB_PLU_PRESCRIPTION_SURF", "SIG.URB_PLU_IDG_PRESCRIPTION_SURF", "SIG.URB_PLU_BMO_PRESCRIPTION_SURF"], "RES_AEP_CANA_PRES_NOM": ["SIG.RES_AEP_Canalisation"], "Pollution_LOCALISATION": ["SIG.HYD_MES_PtsPollution"], "RES_TYPE_ELEM": ["SIG.RES_AEP_Appareillage", "SIG.RES_AEP_NoeudBase", "SIG.RES_AEP_Reservoir", "SIG.RES_EU_CollecteurPonctuel", "SIG.RES_EU_Piece", "SIG.RES_EU_Vanne", "SIG.RES_EU_PointBranchement", "SIG.RES_EPL_Piece", "SIG.RES_AEP_Piece", "SIG.RES_EPL_PointBranchement", "SIG.RES_EU_Ouvrage", "SIG.RES_AEP_PoteauIncendie", "SIG.RES_AEP_InstallEauTraitee", "SIG.RES_EPL_Vanne", "SIG.RES_EPL_CollecteurPonctuel", "SIG.RES_EPL_NoeudBase", "SIG.RES_AEP_InstallEauBrute", "SIG.RES_AEP_Vanne", "SIG.RES_EPL_Appareillage", "SIG.RES_EU_Appareillage", "SIG.RES_EPL_Ouvrage", "SIG.RES_AEP_Regulation", "SIG.RES_EU_NoeudBase", "SIG.RES_EU_Regard", "SIG.RES_EPL_Regard", "SIG.RES_AEP_Fontainerie", "SIG.RES_AEP_Compteur"], "RES_EPL_LCOL_TYPE_LCOL": ["SIG.RES_EPL_CollecteurLineaire"], "VOIE_CIRCUL": ["SIG.DEP_ROU_ComptageTrafic_l"], "RES_EPL_PTBR_TYPE_PTBR": ["SIG.RES_EPL_PointBranchement"], "RES_NUM_FIBRE_ARTERE_CABLE_TYPE_FONC": ["SIG.RES_NUM_Fibre_Arteres"], "PLU_ZONE_DESTDOMI": ["SIG.URB_PLU_IDG_ZONE_URBA", "SIG.URB_PLU_BMO_ZONE_URBA", "SIG.URB_PLU_ZONE_URBA"], "RES_EPL_Recueil_EVENEMENT": ["SIG.RES_EPL_Recueil"], "REF_RTS_NOMTYPE_Point": ["SIG.REF_TOP_RTS_POINT_NonVal"], "Alignement vertical": ["SIG.EVE_NAU_Brest2016ETIQ", "SIG.REF_CAD_NumeroParcelle_Pays", "SIG.REF_CAD_NumeroParcelle_Bmo", "SIG.REF_TOP_RTS_FilaireVoieAnno", "SIG.LIM_ADM_QuartiersNom", "SIG.LIM_ADM_QuartiersNom1"], "FLUX_ORIG_CPT": ["SIG.DEP_ROU_ComptageTrafic_l"], "DENSITE_HERBIER": ["SIG.NAT_HAB_PechePied_ComptHabitat"], "RES_EU_PTBR_TYPE_PTBR": ["SIG.RES_EU_PointBranchement"], "RES_NUM_FIBRE_PH_PROJET": ["SIG.RES_NUM_Fibre_Arteres", "SIG.RES_NUM_Fibre_Affl"], "RES_AEP_CANA_LOCALISAT": ["SIG.RES_AEP_Canalisation"], "EVE_NAU_ParkingsType": ["SIG.EVE_NAU_Brest2016ParkingsPt", "SIG.EVE_NAU_Brest2016Parkings"], "RES_EU_PCOL_TYPE_PCOL": ["SIG.RES_EU_CollecteurPonctuel"], "RES_EU_CANA_DIAMETRE": ["SIG.RES_EU_Canalisation"], "PTL_ARC_Americ_Camps": ["SIG.PTL_ARC_Americ17_Camps"], "ECO_CUL_AgriEnquete_Oui_Non": ["SIG.ECO_CUL_AgriEnquete2017_parc", "SIG.ECO_CUL_AgriEnquete2017_sieges", "SIG.ECO_CUL_AgriEnquete2017_sieges", "SIG.ECO_CUL_AgriEnquete2017_sieges", "SIG.ECO_CUL_AgriEnquete2017_sieges"], "RES_AEP_DIAMETRE": ["SIG.RES_AEP_Vanne", "SIG.RES_AEP_Canalisation"], "RES_ENTREPRISE": ["SIG.RES_AEP_Reservoir", "SIG.RES_NUM_Fibre_Arteres", "SIG.RES_NUM_Fibre_Basedoc", "SIG.RES_AEP_Piece", "SIG.RES_AEP_Canalisation", "SIG.RES_EU_Ouvrage", "SIG.RES_NUM_Fibre_Affl", "SIG.RES_AEP_InstallEauTraitee", "SIG.RES_EPL_CanaRestit1609", "SIG.RES_EU_Canalisation", "SIG.RES_AEP_InstallEauBrute", "SIG.RES_EPL_Canalisation", "SIG.RES_EPL_Ouvrage", "SIG.RES_AEP_Regulation", "SIG.RES_AEP_Fontainerie", "SIG.RES_AEP_Compteur"], "RLP_SURFACE": ["SIG.ESP_OCC_DispoPub", "SIG.ESP_OCC_DispoPub"], "TYARR_S": ["SIG.DEP_ARR_Circ_Stat_s"], "ESP_OCC_TERRASSE_OuiNon": ["SIG.ESP_OCC_TERRASSE", "SIG.ESP_OCC_TERRASSE", "SIG.ESP_OCC_TERRASSE", "SIG.ESP_OCC_TERRASSE", "SIG.ESP_OCC_TERRASSE", "SIG.ESP_OCC_TERRASSE", "SIG.ESP_OCC_TERRASSE", "SIG.ESP_OCC_TERRASSE", "SIG.ESP_OCC_TERRASSE", "SIG.ECO_COM_TERRASSE", "SIG.ECO_COM_TERRASSE", "SIG.ECO_COM_TERRASSE", "SIG.ECO_COM_TERRASSE", "SIG.ECO_COM_TERRASSE", "SIG.ECO_COM_TERRASSE", "SIG.ECO_COM_TERRASSE", "SIG.ECO_COM_TERRASSE", "SIG.ECO_COM_TERRASSE"], "RES_AEP_COMP_TYPE_COMP": ["SIG.RES_AEP_Compteur"], "EPL_BMO_COMMUNE": ["SIG.RES_EPL_BMO_PassageCamera", "SIG.RES_EPL_BMO_OuvrageEmprise"], "EPL_BMO_TYPE_REGULATION": ["SIG.RES_EPL_BMO_OuvrageEmprise"], "REF_VOI_TYPRU": ["SIG.REF_VOI_VoiesLieuxDits"], "RES_EPL_DECON_ORIENT": ["SIG.RES_EPL_DECONNEX_P_2", "SIG.RES_EPL_DECONNEX_S2", "SIG.RES_EPL_DECONNEX_P", "SIG.RES_EPL_DECONNEX_S"], "ECO_COM_SIFE_TransCom": ["SIG.ECO_COM_SIFE_z_activites"], "RES_AEP_RESE_TYPE_RESE": ["SIG.RES_AEP_Reservoir"], "CHEMINS_HIERARCHIE": ["SIG.PTL_TOU_CheminsRando"], "REF_VOIE_TYNUM": ["SIG.REF_VOI_VoiesLieuxDits"], "EPL_BMO_FERMETURE": ["SIG.RES_EPL_BMO_OuvrageEmprise"], "REF_AUT_ACTION": ["SIG.REF_AUT_Signalements"], "CHEMINS_QUALITE": ["SIG.PTL_TOU_CheminsRando"], "RES_AEP_VANN_ETAT": ["SIG.RES_AEP_Vanne"], "Pollution_ENJEUX": ["SIG.HYD_MES_PtsPollution"], "EQU_POI_HIERARCHIE": ["SIG.EQU_POI_ServicesEquipements"], "EPL_BMO_DOSSIER CHANTIER": ["SIG.RES_EPL_BMO_OuvrageEmprise"], "RES_EU_TYPE_PIECE": ["SIG.RES_EU_Piece"], "RES_AEP_INCE_COFFRE": ["SIG.RES_AEP_PoteauIncendie"], "REF_RTS_NOMTYPE_Ligne": ["SIG.REF_TOP_RTS_LIGNE_NonVal"], "ECO_COM_SIFE_ZA_avt": ["SIG.ECO_COM_SIFE_z_activites"], "AnnotationStatus": ["SIG.EVE_NAU_Brest2016ETIQ", "SIG.REF_CAD_NumeroParcelle_Pays", "SIG.LIM_ADM_QuartiersNom", "SIG.LIM_ADM_QuartiersNom1", "SIG.REF_CAD_NumeroParcelle_Bmo", "SIG.REF_TOP_RTS_FilaireVoieAnno"], "RES_EU_MATERIAU": ["SIG.RES_EU_Regard", "SIG.RES_EU_CollecteurPonctuel", "SIG.RES_EU_PointBranchement"], "RES_EPL_DECON_POTENTIEL": ["SIG.RES_EPL_DECONNEX_P_2", "SIG.RES_EPL_DECONNEX_P_2", "SIG.RES_EPL_DECONNEX_S2", "SIG.RES_EPL_DECONNEX_S2", "SIG.RES_EPL_DECONNEX_P", "SIG.RES_EPL_DECONNEX_P", "SIG.RES_EPL_DECONNEX_S", "SIG.RES_EPL_DECONNEX_S"], "PLU_ZONE_TYPEZONE": ["SIG.URB_PLU_IDG_ZONE_URBA", "SIG.URB_PLU_BMO_ZONE_URBA", "SIG.URB_PLU_ZONE_URBA"], "PTL_TOU_CHEMLITTO_ETAT": ["SIG.PTL_TOU_ChemLitto_Gestion_l", "SIG.PTL_TOU_ChemLitto_Gestion_s", "SIG.PTL_TOU_ChemLitto_Gestion_p"], "FRAGMENT_HERBIER": ["SIG.NAT_HAB_PechePied_ComptHabitat"], "EPL_BMO_FONCTION": ["SIG.RES_EPL_BMO_OuvrageEmprise"], "URB_PLU_BatAgri_Valeur": ["SIG.URB_PLU_BatiAgri"], "TYARR_L": ["SIG.DEP_ARR_Circ_Stat_l"], "LIM_ADM_QuartiersElusBrest": ["SIG.EQU_POI_HistoriqueMAJ"], "RES_AEP_PIECE_JOINT": ["SIG.RES_AEP_Piece", "SIG.RES_AEP_Piece"], "RES_AEP_VANN_EMBOITMNT": ["SIG.RES_AEP_Vanne"], "RES_EPL_CANA_MATERIAU": ["SIG.RES_EPL_CanaRestit1609", "SIG.RES_EPL_Canalisation"], "RTS_ECHANGE_STATUT": ["SIG.REF_TOP_RTS_Signal_p"], "ESP_NET_ApportVolontaire_PANNEAU": ["SIG.ESP_NET_ApportVolColonne"], "Situation": ["SIG.DEP_ARR_circ_stat"], "ESP_NET_ApportVolontaire_GACHE": ["SIG.ESP_NET_ApportVolColonne"], "ESP_NET_ApportVolontaire_CERCLAGE": ["SIG.ESP_NET_ApportVolColonne"], "RES_EU_REGA_OUVERTURE": ["SIG.RES_EU_Regard"], "DEROULANT": ["SIG.REF_VOI_VoiesLieuxDits", "SIG.REF_VOI_Adresses"], "RES_NUM_FIBRE_AFFL_TYPE_FONC": ["SIG.RES_NUM_Fibre_Affl"], "RES_EPL_CANA_RESISTANCE": ["SIG.RES_EPL_CanaRestit1609", "SIG.RES_EPL_Canalisation"], "EPL_BMO_SIGNALETIQUE": ["SIG.RES_EPL_BMO_OuvrageEmprise"], "RES_MOA": ["SIG.RES_AEP_Appareillage", "SIG.RES_AEP_NoeudBase", "SIG.RES_AEP_OuvrageEmprise", "SIG.RES_AEP_Reservoir", "SIG.RES_EU_CollecteurPonctuel", "SIG.RES_EU_Piece", "SIG.RES_EU_Vanne", "SIG.RES_NUM_Fibre_Arteres", "SIG.RES_EU_PointBranchement", "SIG.RES_EPL_Piece", "SIG.RES_AEP_Piece", "SIG.RES_EPL_PointBranchement", "SIG.RES_AEP_Canalisation", "SIG.RES_EPL_CollecteurLineaire", "SIG.RES_EU_Ouvrage", "SIG.RES_NUM_Fibre_Affl", "SIG.RES_AEP_PoteauIncendie", "SIG.RES_EPL_OuvrageEmprise", "SIG.RES_NUM_Fibre_PlanRecol", "SIG.RES_AEP_InstallEauTraitee", "SIG.RES_EPL_Vanne", "SIG.RES_EU_OuvrageEmprise", "SIG.RES_EPL_CanaRestit1609", "SIG.RES_EPL_CollecteurPonctuel", "SIG.RES_EPL_NoeudBase", "SIG.RES_EU_Canalisation", "SIG.RES_AEP_InstallEauBrute", "SIG.RES_EU_PlanRecolement", "SIG.RES_AEP_Vanne", "SIG.RES_AEP_PlanRecolement", "SIG.RES_EPL_Canalisation", "SIG.RES_AEP_PointComptage", "SIG.RES_EPL_Appareillage", "SIG.RES_EU_Appareillage", "SIG.RES_EPL_Ouvrage", "SIG.RES_AEP_Regulation", "SIG.RES_EU_NoeudBase", "SIG.RES_EPL_PlanRecolement", "SIG.RES_EU_Regard", "SIG.RES_EPL_Regard", "SIG.RES_AEP_Fontainerie", "SIG.RES_AEP_Compteur"], "RES_AEP_INSTALEAUBRUTE_TYPE_PROD": ["SIG.RES_AEP_InstallEauBrute"], "INFO_LIN_TYPEINF": ["SIG.URB_PLU_INFO_LIN", "SIG.URB_PLU_IDG_INFO_LIN"], "RES_EU_CANA_JOINTS": ["SIG.RES_EU_Canalisation"], "REF_RTS_NOMTYPE_Enveloppe": ["SIG.REF_TOP_RTS_ENVELOPPE_NonVal"], "OUI_NON_1": ["SIG.URB_PLU_BatiAgri"], "RES_AEP_CANA_JOINTS": ["SIG.RES_AEP_Canalisation"], "PTL_TOU_CHEMLITTO_TYPE": ["SIG.PTL_TOU_ChemLitto_Gestion_l", "SIG.PTL_TOU_ChemLitto_Gestion_s", "SIG.PTL_TOU_ChemLitto_Gestion_p"], "RES_EU_REGA_DIMENSION": ["SIG.RES_EU_Regard"], "EQU_POI_SSCLASSE": ["SIG.EQU_POI_HistoriqueMAJ"], "REF_VOI_CLASS_ADMI": ["SIG.REF_VOI_FilaireVoies", "SIG.PTL_TOU_CheminsRando"], "RES_EPL_Recueil_PROVENANCE": ["SIG.RES_EPL_Recueil"], "RES_EPL_APPA_MES_TYPE_APPA": ["SIG.RES_EPL_Appareillage"], "NAT_HAB_Champig_Collecteurs": ["SIG.NAT_HAB_Champi"], "RES_AEP_RESE_CLASS": ["SIG.RES_AEP_Reservoir"], "RES_EPL_FREQ_MNT": ["SIG.RES_EPL_CollecteurPonctuel", "SIG.RES_EPL_Ouvrage", "SIG.RES_EPL_CollecteurLineaire"], "RES_EPL_TYPET": ["SIG.RES_EPL_CanaRestit1609", "SIG.RES_EPL_Canalisation", "SIG.RES_EPL_Regard"], "PTL_ARC_Americ_Infra": ["SIG.PTL_ARC_Americ17_Infra"], "RES_AEP_COMP_MARQUE": ["SIG.RES_AEP_Compteur"], "RES_EU_OUVRAGE_NAT_OUVR": ["SIG.RES_EU_Ouvrage"], "RES_EPL_VANN_FONCTION": ["SIG.RES_EPL_Vanne"], "EPL_BMO_ETANCHEITE": ["SIG.RES_EPL_BMO_OuvrageEmprise"], "EQU_POI_THEMATIQUE": ["SIG.EQU_POI_HistoriqueMAJ", "SIG.EQU_POI_ServicesEquipements"], "EPL_BMO_PRESENCE DEFAUTS MAJEURS": ["SIG.RES_EPL_BMO_PassageCamera"], "RES_AEP_INCE_RENVERSAB": ["SIG.RES_AEP_PoteauIncendie"], "EPL_BMO_TYPE_OUVRAGE": ["SIG.RES_EPL_BMO_OuvrageEmprise"], "EPL_BMO_STATUT": ["SIG.RES_EPL_BMO_OuvrageEmprise", "SIG.RES_EPL_BMO_BV_Ouvrages"], "TYARR_P": ["SIG.DEP_ARR_Circ_Stat_p"], "RES_TYPE_PLAN": ["SIG.RES_AEP_Appareillage", "SIG.RES_AEP_NoeudBase", "SIG.RES_AEP_Reservoir", "SIG.RES_EU_CollecteurPonctuel", "SIG.RES_EU_Piece", "SIG.RES_EU_Vanne", "SIG.RES_NUM_Fibre_Arteres", "SIG.RES_EU_PointBranchement", "SIG.RES_EPL_Piece", "SIG.RES_AEP_Piece", "SIG.RES_EPL_PointBranchement", "SIG.RES_AEP_Canalisation", "SIG.RES_EPL_CollecteurLineaire", "SIG.RES_EU_Ouvrage", "SIG.RES_NUM_Fibre_Affl", "SIG.RES_AEP_PoteauIncendie", "SIG.RES_NUM_Fibre_PlanRecol", "SIG.RES_AEP_InstallEauTraitee", "SIG.RES_EPL_Vanne", "SIG.RES_EPL_CanaRestit1609", "SIG.RES_EPL_CollecteurPonctuel", "SIG.RES_EPL_NoeudBase", "SIG.RES_EU_Canalisation", "SIG.RES_AEP_InstallEauBrute", "SIG.RES_EU_PlanRecolement", "SIG.RES_AEP_Vanne", "SIG.RES_AEP_PlanRecolement", "SIG.RES_EPL_Canalisation", "SIG.RES_EPL_Appareillage", "SIG.RES_EU_Appareillage", "SIG.RES_EPL_Ouvrage", "SIG.RES_AEP_Regulation", "SIG.RES_EU_NoeudBase", "SIG.RES_EPL_PlanRecolement", "SIG.RES_EU_Regard", "SIG.RES_EPL_Regard", "SIG.RES_AEP_Fontainerie", "SIG.RES_AEP_Compteur"], "ECO_COM_SIFE_ZA_GAZ": ["SIG.ECO_COM_SIFE_z_activites"], "RES_EPL_PCOL_ANNEE": ["SIG.RES_EPL_CollecteurPonctExploit", "SIG.RES_EPL_CollecteurPonctExploit", "SIG.RES_EPL_CollecteurPonctExploit", "SIG.RES_EPL_CollecteurPonctExploit", "SIG.RES_EPL_CollecteurPonctExploit"], "EPL_BMO_TYPE_MOE": ["SIG.RES_EPL_BMO_OuvrageEmprise"], "REF_RTS_NOMTYPE_surface": ["SIG.REF_TOP_RTS_SURFACE_NonVal"], "RES_AEP_INCE_CONGELABLE": ["SIG.RES_AEP_PoteauIncendie"], "RES_EU_CANA_PRES_NOM": ["SIG.RES_EU_Canalisation"], "PTL_ARC_Americ_Exist": ["SIG.PTL_ARC_Americ1917", "SIG.PTL_ARC_Americ17_Camps", "SIG.PTL_ARC_Americ17_Infra", "SIG.PTL_ARC_Americ1917_l"], "RES_EPL_Recueil_PROPRIETAIRE": ["SIG.RES_EPL_Recueil"], "ESP_NET_ApportVolontaire_BATTERIE": ["SIG.ESP_NET_ApportVolColonne"], "DEPCO": ["SIG.RES_AEP_Appareillage", "SIG.RES_AEP_HabillageLineaire", "SIG.RES_AEP_HabillageTexte", "SIG.RES_AEP_NoeudBase", "SIG.RES_AEP_OuvrageEmprise", "SIG.RES_AEP_Reservoir", "SIG.RES_EPL_Cotation", "SIG.RES_EPL_FlecheEcoulement", "SIG.RES_EU_CollecteurPonctuel", "SIG.RES_EU_Cotation", "SIG.RES_EU_FlecheEcoulement", "SIG.RES_EU_Piece", "SIG.RES_EU_Vanne", "SIG.RES_NUM_Fibre_Arteres", "SIG.RES_NUM_Fibre_Basedoc", "SIG.RES_EU_PointBranchement", "SIG.RES_EPL_Piece", "SIG.RES_AEP_Piece", "SIG.RES_EU_HabillageTexte", "SIG.RES_EPL_PointBranchement", "SIG.RES_AEP_Canalisation", "SIG.RES_EPL_CollecteurLineaire", "SIG.ESP_NET_ApportVolontaire_Pays", "SIG.RES_EU_Ouvrage", "SIG.RES_NUM_Fibre_Affl", "SIG.RES_EPL_Recueil", "SIG.URB_FON_DossiersUrbaPoint_Pays", "SIG.RES_AEP_PoteauIncendie", "SIG.RES_EPL_OuvrageEmprise", "SIG.RES_NUM_Fibre_PlanRecol", "SIG.RES_AEP_InstallEauTraitee", "SIG.RES_EPL_Vanne", "SIG.RES_EU_OuvrageEmprise", "SIG.RES_EPL_CanaRestit1609", "SIG.RES_EPL_CollecteurPonctuel", "SIG.RES_EPL_NoeudBase", "SIG.RES_AEP_Cotation", "SIG.RES_AEP_FlecheEcoulement", "SIG.RES_EU_HabillageLineaire", "SIG.RES_EU_Canalisation", "SIG.RES_AEP_InstallEauBrute", "SIG.RES_EU_PlanRecolement", "SIG.RES_AEP_Vanne", "SIG.RES_AEP_PlanRecolement", "SIG.RES_EPL_Canalisation", "SIG.RES_EPL_HabillageLineaire", "SIG.RES_AEP_PointComptage", "SIG.URB_FON_DossiersUrbaSurf_Pays", "SIG.RES_EPL_Appareillage", "SIG.RES_EU_Appareillage", "SIG.RES_EPL_HabillageTexte", "SIG.RES_EPL_Ouvrage", "SIG.RES_AEP_Regulation", "SIG.RES_EU_NoeudBase", "SIG.RES_EPL_PlanRecolement", "SIG.RES_EU_Regard", "SIG.RES_EPL_Regard", "SIG.RES_AEP_Fontainerie", "SIG.RES_AEP_Compteur"], "ESP_AUT_SignalGEP_TERRITOIRE": ["SIG.ESP_AUT_SignalGEP"], "RLP_AFFICHEUR": ["SIG.ESP_OCC_DispoPub"], "RES_AEP_FONT_EXUTOIRE": ["SIG.RES_AEP_Fontainerie"], "RES_EPL_Recueil_AGRAVATION": ["SIG.RES_EPL_Recueil"], "Pollution_ETAT": ["SIG.HYD_MES_PtsPollution"], "RES_AEP_CODERES": ["SIG.RES_AEP_Regulation", "SIG.RES_AEP_Reservoir", "SIG.RES_AEP_Canalisation", "SIG.RES_AEP_PoteauIncendie"], "Alignement horizontal": ["SIG.EVE_NAU_Brest2016ETIQ", "SIG.REF_CAD_NumeroParcelle_Pays", "SIG.REF_TOP_RTS_FilaireVoieAnno", "SIG.REF_CAD_NumeroParcelle_Bmo"], "RES_AEP_VANN_TYPE_VANN": ["SIG.RES_AEP_Vanne"], "RES_EU_VANN_TYPE_VANN": ["SIG.RES_EU_Vanne"], "RES_EPL_DECON_PENTE": ["SIG.RES_EPL_DECONNEX_P_2", "SIG.RES_EPL_DECONNEX_S2", "SIG.RES_EPL_DECONNEX_P", "SIG.RES_EPL_DECONNEX_S"], "REF_AUT_STATUT": ["SIG.REF_AUT_Signalements"], "RES_MATER_REHA": ["SIG.RES_EU_Canalisation", "SIG.RES_EPL_Canalisation", "SIG.RES_AEP_Canalisation"], "RES_EU_CANA_MATERIAU": ["SIG.RES_EU_Canalisation"], "EVE_NAU_SignalEtat": ["SIG.EVE_NAU_Brest2016Signalements"], "FLUX_type_infra": ["SIG.DEP_ROU_ComptageTrafic_l"], "EPL_BMO_CLOISON": ["SIG.RES_EPL_BMO_OuvrageEmprise"], "ESP_OCC_TYPE_COMMERCE": ["SIG.ESP_OCC_TERRASSE", "SIG.ECO_COM_TERRASSE"], "RES_EPL_TYPE_PIECE": ["SIG.RES_EPL_Piece"], "Alignement horizontal0": ["SIG.LIM_ADM_QuartiersNom", "SIG.LIM_ADM_QuartiersNom1"], "Pollution_BV_SECTEUR": ["SIG.HYD_MES_PtsPollution"], "RES_EU_CANA_FORME": ["SIG.RES_EU_Canalisation"], "INFO_SURF_TYPEINF": ["SIG.URB_PLU_INFO_SURF", "SIG.URB_PLU_BMO_INFO_SURF", "SIG.URB_PLU_IDG_INFO_SURF"], "Valeur du symbole bool\u00e9en": ["SIG.EVE_NAU_Brest2016ETIQ", "SIG.EVE_NAU_Brest2016ETIQ", "SIG.EVE_NAU_Brest2016ETIQ", "SIG.REF_CAD_NumeroParcelle_Pays", "SIG.REF_CAD_NumeroParcelle_Pays", "SIG.REF_CAD_NumeroParcelle_Pays", "SIG.REF_CAD_NumeroParcelle_Bmo", "SIG.REF_CAD_NumeroParcelle_Bmo", "SIG.REF_CAD_NumeroParcelle_Bmo", "SIG.REF_TOP_RTS_FilaireVoieAnno", "SIG.REF_TOP_RTS_FilaireVoieAnno", "SIG.REF_TOP_RTS_FilaireVoieAnno", "SIG.LIM_ADM_QuartiersNom", "SIG.LIM_ADM_QuartiersNom", "SIG.LIM_ADM_QuartiersNom", "SIG.LIM_ADM_QuartiersNom1", "SIG.LIM_ADM_QuartiersNom1", "SIG.LIM_ADM_QuartiersNom1"], "RES_FONCTIONMT": ["SIG.RES_AEP_Appareillage", "SIG.RES_AEP_OuvrageEmprise", "SIG.RES_AEP_Reservoir", "SIG.RES_EU_CollecteurPonctuel", "SIG.RES_EU_Piece", "SIG.RES_EU_Vanne", "SIG.RES_EU_PointBranchement", "SIG.RES_EPL_Piece", "SIG.RES_AEP_Piece", "SIG.RES_EPL_PointBranchement", "SIG.RES_AEP_Canalisation", "SIG.RES_EPL_CollecteurLineaire", "SIG.RES_EU_Ouvrage", "SIG.RES_AEP_PoteauIncendie", "SIG.RES_EPL_OuvrageEmprise", "SIG.RES_AEP_InstallEauTraitee", "SIG.RES_EPL_Vanne", "SIG.RES_EU_OuvrageEmprise", "SIG.RES_EPL_CanaRestit1609", "SIG.RES_EPL_CollecteurPonctuel", "SIG.RES_EU_Canalisation", "SIG.RES_AEP_InstallEauBrute", "SIG.RES_AEP_Vanne", "SIG.RES_EPL_Canalisation", "SIG.RES_EPL_Appareillage", "SIG.RES_EU_Appareillage", "SIG.RES_EPL_Ouvrage", "SIG.RES_AEP_Regulation", "SIG.RES_EU_Regard", "SIG.RES_EPL_Regard", "SIG.RES_AEP_Fontainerie", "SIG.RES_AEP_Compteur"], "EPL_BMO_BASSIN_VERSANT": ["SIG.RES_EPL_BMO_OuvrageEmprise"], "TXT_OUINON": ["SIG.ESP_OCC_DispoPub", "SIG.ESP_OCC_DispoPub", "SIG.ECO_COM_VacancesCommerciales", "SIG.ESP_NET_ApportVolontaire_Pays", "SIG.EQU_POI_ServicesEquipements", "SIG.EQU_POI_ServicesEquipements", "SIG.PTL_TOU_CheminsRando", "SIG.PTL_TOU_CheminsRando", "SIG.EVE_NAU_Brest2016Parkings", "SIG.EVE_NAU_Brest2016ParkingsEntr", "SIG.EVE_NAU_Brest2016ParkingsPt", "SIG.ESP_NET_ApportVolontaire"], "RES_EPL_CANA_STEP": ["SIG.RES_EPL_CanaRestit1609", "SIG.RES_EPL_Canalisation"], "ESP_NET_PAV_CD_NATURE": ["SIG.ESP_NET_ApportVolontaire_Pays"], "RES_EPL_PCOL_GRILLE_DIM": ["SIG.RES_EPL_CollecteurPonctuel"], "RES_EPL_VANN_ETAT": ["SIG.RES_EPL_Vanne"], "RES_EPL_CANA_FORME": ["SIG.RES_EPL_CanaRestit1609", "SIG.RES_EPL_Canalisation"], "RES_EPL_PCOL_GRILLE_TYP": ["SIG.RES_EPL_CollecteurPonctuel"], "ESP_NET_ApportVol_Controle": ["SIG.ESP_NET_ApportVolontaire", "SIG.ESP_NET_ApportVolontaire", "SIG.ESP_NET_ApportVolontaire", "SIG.ESP_NET_ApportVolontaire", "SIG.ESP_NET_ApportVolontaire", "SIG.ESP_NET_ApportVolontaire", "SIG.ESP_NET_ApportVolontaire", "SIG.ESP_NET_ApportVolontaire", "SIG.ESP_NET_ApportVolontaire"], "REF_VOI_STATUT": ["SIG.REF_VOI_VoiesLieuxDits", "SIG.REF_VOI_Adresses"], "EPL_BMO_EXUTOIRE_OUVRAGE": ["SIG.RES_EPL_BMO_OuvrageEmprise"], "RLP_DEROGA": ["SIG.ESP_OCC_DispoPub"], "EPL_BMO_PRETRAITEMENT": ["SIG.RES_EPL_BMO_OuvrageEmprise"], "RES_EU_OUVRAGE_TYPE_OUVR": ["SIG.RES_EU_Ouvrage"], "Pollution_AUTEUR_POINT": ["SIG.HYD_MES_PtsPollution", "SIG.HYD_MES_PtsPollution"], "EPL_BMO_OUVRAGE VISITABLE": ["SIG.RES_EPL_BMO_OuvrageEmprise"], "EPL_BMO_ENTRETIEN_ACCES": ["SIG.RES_EPL_BMO_OuvrageEmprise"], "RES_EPL_CANA_PRES_NOM": ["SIG.RES_EPL_CanaRestit1609", "SIG.RES_EPL_Canalisation"], "ECO_COM_SIFE_dispo": ["SIG.ECO_COM_SIFE_LOTS"], "NET_PAV_Type": ["SIG.ESP_NET_ApportVolontaire_Pays"], "RES_EPL_REGA_DIMENSION": ["SIG.RES_EPL_Regard"], "REF_VOI_NATURE": ["SIG.REF_VOI_FilaireVoies"], "RES_AEP_CANA_ECOULMT": ["SIG.RES_AEP_Canalisation"], "RES_EU_CANA_STEP": ["SIG.RES_EU_Canalisation"], "RES_EU_PCOL_GRILLE_DIM": ["SIG.RES_EU_CollecteurPonctuel"], "CHEMINS_ETAT": ["SIG.PTL_TOU_CheminsRando"], "RES_EPL_RESISTANCE": ["SIG.RES_EPL_CollecteurPonctuel", "SIG.RES_EPL_CollecteurLineaire"], "RES_AEP_CANA_REVET_EXT": ["SIG.RES_AEP_Canalisation"], "FLUX_ECOULEMENT": ["SIG.DEP_ROU_ComptageTrafic_l"], "RES_EPL_CANA_REVET_INT": ["SIG.RES_EPL_CanaRestit1609", "SIG.RES_EPL_Canalisation"]}