{"VacancesCommerciales|secure": ["cgandais", "snampon", "ggrelaud", "ffauquet", "qcn01", "mpiron", "ihallegot", "gapprio4", "mjannea1", "mbertrand", "srouault", "msonnec1", "ojacolot1", "jbargain", "echampot", "gmonfor1", "eblouet1", "jlebec", "sdehaina", "rviaggi", "ppichon", "ojacolot", "mcavare1", "bleven", "vtrealar", "bgenco", "mcavarec2", "nfloch2", "fauzou", "syouinou"], "SIFE_consult_pub|public": ["ahamel", "ccoeurdray", "sgillet", "ldupont", "gvourch", "clecoq"], "REF_CAD_INTRA_TaxesPro_Proposition|secure": ["svc.arcgisserver", "avergne", "adm.jsichler", "lceau", "pgall", "naja", "ahamel", "jstephan", "mlehir", "lmear", "cbeauver", "jsichler", "ldupont", "amasset", "adm.pgall", "cpiriou", "adm.lmear", "adm.bledizes", "gvourch", "nderrien", "ecueff1", "jcleguen", "ahenry3", "clecoq"], "GPB_BAT_Intra_ObsCopro|secure": ["cgandais", "snampon", "ggrelaud", "ffauquet", "qcn01", "mpiron", "ihallegot", "gapprio4", "mjannea1", "mbertrand", "srouault", "msonnec1", "ojacolot1", "jbargain", "echampot", "gmonfor1", "eblouet1", "jlebec", "sdehaina", "rviaggi", "ppichon", "ojacolot", "mcavare1", "bleven", "vtrealar", "bgenco", "mcavarec2", "nfloch2", "fauzou", "syouinou"], "AAA_AVT|secure": ["svc.arcgisserver", "avergne", "adm.jsichler", "pgall", "naja", "ahamel", "jstephan", "mlehir", "lmear", "cbeauver", "jsichler", "ldupont", "adm.pgall", "cpiriou", "adm.lmear", "adm.bledizes", "gvourch", "nderrien", "ecueff1", "jcleguen", "ahenry3", "clecoq"], "GPB_URB_Intra_InstructionDIA|secure": ["sluneau", "srobert", "avogt", "alebourdonne", "snampon", "naja", "ggrelaud", "gandre1", "ltanguy", "srioual1", "mpiron", "ccelton", "ihallegot", "ffauquet", "sleroux1", "bgrebot", "jleguillou", "ldanielo", "bcalvari", "cjorand", "jplamy", "gguilbau", "abagous1", "erenault", "nderrien", "ndreo", "jropars3", "mvourch2", "bleven", "mledreau", "rbrookes", "cgallas", "jcbernar", "vtrealar", "lvilgicq", "jcolloc", "fauzou", "mderdouk", "hpucel"], "Reseau_AEP|Partenaires": ["hsagel", "glemoing", "jsichler", "ldupont"], "dict01|public": ["svc.arcgisserver", "avergne", "adm.jsichler", "pgall", "naja", "ahamel", "jstephan", "mlehir", "lmear", "cbeauver", "jsichler", "app.dict", "ldupont", "adm.pgall", "cpiriou", "adm.lmear", "adm.bledizes", "gvourch", "nderrien", "ecueff1", "jcleguen", "ahenry3", "clecoq"], "GPB_URB_ProfilUrba|public": ["ldanielo", "ldupont"], "Reseau_AEP|public": ["hsagel", "glemoing", "jsichler", "ldupont"]}