{"VacancesCommerciales|secure": ["BAT_ObsCopro"], "SIFE_consult_pub|public": ["ECO_COM_SIFE (Consultation)"], "REF_CAD_INTRA_TaxesPro_Proposition|secure": ["Admin", "CAD_Finances"], "GPB_BAT_Intra_ObsCopro|secure": ["BAT_ObsCopro"], "AAA_AVT|secure": ["Admin"], "GPB_URB_Intra_InstructionDIA|secure": ["URB_CAU", "URB_InstructionDIA", "URB_SitesMutables", "URB_Foncier", "URB_FON_InstructionDIA"], "Reseau_AEP|Partenaires": ["Reseau AEP"], "dict01|public": ["DICT", "Admin"], "GPB_URB_ProfilUrba|public": ["URB_ProfilUrba"], "Reseau_AEP|public": ["Reseau AEP"]}