{"URB_DemAcq_Fonciere": ["sallaing", "vantonio", "jyfoll2", "onimal", "sleroux", "cquere2", "sseite", "mlcolas", "rdaras", "dmoal1", "gkubler1", "jfmenez", "syouinou", "bdagorn", "avelly1", "aquemene", "mpbaudoi", "jmprovo2", "aomnes", "eadounv2", "clechai1", "plbescon", "ygoualc1", "nmorvan", "brioual1", "bmanceau", "gcreach2", "mjestin", "epeyric1", "cqueinne", "mlegoff2", "mbaraer", "smingant", "yschneid", "pmasquel", "dlefur", "cammon", "lbouetle", "sguille3", "amrollan", "clerumeur", "pleborgn", "sallaing", "vantonio", "jyfoll2", "onimal", "sleroux", "cquere2", "sseite", "mlcolas", "rdaras", "dmoal1", "gkubler1", "jfmenez", "syouinou", "bdagorn", "avelly1", "aquemene", "mpbaudoi", "jmprovo2", "aomnes", "eadounv2", "clechai1", "plbescon", "ygoualc1", "nmorvan", "brioual1", "bmanceau", "gcreach2", "mjestin", "epeyric1", "cqueinne", "mlegoff2", "mbaraer", "smingant", "yschneid", "pmasquel", "dlefur", "cammon", "lbouetle", "sguille3", "amrollan", "clerumeur", "pleborgn", "plerest2", "mthuaud", "rgaillard", "fqueffel", "vdenis", "mcbariou", "alegleau", "rbellay2", "mpbirien", "plegoasd", "erenault", "elavanant", "avogt", "agourme1", "tlelong", "ldanielo", "lyven1", "emercero", "lcabon", "jcgautie", "jbarbu", "clemair2", "sbathany", "klegall", "bleven", "gtriconn", "osirodot", "mgallet", "slevesqu", "abrehie1", "blecanu", "mchevali", "odaumas", "srollin", "dbarbu", "sluneau", "prybski", "bcalvari", "bcordat", "gnelzmore", "astouff", "jpouliq1", "nfloch2", "glepetit", "spotard1", "sbesaabem", "faccart", "klegall", "bleven", "gtriconn", "osirodot", "mgallet", "slevesqu", "abrehie1", "blecanu", "plerest2", "mthuaud", "rgaillard", "fqueffel", "vdenis", "mcbariou", "alegleau", "rbellay2", "mpbirien", "plegoasd", "erenault", "elavanant", "avogt", "agourme1", "tlelong", "ldanielo", "lyven1", "emercero", "lcabon", "jcgautie", "jbarbu", "clemair2", "sbathany", "mchevali", "odaumas", "srollin", "dbarbu", "sluneau", "prybski", "bcalvari", "bcordat", "gnelzmore", "astouff", "jpouliq1", "nfloch2", "glepetit", "spotard1", "sbesaabem", "faccart"], "Utilisateur": ["formw201", "formw201"], "URB_POS2013": ["fmailhac", "jcloarec2", "bgrebot", "mbrunin1", "erenault", "fmailhac", "jcloarec2", "bgrebot", "mbrunin1", "erenault", "vtrealar", "nderrien", "bleven", "avogt", "ccelton", "vtrealar", "nderrien", "bleven", "avogt", "ccelton"], "URB_FON_InstructionDIA": ["jropars3", "jropars3", "vtrealar", "bleven", "ffauquet", "ndreo", "vtrealar", "bleven", "ffauquet", "ndreo"], "URB_ProfilUrba": ["ldanielo", "ldupont", "ldanielo", "ldupont"], "URB_Foncier": ["vtrealar", "mvourch2", "vtrealar", "mvourch2", "naja", "mpiron", "alebourdonne", "fauzou", "ihallegot", "mderdouk", "bleven", "mledreau", "snampon", "ffauquet", "cgallas", "ihallegot", "mderdouk", "naja", "mpiron", "alebourdonne", "fauzou", "bleven", "mledreau", "snampon", "ffauquet", "cgallas"], "URB_CAU": ["jleguillou", "naja", "ltanguy", "srobert", "jleguillou", "naja", "ltanguy", "srobert", "mledreau", "bleven", "abagous1", "hpucel", "ccelton", "cjorand", "jcbernar", "bleven", "abagous1", "mledreau", "hpucel", "ccelton", "cjorand", "jcbernar"], "ESP_EspacesVerts": ["aquemene", "ntessier", "jfleon", "mbaraer", "azouglec", "aquemene", "ntessier", "jfleon", "mbaraer", "azouglec", "tprigent", "tprigent"], "DEM_Recensement": ["alrannou", "alrannou", "slebris", "chernot1", "ccalvarin", "opaugam", "slebris", "chernot1", "ccalvarin", "opaugam"], "URB_InstructionDIA": ["bgrebot", "ggrelaud", "gguilbau", "bgrebot", "ggrelaud", "gguilbau", "lvilgicq", "bleven", "mledreau", "srioual1", "mpiron", "ccelton", "erenault", "bcalvari", "sleroux1", "erenault", "lvilgicq", "bleven", "mledreau", "srioual1", "mpiron", "ccelton", "bcalvari", "sleroux1"], "BAT_ObsCopro": ["ppichon", "mbertrand", "vtrealar", "ggrelaud", "ojacolot1", "ffauquet", "srouault", "ojacolot", "eblouet1", "bgenco", "ppichon", "mbertrand", "vtrealar", "ggrelaud", "ojacolot1", "ffauquet", "srouault", "ojacolot", "eblouet1", "bgenco", "cgandais", "qcn01", "msonnec1", "jlebec", "mcavarec2", "nfloch2", "mpiron", "sdehaina", "ihallegot", "mcavare1", "jbargain", "fauzou", "gapprio4", "echampot", "bleven", "snampon", "mjannea1", "gmonfor1", "syouinou", "rviaggi", "sdehaina", "ihallegot", "mcavare1", "jbargain", "fauzou", "gapprio4", "echampot", "cgandais", "qcn01", "msonnec1", "jlebec", "mcavarec2", "nfloch2", "mpiron", "bleven", "snampon", "mjannea1", "gmonfor1", "syouinou", "rviaggi"], "URB_SitesMutables": ["sluneau", "jplamy", "ggrelaud", "gandre1", "sluneau", "jplamy", "ggrelaud", "gandre1", "bleven", "jcolloc", "avogt", "erenault", "ldanielo", "nderrien", "rbrookes", "ccelton", "cjorand", "bleven", "jcolloc", "avogt", "erenault", "ldanielo", "nderrien", "rbrookes", "ccelton", "cjorand"], "URB_ATEUR": ["srioual1", "srioual1", "erenault", "gandre1", "nderrien", "bleven", "rbrookes", "gandre1", "nderrien", "erenault", "bleven", "rbrookes"], "ECO_COM_SIFE (Consultation)": ["ccoeurdray", "ccoeurdray", "sgillet", "clecoq", "ldupont", "ahamel", "gvourch", "sgillet", "clecoq", "ldupont", "ahamel", "gvourch"], "Foncier (Consultation acces limite)": ["blebars1", "blebars1", "bleven", "ffauquet", "bleven", "ffauquet"], "URB_Complement": ["jcloarec2", "pserafin", "plg001", "clebas", "kerh01", "mrucard", "jcloarec2", "pserafin", "plg001", "clebas", "kerh01", "mrucard", "boha03", "urbaplg1", "shadot1", "kerh02", "nautret1", "plouz01", "plg034", "eropars", "plouz02", "bleven", "guil02", "guil01", "btregue1", "slamou1", "sleroux1", "mhraoul", "gouesn01", "eropars", "plouz02", "boha03", "urbaplg1", "shadot1", "kerh02", "nautret1", "plouz01", "plg034", "bleven", "guil02", "guil01", "btregue1", "slamou1", "sleroux1", "mhraoul", "gouesn01"], "ECO_COM_SIFE (Mise a jour)": ["clecoq", "sgillet", "ahamel", "gvourch", "clecoq", "sgillet", "ahamel", "gvourch"], "Admin": ["adm.lmear", "svc.arcgisserver", "avergne", "naja", "cbeauver", "jsichler", "ldupont", "mlehir", "adm.jsichler", "adm.lmear", "svc.arcgisserver", "avergne", "naja", "cbeauver", "jsichler", "ldupont", "mlehir", "adm.jsichler", "clecoq", "jcleguen", "adm.pgall", "ahamel", "jstephan", "ahenry3", "lmear", "adm.bledizes", "gvourch", "nderrien", "ecueff1", "cpiriou", "pgall", "jstephan", "clecoq", "jcleguen", "adm.pgall", "ahamel", "ahenry3", "lmear", "adm.bledizes", "gvourch", "nderrien", "ecueff1", "cpiriou", "pgall"], "Reseaux (Consultation acces limite)": ["ldupont", "ldupont"], "URB_ADS": ["ccharles", "abeauva1", "fcombell", "mbrunin1", "nlhelgu1", "vcevaer", "sleray1", "ccharles", "abeauva1", "fcombell", "mbrunin1", "nlhelgu1", "vcevaer", "sleray1", "vlefaou", "obellec1", "cdemarle", "abrehie1", "egerard", "bleven", "lsimon2", "vleguen", "aabiven", "ndreo", "cgallas", "abrehie1", "egerard", "vlefaou", "obellec1", "cdemarle", "bleven", "lsimon2", "vleguen", "aabiven", "ndreo", "cgallas"], "Editeur": ["formw202", "formw202"], "Domanialite (mise a jour)": ["aomnes", "aomnes"], "URB_OAP": ["sgloague", "slevesqu", "rdaras", "gkubler1", "rgaillard", "sseite", "odaumas", "jplamy", "sgloague", "slevesqu", "rdaras", "gkubler1", "rgaillard", "sseite", "odaumas", "jplamy", "klegall", "vantonio", "ldanielo", "smingant", "sluneau", "blecanu", "bleven", "dbarbu", "bcalvari", "mgallet", "astouff", "glepetit", "faccart", "smingant", "sluneau", "blecanu", "klegall", "vantonio", "ldanielo", "bleven", "dbarbu", "bcalvari", "mgallet", "astouff", "glepetit", "faccart"], "CAD_Finances": ["amasset", "lceau", "lceau", "amasset"], "URB_AVAP": ["fmailhac", "bgrebot", "jcbernar", "fmailhac", "bgrebot", "jcbernar", "bleven", "hpucel", "rbrookes", "ccelton", "cjorand", "bleven", "hpucel", "rbrookes", "ccelton", "cjorand"], "DICT": ["app.dict", "adm.bledizes", "app.dict", "adm.bledizes"], "Reseau AEP": ["glemoing", "jsichler", "ldupont", "hsagel", "glemoing", "jsichler", "ldupont", "hsagel"], "Service Foncier": ["mderdouk", "snampon", "mvourch2", "mderdouk", "snampon", "mvourch2", "ffauquet", "alebourdonne", "bfitamant", "sdehaina", "ihallegot", "vtrealar", "fauzou", "cgallas", "sdehaina", "ihallegot", "vtrealar", "ffauquet", "alebourdonne", "bfitamant", "fauzou", "cgallas"]}