{"MAJ_GeneriqueSansCreationsSansSuppressions|AppliSIG": ["Locaux commerciaux CCIM", "Inventaire SIREN"], "MasqueCartographique|public": ["M\u00e9tropole", "Bohars", "Brest", "Gouesnou", "Guilers", "Guipavas", "Plougastel-Daoulas", "Plouzan\u00e9", "Le Relecq-Kerhuon", "Communaut\u00e9 de communes", "Le Folgo\u00ebt", "Goulven", "Guisseny", "Kerlouan", "Kernilis", "Kernou\u00ebs", "Lanarvily", "Lesneven", "Ploudaniel", "Plouider", "Ploun\u00e9our-Brignogan-Plages", "Saint-Fr\u00e9gant", "Saint-M\u00e9en", "Tr\u00e9garantec", "Communaut\u00e9 de communes", "Bourg-Blanc", "Coat-M\u00e9al", "Le Drennec", "Kersaint-Plabennec", "Land\u00e9da", "Lannilis", "Loc-Br\u00e9valaire", "Plabennec", "Plouguerneau", "Plouguin", "Plouvien", "Saint-Pabu", "Tr\u00e9glonou", "Communaut\u00e9 de communes", "Daoulas", "Dirinon", "La Forest-Landerneau", "Hanvec", "L'Hopital-Camfrout", "Irvillac", "Landerneau", "Lanneuffret", "Logonna-Daoulas", "Loperhet", "La Martyre", "Pencran", "Ploudiry", "Plou\u00e9dern", "La Roche-Maurice", "Saint-Divy", "Saint-Eloy", "Saint-Thonan", "Saint-Urbain", "Tr\u00e9fl\u00e9v\u00e9nez", "Le Tr\u00e9hou", "Tr\u00e9maou\u00e9zan", "Communaut\u00e9 de communes", "Br\u00e9l\u00e8s", "Le Conquet", "Ile-Mol\u00e8ne", "Lampaul-Plouarzel", "Lampaul-Ploudalm\u00e9zeau", "Landunvez", "Lanildut", "Lanrivoar\u00e9", "Locmaria-Plouzan\u00e9", "Milizac-Guipronvel", "Plouarzel", "Ploudalm\u00e9zeau", "Plougonvelin", "Plourin", "Porspoder", "Saint-Renan", "Tr\u00e9babu", "Tr\u00e9ouergat", "Communaut\u00e9 de communes", "Argol", "Camaret-sur-Mer", "Crozon", "Land\u00e9vennec", "Lanv\u00e9oc", "Le Faou", "Pont-de_Buis-l\u00e8s-Quimerc'h", "Roscanvel", "Rosno\u00ebn", "Telgruc-sur-Mer", "Communaut\u00e9 de communes", "Cast", "Ch\u00e2teaulin", "Le Clo\u00eetre-Pleyben", "Din\u00e9ault", "Gou\u00e9zec", "Lann\u00e9dern", "Lennon", "Lothey", "Pleyben", "Plo\u00e9ven", "Plomodiern", "Plon\u00e9vez-Porzay", "Port-Launay", "Saint-Coulitz", "Saint-Nic", "Saint-S\u00e9gal", "Tr\u00e9garvan"], "TEM_cadastreSolaire_diffusion_restreinte|AppliSIG": ["Potentiel d'ensoleillement de la toiture"], "GPB_ENE|public": ["PRODUCTION - Implantation des \u00e9oliennes (Bretagne)", "CONSOMMATION - Bornes recharge \u00e9lectrique"], "Oxalys|public": ["ZONE_URBA", "PRESCRIPTION_PCT", "PRESCRIPTION_LIN", "PRESCRIPTION_SURF", "INFO_PCT", "INFO_LIN", "INFO_SURF"], "du10|DSIT": ["SIG.EQU_POI_EquipementsPublics"], "GPB_CAD_Intra|public": ["CADASTRE - Parcelles cadastrales", "CADASTRE - Num Parcelle", "CADASTRE - Unit\u00e9 fonci\u00e8re"], "GPB_URB_Intra_DossiersUrbanisme|secure": ["Dossier En cours CU", "Dossier En cours DE", "Dossier En cours IA", "Dossier en cours LT", "Dossiers en cours PC", "Dossiers en cours AUTRE", "Dossier de moins de 2 ans  (Type)", "Dossier de moins de 2 ans  (D\u00e9cision)", "Dossier de plus de 2 ans  (Type)", "Dossier de plus de 2 ans  (D\u00e9cision)", "Offre immobili\u00e8re ann\u00e9e en cours", "Offre immobili\u00e8re ann\u00e9e derni\u00e8re", "Offre immobili\u00e8re ann\u00e9e-2", "Offre immobili\u00e8re ann\u00e9e-3 (et plus)", "Plan de lotissement"], "VacancesCommerciales|secure": ["Vacances commerciales"], "DroitdesSols|AppliSIG": ["Dossier (point)", "Dossier (emprise)"], "GPB_D3D|public": ["TERRAIN - Dalles 820mx820m", "TERRAIN - Dalles 4915mx4915m", "TERRAIN - Dalles 410mx410m", "BATIMENTS ET OUVRAGES - Sites remarquables", "BATIMENTS ET OUVRAGES - Toits - Emprises", "BATIMENTS ET OUVRAGES - Toits - Faitage", "BATIMENTS ET OUVRAGES - Fa\u00e7ades - limite 2D", "BATIMENTS ET OUVRAGES - Fa\u00e7ades textur\u00e9es HD"], "LimitesDecoupages|public": ["Inter-communalit\u00e9s du Pays de Brest", "Limites communales du Pays de Brest", "Brest : mairies de quartier", "Brest : limites de quartier", "Lieux de vote (ville de Brest)", "Bureaux de vote (ville de Brest)", "Circonscriptions du Finist\u00e8re", "Cantons du Finist\u00e8re", "Secteurs des lieux de vote  (ville de Brest)"], "PhotoAerienne_1929|public": ["Nom des voies", "Emprise photo"], "pp03SE|DSIT": ["fleches_SE", "HAUT_LE_PIED_SE", "segm_tour_SE"], "GPB_ESP_Intra|public": ["AUTRES - Interventions astreinte", "AUTRES - Gouvernance de l'espace public"], "pics2|secure": ["Postes clients", "Postes normaux", "R\u00e9seau en service", "R\u00e9seau abandonn\u00e9", "Transformateurs (tr\u00e8s) haute tension", "Lignes (tr\u00e8s) haute tension", "Lignes EDF", "Transformateurs", "Cours d'eau", "Panneaux d'information", "Etablissements recevant du public", "Les logements (maisons et appartements)", "Localisation des sir\u00e8nes", "P\u00e9rim\u00e8tres d'alerte", "P\u00e9rim\u00e8tres A1", "Carrefours A1", "Sens interdits A1", "P\u00e9rim\u00e8tres A2", "Carrefours A2", "Sens interdits A2", "P\u00e9rim\u00e8tres B", "Carrefours B", "Sens interdits B", "P\u00e9rim\u00e8tres C", "Carrefours C", "Sens interdits C", "P\u00e9rim\u00e8tres de distribution d'iode", "PPI : Plan particulier d'intervention", "PPI Zone portuaire", "Polygone d'isolement Pyrotechnie", "Plan de bouclage PPI", "Servitudes inscrites au PLU", "PPRT : Plan de Pr\u00e9vention des Risques Technologiques", "Mouvements de terrain", "Cavit\u00e9s souterraines", "Submersion marine", "Plan d'Intervention de Viabilit\u00e9 Hivernale", "Voies ferr\u00e9es", "Sens uniques", "Voies de communication", "Poteaux incendie", "Stations d'\u00e9puration", "R\u00e9servoirs d'eau potable", "Installation eau brute", "Installation eau trait\u00e9e", "Canalisations", "Canalisations de transport de gaz", "Ouvrages de coupure"], "GPB_SOL|public": ["MODE OCCUPATION SOL - CORINE Land Cover (Bretagne)", "MODE OCCUPATION SOL - Inventaire permanent du littoral (IPLi)", "MODE OCCUPATION SOL - Nature du sol (vocation plan de ville)", "MODE OCCUPATION SOL - Mode d'occupation du sol \u00e0 vocation urbanisme (Brest m\u00e9tropole)", "MODE OCCUPATION SOL - Mode d'occupation du sol du Pays de Brest (Geomer)", "MODE OCCUPATION SOL - Mode d'occupation du sol du Pays de Brest (ADEUPa)"], "pp04|DSIT": ["SIG.ESP_NET_TourneeCollecteDechets"], "GPB_NAT|public": ["ZONE PROTECTION GESTION - Classement sanitaire des zones de production de coquillages", "ZONE PROTECTION GESTION - Conservatoire du littoral", "ZONE PROTECTION GESTION - Parc National Marin d'Iroise", "ZONE PROTECTION GESTION - Parc Naturel R\u00e9gional d'Armorique", "ZONE PROTECTION GESTION - R\u00e9serves de Chasses Maritimes", "ZONE PROTECTION GESTION - Espaces Naturels Sensibles", "HABITATS BIOTOPES - Inventaire des Roseli\u00e8res (Zones Humides)", "HABITATS BIOTOPES - Inventaire des tourbi\u00e8res (Zones Humides)", "HABITATS BIOTOPES - Inventaire Local des Zones Humides", "HABITATS BIOTOPES - Inventaire Permanent des Zones Humides", "HABITATS BIOTOPES - Habitat d'esp\u00e8ces prot\u00e9g\u00e9es de la rivi\u00e8re Elorn (Natura 2000)", "HABITATS BIOTOPES - Habitat d'esp\u00e8ces prot\u00e9g\u00e9es de la Rade de Brest (Natura 2000)", "HABITATS BIOTOPES - Zone Natura 2000 de la Presqu'\u00eele de Crozon", "HABITATS BIOTOPES - Zone Natura 2000 de la rivi\u00e8re Elorn", "HABITATS BIOTOPES - Zone Natura 2000 de la Rade de Brest", "BOCAGE - Inventaire du lin\u00e9aire bocager", "BOCAGE - Boisement bocager", "AUTRE - Inventaire des plantes invasives"], "RisqueSecurite|public": ["PPRT Bmo", "PPRT Pays de Brest", "Zones basses littorales (submersion marine)"], "REF_CAD_INTRA_TaxesProfessionnelles|public": ["Limites communales", "Parcelles", "Coefficients \u00e0 la parcelle  (taux EN VIGUEUR)", "Secteurs d'\u00e9valuation \u00e0 la section", "Secteurs d'\u00e9valuation \u00e0 la commune"], "GPB_PHO_Intra|secure": ["Photos obliques parcours Tramway", "Photos diverses : Dr\u00f4nes, ballons...", "Photos Google Maps"], "Cartoweb_TransportUrbain|public": ["Parkings", "Points d'arr\u00eats", "Trac\u00e9s des lignes", "Transport scolaire hors Bibus"], "Infos_communes|public": ["Nb de cartes "], "Reseaux_restreint|public": ["Transport de gaz"], "TEM_cadastreSolaire|public": ["Potentiel d'ensoleillement de la toiture"], "Cartoweb_PLU|public": ["ZPPAUP - El\u00e9ments ponctuels", "ZPPAUP - El\u00e9ments lin\u00e9aires", "ZPPAUP - Typologie des b\u00e2timents", "ZPPAUP - El\u00e9ments surfaciques", "Canalisation eaux us\u00e9es", "Zonage d'assainissement", "Limite d'agglom\u00e9ration", "Zones de publicit\u00e9", "Limite d'agglom\u00e9ration", "Plan d'exposition au bruit de l' a\u00e9rodrome de Brest Guipavas (PEB) - Arr\u00e9t\u00e9 pr\u00e9fectoral du 05/01/2006", "Classement sonore des infrastructures de transports terrestres - Arr\u00e9t\u00e9 pr\u00e9fectoral du 12/02/2004", "Secteur affect\u00e9 par le bruit (infrastructure terrestre)", "Secteur soumis \u00e0 la taxe d'am\u00e9nagement", "Association Fonci\u00e8re Urbaine", "P\u00e9rim\u00e8tre de Projet Urbain Partenarial ", "Zone de pr\u00e9emption d\u00e9partementale au titre des espaces naturels sensibles", "Zone d'Am\u00e9nagement Concert\u00e9", "Zone de droit de pr\u00e9emption urbain renforc\u00e9", "Zone de pr\u00e9somption de prescriptions arch\u00e9ologiques ", "P\u00e9rim\u00e8tre de droit de pr\u00e9emption urbain", "Passage sur le littoral - EL9", "Monuments naturels et sites - AC2", "Monument historique et p\u00e9rim\u00e8tre de protection - AC1", "P\u00e9rim\u00e8tre de protection", "Zone de Protection du Patrimoine Architectural, Urbain et Paysager - AC4", "Installations class\u00e9es et sites constituant une menace pour la s\u00e9curit\u00e9 et la salubrit\u00e9 publique - PM2", "Plan de pr\u00e9vention des risques technologiques - PM3", "Cimeti\u00e8res - INT1", "Bois et for\u00eats soumis au r\u00e9gime forestier - A1", "Protection des eaux potables - AS1", "PT2", "PT1", "Canalisation de transport de gaz naturel haute pression - I3", "Ligne de transport \u00e9lectrique HT (63KV) et THT (225KV) - I4", "Lignes de t\u00e9l\u00e9communications - PT3", "Voisinage de voie ferr\u00e9e - T1", "Interdiction d'acc\u00e8s sur route - EL11", "Navigation int\u00e9rieure : Amers et phares - AR1", "Magasin \u00e0 poudre,munitions,artifices ou explosifs - AR3", "Fortification,place forte,poste et ouvrage militaire - AR5", "Protection des canalisations de transport de gaz - I3", "Transport \u00e9lectrique (poste) - I4", "Balisage des a\u00e9roports - T4", "Servitudes a\u00e9ronautique de d\u00e9gagement - T5", "Bande d'effet des canalisations de transport de gaz naturel haute pression - I3", "Servitudes \u00e0 l'ext\u00e9rieur des zones de d\u00e9gagement - T7 (Tout le territoire hors T5)", "Niveau marin de r\u00e9f\u00e9rence", "Orientations d'am\u00e9nagement et de programmation", "P\u00e9rim\u00e8tre de protection autour d'une installation industrielle \u00e0 risques", "Secteur de commerce", "Secteur de commerce", "Secteurs soumis aux risques de submersion marine", "Batiments du cadastre", "Limite de la bande de recul par rapport aux voies", "Interdiction d'acc\u00e8s sur voirie", "Constructions et ensembles ordonnanc\u00e9s", "Ligne d' implantation du b\u00e2ti", "Axes structurants", "Secteur construit \u00e0 l' identique", "Hauteur maximale des constructions", "Batiments du cadastre", "El\u00e9ments identifi\u00e9s au titre de l'article L123-1-5-7 Haies, talus", "D\u00e9limitation des espaces proches du rivage et bande littorale des 100m", "Zonage contour", "Captage ne faisant pas l'objet d''une servitude d'utilit\u00e9 publique", "P\u00e9rim\u00e8tre de protection d'un captage ne faisant pas l'objet d'une servitude d'utilit\u00e9 publique", "B\u00e2timent prot\u00e9g\u00e9 au titre du L123-1-5-7 du code de l'urbanisme", "P\u00e9rim\u00e8tre d'attente de projet d'am\u00e9nagement, servitude de localisation", "Emplacement r\u00e9serv\u00e9", "Fen\u00eatre visuelle", "Zone humide", "El\u00e9ment d'int\u00e9r\u00eat paysager", "Espace bois\u00e9 class\u00e9", "Sentier pi\u00e9tonnier \u00e0 conserver", "Batiments du cadastre", "B\u00e2timents", "Zonage"], "cs10|DSIT": ["d\u00e9tails topo", "SIG.REF_VOI_FILAIREVOIES_V", "Lieux-dits 8000 - 500", "Nature et structures de chauss\u00e9es 2000", "Nature et structures de chauss\u00e9es 4000", "parcelles", "batiments", "BMO_Espaces verts", "ilots", "Occupation du sol"], "AAA_AVT|public": ["Plantes invasives", "lin\u00e9aire bocager", "boisements"], "Brest2016_LaFeteMAJ_consult|public": ["Les arr\u00eats", "La navette port", "Les lignes", "Parkings"], "JourneeduPatrimoine|public": ["Tous les \u00e9v\u00e9nements", "Visites et ouvertures", "Expositions", "Balades et circuits", "Animations / Ateliers", "Rencontres", "Spectacles vivants", "Jeune public / Famille", "Trac\u00e9s des balades"], "AppliPlantes_Invasives_CouchesEdition|public": ["Veille cours d'eau", "Plantes invasives"], "MAJ_RepresentationPourControleP|public": ["Voies du Pays de Brest", "Adresses du Pays de Brest", "Filaire non d\u00e9nomm\u00e9", "Filaire du Pays de Brest", "Chemins de randonn\u00e9e du Pays de Brest", "D\u00e9coupage en lots des lotissements ayant l'objet d'un permis d'am\u00e9nager"], "EssaiLD_SIGEO_InterrogationGroupe|public": ["Communes", "Quartiers"], "PhotoAerienne_1954|public": ["Emprise photo"], "ModeOccupationSol|public": ["Occupation du sol 2015 - Pays de Brest"], "AppliPortageRepas|public": ["Portage des repas"], "Deplacement|public": ["Accidents Bmo", "Accidents Pays de Brest", "Bmo : voies", "Bmo : trafic moyen journalier par sens", "Voies structurantes", "Panneaux", "R\u00e8gles sur tron\u00e7ons de voie (marquage,...)", "R\u00e8gles sur zones, aires, ...", "Arr\u00eats Penn-ar-Bed r\u00e9seau cars ", "Lignes Penn-ar-Bed r\u00e9seau cars", "Parkings", "Points d'arr\u00eats", "Trac\u00e9s des lignes", "Gares", "Voies ferr\u00e9es", "Arr\u00eats bus", "Trac\u00e9s lignes bus", "Stationnement v\u00e9lo", "Am\u00e9nagements cyclables", "Jalonnement v\u00e9lo", "Aires de covoiturage", "Panneaux", "R\u00e8gles sur tron\u00e7ons de voie (marquage,...)", "R\u00e8gles sur zones, aires, ...", "Mat\u00e9riels de paiement du stationnement", "Parkings", "Zones de stationnement r\u00e9glement\u00e9"], "da02|DSIT": ["SIG.RES_EPL_CollecteurPonctuel"], "FondPlanAppli|public": ["Lieux-dits", "Nom de voies", "Ligne C T\u00e9l\u00e9ph\u00e9rique", "Voies principales", "Voies  secondaires", "Bati Sport", "Bati Culture", "Bati Administration", "Communes 64000", "Rivi\u00e8res", "SNCF BMO", "Voies ferr\u00e9es (Hors Bmo)", "Batiments Suppl", "B\u00e2timents", "Lacs", "P\u00e9rim\u00e8tre des zones d'activit\u00e9s", "Pays_zones_bati_vert_eau", "Occupation du sol"], "Fond_mer_communes_clair|public": ["Lacs, abers, ...", "Communes", "Limite Terre-Mer"], "GPB_EVE_Intra_Recensement|secure": ["SIG.DEM_REC_EchantillonRecense", "SIG.DEM_REC_RepertImmeubLocalises", "Les immeubles d'habitation", "Les logements (maisons et appartements)", "Les locaux (logement, d\u00e9pendances, commerce, industrie)"], "GPB_PLU|public": ["Notes de renseignements d'urbanisme (NRU)", "Batiments du cadastre", "El\u00e9ments identifi\u00e9s au titre de l'article L123-1-5-7 Haies, talus", "D\u00e9limitation des espaces proches du rivage et bande littorale des 100m", "Zonage contour", "Captage ne faisant pas l'objet d''une servitude d'utilit\u00e9 publique", "P\u00e9rim\u00e8tre de protection d'un captage ne faisant pas l'objet d'une servitude d'utilit\u00e9 publique", "B\u00e2timent prot\u00e9g\u00e9 au titre du L123-1-5-7 du code de l'urbanisme", "P\u00e9rim\u00e8tre d'attente de projet d'am\u00e9nagement, servitude de localisation", "Emplacement r\u00e9serv\u00e9", "Fen\u00eatre visuelle", "Zone humide", "El\u00e9ment d'int\u00e9r\u00eat paysager", "Espace bois\u00e9 class\u00e9", "Sentier pi\u00e9tonnier \u00e0 conserver", "Batiments du cadastre", "Zonage", "Limite de la bande de recul par rapport aux voies", "Interdiction d'acc\u00e8s sur voirie", "Constructions et ensembles ordonnanc\u00e9s", "Ligne d' implantation du b\u00e2ti", "Axes structurants", "Secteur construit \u00e0 l' identique", "Hauteur maximale des constructions", "Batiments du cadastre", "Niveau marin de r\u00e9f\u00e9rence", "Orientations d'am\u00e9nagement et de programmation", "P\u00e9rim\u00e8tre de protection autour d'une installation industrielle \u00e0 risques", "Secteur de commerce", "Secteur de commerce", "Secteurs soumis aux risques de submersion marine", "Batiments du cadastre", "Canalisation de transport de gaz naturel haute pression - I3", "Ligne de transport \u00e9lectrique HT (63KV) et THT (225KV) - I4", "Lignes de t\u00e9l\u00e9communications - PT3", "Voisinage de voie ferr\u00e9e - T1", "Interdiction d'acc\u00e8s sur route - EL11", "Navigation int\u00e9rieure : Amers et phares - AR1", "Magasin \u00e0 poudre,munitions,artifices ou explosifs - AR3", "Fortification,place forte,poste et ouvrage militaire - AR5", "Protection des canalisations de transport de gaz - I3", "Transport \u00e9lectrique (poste) - I4", "Balisage des a\u00e9roports - T4", "Servitudes a\u00e9ronautique de d\u00e9gagement - T5", "Bande d'effet des canalisations de transport de gaz naturel haute pression - I3", "Servitudes \u00e0 l'ext\u00e9rieur des zones de d\u00e9gagement - T7 (Tout le territoire hors T5)", "PT2", "PT1", "Passage sur le littoral - EL9", "Monuments naturels et sites - AC2", "Monument historique et p\u00e9rim\u00e8tre de protection - AC1", "P\u00e9rim\u00e8tre de protection", "Zone de Protection du Patrimoine Architectural, Urbain et Paysager - AC4", "Installations class\u00e9es et sites constituant une menace pour la s\u00e9curit\u00e9 et la salubrit\u00e9 publique - PM2", "Plan de pr\u00e9vention des risques technologiques - PM3", "Cimeti\u00e8res - INT1", "Bois et for\u00eats soumis au r\u00e9gime forestier - A1", "Protection des eaux potables - AS1", "Secteur soumis \u00e0 la taxe d'am\u00e9nagement", "Association Fonci\u00e8re Urbaine", "P\u00e9rim\u00e8tre de Projet Urbain Partenarial ", "Zone de pr\u00e9emption d\u00e9partementale au titre des espaces naturels sensibles", "Zone d'Am\u00e9nagement Concert\u00e9", "Zone de droit de pr\u00e9emption urbain renforc\u00e9", "Zone de pr\u00e9somption de prescriptions arch\u00e9ologiques ", "P\u00e9rim\u00e8tre de droit de pr\u00e9emption urbain", "Plan d'exposition au bruit de l' a\u00e9rodrome de Brest Guipavas (PEB) - Arr\u00e9t\u00e9 pr\u00e9fectoral du 05/01/2006", "Classement sonore des infrastructures de transports terrestres - Arr\u00e9t\u00e9 pr\u00e9fectoral du 12/02/2004", "Secteur affect\u00e9 par le bruit (infrastructure terrestre)", "Limite d'agglom\u00e9ration", "Zones de publicit\u00e9", "Limite d'agglom\u00e9ration", "Canalisation eaux us\u00e9es", "Zonage d'assainissement", "Zonage"], "Cartoweb_CollecteProprete|public": ["Points d'apport volontaire - D\u00e9chetteries", "Conteneurs textile", "Ordures m\u00e9nag\u00e8res : jour de passage", "Tri s\u00e9lectif : jour de passage"], "Reseau_AEP|public": ["Poteau incendie", "Canalisation eau potable"], "GPB_ESP|public": ["OCCUPATION ESPACE PUBLIC - Dispositifs publicitaires (panneaux, enseignes, totem, ...)", "MOBILIER URBAIN - Panneaux publicitaires", "MOBILIER URBAIN - Panneaux d'expression libre", "MOBILIER URBAIN - Panneaux d'information", "MOBILIER URBAIN - Panneaux Relais d'Information Service (RIS) (Plan de Ville)", "ESPACES VERTS - Zones d'agr\u00e8s", "ESPACES VERTS - Zones de jeux", "ESPACES_VERTS_JardinsPartages", "ESPACES VERTS - Sentiers (Brest m\u00e9tropole)", "ESPACES VERTS - Parcs d'agglom\u00e9ration", "ESPACES VERTS - Contour des espaces verts", "ESPACES VERTS - Balades urbaines", "DECHETS PROPRETE - Points d'apport volontaire (Brest M\u00e9tropole)", "DECHETS PROPRETE - Points d'apport volontaire (Pays de Brest)", "DECHETS PROPRETE - Bacs individuels d'ordures m\u00e9nag\u00e8res (Brest M\u00e9tropole)", "DECHETS PROPRETE - Conteneurs textiles (Brest M\u00e9tropole)", "DECHETS PROPRETE - Tourn\u00e9e de collecte des d\u00e9chets (Brest M\u00e9tropole)", "AUTRES - Programmation des travaux"], "AppliPlantes_Invasives_CouchesConsultation|public": ["Ouvrages CE", "Cours d'eau du Finist\u00e8re", "Cours d'eau Brest m\u00e9tropole", "Zone humide", "Invasives_terrestres", "sites_inv s\u00e9lection DEV", "Invasives_terrestres s\u00e9lection", "Lieux-dits (\u00e9tiquettes)", "Limites communales"], "tv21|DSIT": ["SIG.DEP_ARR_Circ_Stat_s"], "REF_CAD_INTRA_TaxesPro_Proposition|secure": ["Locaux du cadastre avec code activit\u00e9 "], "VacancesCommerciales|public": ["Vacances commerciales"], "GPB_REF_Intra_RTS|secure": ["SIG.REF_TOP_RTS_Anomalies_Q", "SIG.REF_TOP_RTS_Anomalies_G", "RTS - Lignes (en cours de validation)", "RTS - Points-Enveloppes (en cours de validation)", "RTS - Points-Habillage (en cours de validation)", "RTS - Points (en cours de validation)", "RTS - Surfaces (en cours de validation)", "RTS3 - Marquage  (en cours de validation)", "RTS - Emprise des lots livr\u00e9s"], "AppliMAJ_GestionColonnesPAV|public": ["Gestion des colonnes"], "MAJ_RepresentationPourControle|AppliSIG": ["Voies du Pays de Brest", "Adresses du Pays de Brest", "Filaire non d\u00e9nomm\u00e9", "Filaire du Pays de Brest", "Chemins de randonn\u00e9e du Pays de Brest", "D\u00e9coupage en lots des lotissements ayant l'objet d'un permis d'am\u00e9nager"], "PlanVilleAllege|public": ["Emprise", "Communaut\u00e9s de communes (\u00e9tiquettes)", "Annotation du plan de ville", "Pays (\u00e9tiquettes)", "Limites des Pays", "Liaisons maritimes", "Limites administratives ports", "Stationnement PMR", "Num\u00e9ros d'adresses (\u00e9tiquettes)", "Lieux-dits (\u00e9tiquettes)", "Texte carte petite \u00e9chelle (\u00e9tiquettes)", "Pontons", "Ponts 16000-6000", "Nationale 128000 - 512000", "Nationale 128000 - 512000", "Nationale 128000 - 64000", "Nature et structures de chauss\u00e9es 128000", "Nationale 64000", "Nature et structures de chauss\u00e9es 64000", "Nationale 32000", "Nature et structures de chauss\u00e9es 32000", "Nature et structures de chauss\u00e9es 16000", "Nature et structures de chauss\u00e9es 16000", "Nature et structures de chauss\u00e9es 8000", "Nature et structures de chauss\u00e9es 8000", "Nature et structures de chauss\u00e9es 8000", "Nature et structures de chauss\u00e9es 8000", "Ponts 16000-6000", "Escaliers 8000-4000", "Nature et structures de chauss\u00e9es 4000", "Pont 4000-2001", "Nature et structures de chauss\u00e9es 4000", "Nature et structures de chauss\u00e9es 4000", "Nature et structures de chauss\u00e9es 2000", "Escaliers 3000-2000", "Pont 2000-1001", "Nature et structures de chauss\u00e9es 2000", "Nature et structures de chauss\u00e9es 2000", "Nature et structures de chauss\u00e9es 1000", "Escaliers 1000-500", "Pont 1000-500", "Nature et structures de chauss\u00e9es 1000", "Nature et structures de chauss\u00e9es 1000", "Nature et structures de chauss\u00e9es 500", "Nature et structures de chauss\u00e9es 500", "Nature et structures de chauss\u00e9es 500", "Chemins pdipr", "Chemins", "Communaut\u00e9s de communes", "Quartiers des \u00e9lus brestois", "Rivi\u00e8res", "SNCF BMO", "Voies ferr\u00e9es (Hors Bmo)", "Voies ferr\u00e9es pays +128000", "Voies ferr\u00e9es pays -128000", "Bati Sport", "Bati Culture", "Bati Administration", "Bati Commerces ", "Batiments Suppl", "B\u00e2timents", "Batiments Suppl", "B\u00e2timents", "B\u00e2timents (Ombrage)", "Espaces verts BMO 16000-8000", "Espaces verts BMO 4000", "Iles", "Communaut\u00e9s de communes", "Communes 128000", "Communes 64000", "Communes Hors Pays de Brest", "Lacs", "Terrains de sport", "V\u00e9g\u00e9tation ", "Cimeti\u00e8re", "P\u00e9rim\u00e8tre des zones d'activit\u00e9s", "Nature du sol", "Communes 64000", "Mer"], "GPB_REF_Intra|secure": ["VOIES ADRESSES - Base des voies (Fiches Identit\u00e9)", "TOPOGRAPHIE TGE - Emprises des lev\u00e9s topographiques"], "GPB_ESP_Intra_TRAVAUX|secure": ["Travaux en cours", "Travaux programm\u00e9s non commenc\u00e9s", "Tous les travaux (historique,en cours, et pr\u00e9visions)"], "Reseaux|public": ["Potable - Appareillage", "Potable - Compteur technique", "Potable - Compteur abonn\u00e9", "Potable - Fl\u00eache d'\u00e9coulement", "Potable - Fontainerie", "Potable - Habillage texte", "Potable - Installation eau brute", "Potable - Installation eau trait\u00e9e", "Potable - Noeud de base", "Potable - Pi\u00e8ce", "Potable - Poteau incendie", "Potable - R\u00e9gulation", "Potable - R\u00e9servoir", "Potable - Vanne", "Potable - Canalisation", "Potable - Cotation", "Potable - Habillage lin\u00e9aire", "Potable - Emprise d'ouvrage", "Potable - Plan de recolement", "Sch\u00e9ma directeur - orientation des travaux", "Sch\u00e9ma directeur - projets connus", "Sch\u00e9ma distribution - zones desservies", "Bassin versant de Kermorvan", "Us\u00e9e - Appareillage", "Us\u00e9e - Fl\u00eache d'\u00e9coulement", "Us\u00e9e - Habillage texte", "Us\u00e9e - Collecteur ponctuel", "Us\u00e9e - Noeud de base", "Us\u00e9e - Ouvrage", "Us\u00e9e - Pi\u00e8ce", "Us\u00e9e - Point de branchement", "Us\u00e9e - Regard", "Us\u00e9e - Vanne", "Us\u00e9e - Canalisation", "Us\u00e9e - Cotation", "Us\u00e9e - Habillage lin\u00e9aire", "Us\u00e9e - Emprise d'ouvrage", "Us\u00e9e - Plan de r\u00e9colement", "Pluviale - Appareillage", "Pluviale - Fl\u00eache d'\u00e9coulement", "Pluviale - Habillage texte", "Pluviale - Collecteur ponctuel", "Pluviale - Noeud de base", "Pluviale - Ouvrage", "Pluviale - Pi\u00e8ce", "Pluviale - Point de branchement", "Pluviale - Regard", "Pluviale - Vanne", "Pluviale - Canalisation", "Pluviale - Collecteur lin\u00e9aire", "Pluviale - Cotation", "Pluviale - Habillage lin\u00e9aire", "Pluviale - Emprise d'ouvrage", "Pluviale - Plan de r\u00e9colement", "Transformateurs ENEDIS", "Transformateurs (tr\u00e8s) haute tension", "Lignes (tr\u00e8s) haute tension", "Lignes ENEDIS", "Ouvrages de coupure", "Postes clients", "Postes normaux", "R\u00e9seau en service", "R\u00e9seau abandonn\u00e9", "Armoires d'\u00e9clairage public", "Points lumineux d'\u00e9clairage public", "R\u00e9seau d'\u00e9clairage public"], "MAJ_Equipements|public": ["A-Administration et service aux usagers", "B-Espace public et espace vert", "C-Petite enfance", "D-Culture, loisirs", "E-Education, formation", "F-Commerce", "G-Economie et emploi", "H-Culte", "I-Sant\u00e9", "J-Tourisme et h\u00e9bergement touristique", "K-Sport, nautisme", "L-Solidarit\u00e9", "M-Se loger, habiter au quotidien", "N-D\u00e9placement, mobilit\u00e9", "Tous (Classe)", "Guide du Bien vieillir ", "Pr\u00e9sence RIS", "Tous (indiff\u00e9renci\u00e9s sans etiquette)", "Tous (indiff\u00e9renci\u00e9s avec etiquette)"], "CarteSituation|public": ["Mer", "Communes", "Communaut\u00e9s de communes", "Communaut\u00e9s de communes", "Localisant - Lieux-dits", "Localisant - Voies", "Localisant - Communaut\u00e9s de communes", "Localisant - Communes", "Localisation - Adresses"], "PhotoAerienne_1919|public": ["Nom des voies", "Emprise photo"], "GPB_LIM_INTRA_Compilation|secure": ["Inter-communalit\u00e9s du Pays de Brest (Etiquettes)", "Inter-communalit\u00e9s du Pays de Brest (Limites)", "Inter-communalit\u00e9s du Pays de Brest", "Communes Pays de Brest (Etiquettes)", "Communes Pays de Brest  (Limites)", "Communes Pays de Brest ", "Communes Brest m\u00e9tropole (Etiquettes)", "Communes Brest m\u00e9tropole (Limites)", "Communes Brest m\u00e9tropole", "Secteurs de recrutement des coll\u00e8ges publics", "Secteurs de recrutement des \u00e9coles publiques", "Lieux de vote (ville de Brest)", "Bureaux de vote (ville de Brest)", "Quartiers administratifs de Brest"], "GPB_DEM|public": ["RECENSEMENT - Population municipale depuis 2006 ramen\u00e9e au quartier iris", "RECENSEMENT - Maillage 200x200m", "RECENSEMENT - Population 1990 ramen\u00e9e \u00e0 l'\u00eelot", "RECENSEMENT - Population 1990 ramen\u00e9e \u00e0 l'iris", "RECENSEMENT - Population 1999 ramen\u00e9e \u00e0 l'\u00eelot", "RECENSEMENT - Population 1999 ramen\u00e9e \u00e0 l'iris 2000", "RECENSEMENT - Population 1999 ramen\u00e9e \u00e0 l'iris 5000", "RECENSEMENT - Population 2010  ramen\u00e9 \u00e0 une grille de 200x200m", "RECENSEMENT - Population 2010 de Bretagne ramen\u00e9e \u00e0 une grille de 1x1km", "RECENSEMENT - Zone infra-communale \u00e0 fa\u00e7on pour des donn\u00e9es INSEE"], "SIFE_transport_commun|public": ["Gares", "Voies ferr\u00e9es", "Points d'arr\u00eats Brest M\u00e9tropole", "Points d'arr\u00eats Ar Bus Landerneau", "Lignes", "Lignes Penn-ar-Bed r\u00e9seau cars"], "Relief|public": ["Brest m\u00e9tropole : courbes de niveau 5m", "Brest m\u00e9tropole : courbes de niveau 2,5m", "Brest m\u00e9tropole : courbes de niveau 50 cm", "Brest m\u00e9tropole : pentes des voies"], "AppliEPL_MAJ_CouchesConsultation|secure": ["Pi\u00e8ces  (Hors BM)", "Vannes  (Hors BM)", "Collecteurs ponctuel  (Hors BM)", "Pts de brcht  (Hors BM)", "Regards (Hors BM)", "Ouvrages  (Hors BM)", "Collecteur lin\u00e9aire (Hors BM)", "Canalisations (Hors BM)", "Ouvrage emprise (Hors BM)", "Fontainerie", "Points de comptage", "Poteaux incendie", "Canalisations", "R\u00e9servoirs", "Emprises d'ouvrage", "Appareillage", "Ouvrage", "Point de branchement", "Regard", "Vanne", "Canalisation", "Cotation", "Emprise d'ouvrage", "AS1 - Protection des eaux - Servitude d'utilit\u00e9 publique", "Protection des eaux (Brest m\u00e9tropole)", "Mesures structurales", "Points remarquables", "Objets de nature autre que structurale", "Lignes d\u00e9limitant une formation g\u00e9ologique", "Objets g\u00e9ologiques lin\u00e9aires li\u00e9s aux structures d'origine tectonique", "Surcharges", "Formations g\u00e9ologiques", "El\u00e9ments identifi\u00e9s au titre de l'article L123-1-5-7 Haies, talus", "D\u00e9limitation des espaces proches du rivage et bande littorale des 100m", "Zonage contour", "Captage ne faisant pas l'objet d''une servitude d'utilit\u00e9 publique", "P\u00e9rim\u00e8tre de protection d'un captage ne faisant pas l'objet d'une servitude d'utilit\u00e9 publique", "B\u00e2timent prot\u00e9g\u00e9 au titre du L123-1-5-7 du code de l'urbanisme", "P\u00e9rim\u00e8tre d'attente de projet d'am\u00e9nagement, servitude de localisation", "Emplacement r\u00e9serv\u00e9", "Fen\u00eatre visuelle", "Zone humide", "El\u00e9ment d'int\u00e9r\u00eat paysager", "Espace bois\u00e9 class\u00e9", "Sentier pi\u00e9tonnier \u00e0 conserver", "Zonage"], "GPB_CAD_JS|DSIT": ["CADASTRE - Fl\u00e8ches de num\u00e9ro de parcelle", "CADASTRE - Bornes de propri\u00e9t\u00e9s", "CADASTRE - Ensembles immobiliers", "CADASTRE - Habillage du plan cadastrale (ponctuel)", "CADASTRE - Immeubles d'habitations", "CADASTRE - Locaux", "CADASTRE - Logements", "CADASTRE - Symboles de mitoyennet\u00e9", "CADASTRE - Numeros de voie du plan cadastral (ponctuel)", "CADASTRE - Habillage du plan cadastrale (lin\u00e9aire)", "CADASTRE - Zones de communication du plan cadastral", "CADASTRE - Batiments du cadastre", "CADASTRE - Batiments suppl\u00e9mentaires", "CADASTRE - Limites communales", "CADASTRE - Habillage du plan cadastrale (surfacique)", "CADASTRE - El\u00e9ments hydrographiques du plan cadastral", "CADASTRE - Objets du r\u00e9seau routier", "CADASTRE - Parcelles cadastrales", "CADASTRE - Sections cadastrales", "CADASTRE - Propri\u00e9taires institutionnels", "CADASTRE - Subdivisions fiscales", "CADASTRE - Subdivisions de sections", "CADASTRE - Espace cadastr\u00e9"], "AppliAstreinteEPE_CouchesEdition|public": ["Interventions astreinte EPE"], "da02qualif|DSIT": ["SIG.RES_EPL_CollecteurPonctuel"], "GPB_CAD|public": ["CADASTRE - Fl\u00e8ches de num\u00e9ro de parcelle", "CADASTRE - Bornes de propri\u00e9t\u00e9s", "CADASTRE - Ensembles immobiliers", "CADASTRE - Habillage du plan cadastrale (ponctuel)", "CADASTRE - Immeubles d'habitations", "CADASTRE - Locaux", "CADASTRE - Logements", "CADASTRE - Symboles de mitoyennet\u00e9", "CADASTRE - Numeros de voie du plan cadastral (ponctuel)", "CADASTRE - Habillage du plan cadastrale (lin\u00e9aire)", "CADASTRE - Zones de communication du plan cadastral", "CADASTRE - Batiments du cadastre", "CADASTRE - Batiments suppl\u00e9mentaires", "CADASTRE - Limites communales", "CADASTRE - Habillage du plan cadastrale (surfacique)", "CADASTRE - El\u00e9ments hydrographiques du plan cadastral", "CADASTRE - Objets du r\u00e9seau routier", "CADASTRE - Parcelles cadastrales", "CADASTRE - Sections cadastrales", "CADASTRE - Propri\u00e9taires institutionnels", "CADASTRE - Subdivisions fiscales", "CADASTRE - Subdivisions de sections", "CADASTRE - Espace cadastr\u00e9"], "HabitatLocaux|public": ["B\u00e2timents municipaux"], "AppliPointsEco_CouchesEdition|public": ["PAV_MAJ"], "pp03OM|DSIT": ["fleches_OM", "HAUT_LE_PIED_OM", "segm_tour_OM"], "MAJ_GeneriqueSansSuppressions|AppliSIG": ["Base adresses du Pays de Brest (MAJ)", "Base voies du Pays de Brest (MAJ)", "Filaire du Pays de Brest (MAJ)", "Signalements"], "GPB_PTL|public": ["TOURISME LOISIRS - Sites des parcours pi\u00e9tons urbains", "TOURISME LOISIRS - Circuits des parcours pi\u00e9tons urbains", "TOURISME LOISIRS - Belv\u00e9d\u00e8res et tables d'orientation", "TOURISME LOISIRS - Sites Patrimoniaux", "TOURISME LOISIRS - Itin\u00e9raire des chemins balis\u00e9s (pi\u00e9tons, VTT)", "TOURISME LOISIRS - Circuits de randonn\u00e9e (Brest M\u00e9tropole)", "TOURISME LOISIRS - Trac\u00e9 du GR34 (Brest M\u00e9tropole)", "TOURISME LOISIRS - GR du Plan D\u00e9partemental d'Itin\u00e9raire de Promenade et de Randonn\u00e9e (PDIPR)", "TOURISME LOISIRS - PR du Plan D\u00e9partemental d'Itin\u00e9raire de Promenade et de Randonn\u00e9e (PDIPR)", "TOURISME LOISIRS - Associations de P\u00eache et de Protection des milieux aquatiques", "TOURISME LOISIRS - Zones de P\u00eache \u00e0 Pied sur le littoral de la Rade de Brest", "PATRIMOINE MARITIME - H\u00e9ritage D\u00e9fense Militaire des c\u00f4tes", "PATRIMOINE MARITIME - Ports d'int\u00e9r\u00eat patrimonial", "PATRIMOINE MARITIME - Signalisation et surveillance des c\u00f4tes", "PATRIMOINE MARITIME - Mus\u00e9es et sites de transmission", "PATRIMOINE MARITIME - Autres h\u00e9ritages remarquables", "PATRIMOINE ARCHITECTURAL CULTUREL- Trac\u00e9 des anciennes fortifications", "PATRIMOINE ARCHITECTURAL CULTUREL - Emprise des anciennes fortifications", "PATRIMOINE ARCHITECTURAL CULTUREL - Zones de pr\u00e9somption de prescriptions arch\u00e9ologiques"], "GPB_DEP_Bibus|public": ["Parkings-relais", "Points d'arr\u00eats", "Trac\u00e9 de la ligne", "Gares du t\u00e9l\u00e9ph\u00e9rique", "Trac\u00e9 de la ligne", "Points d'arr\u00eats", "Trac\u00e9 de la ligne", "Points d'arr\u00eats", "Trac\u00e9 de la ligne", "Points d'arr\u00eats", "Trac\u00e9 de la ligne", "Points d'arr\u00eats", "Trac\u00e9 de la ligne", "Points d'arr\u00eats", "Trac\u00e9 de la ligne", "Points d'arr\u00eats", "Trac\u00e9 de la ligne", "Points d'arr\u00eats", "Trac\u00e9 de la ligne", "Points d'arr\u00eats", "Trac\u00e9 de la ligne", "Points d'arr\u00eats", "Trac\u00e9 de la ligne", "Points d'arr\u00eats", "Trac\u00e9 de la ligne", "Points d'arr\u00eats", "Trac\u00e9 de la ligne", "Points d'arr\u00eats", "Trac\u00e9 de la ligne", "Points d'arr\u00eats", "Trac\u00e9 de la ligne", "Points d'arr\u00eats", "Trac\u00e9 de la ligne", "Points d'arr\u00eats", "Trac\u00e9 de la ligne", "Points d'arr\u00eats", "Trac\u00e9 de la ligne", "Points d'arr\u00eats", "Trac\u00e9 de la ligne", "Points d'arr\u00eats", "Trac\u00e9 de la ligne", "Points d'arr\u00eats", "Trac\u00e9 de la ligne", "Points d'arr\u00eats", "Trac\u00e9 de la ligne", "Points d'arr\u00eats", "Trac\u00e9 de la ligne", "Points d'arr\u00eats", "Trac\u00e9 des lignes", "Points d'arr\u00eats", "Trac\u00e9 des lignes", "Points d'arr\u00eats", "Trac\u00e9 de la ligne"], "ZonesPLU|public": ["Pays de Brest"], "SIFE_maj_pub|public": ["Entreprises", "SCI et syndicats de copropri\u00e9t\u00e9s", "Lots", "Espaces \u00e9conomiques", "C\u0153urs de ville"], "Economie|public": ["Etablissements rattach\u00e9s \u00e0 la CCI", "Cultures marines du Pays de Brest", "Registre parcellaire graphique anonyme (RPGA)", "Zones d'activit\u00e9s \u00e9conomiques du Pays de Brest", "D\u00e9coupage en lots", "P\u00e9rim\u00e8tre des zones d'activit\u00e9s", "P\u00e9rim\u00e8tre des zones d'activit\u00e9s du Pays de Brest"], "Americains_CouchesEdition|public": ["Infrastructures", "Camps", "R\u00e9seaux"], "GPB_RES|public": ["ENERGIE - Chauffage urbain - Abonn\u00e9s", "ENERGIE - Chauffage urbain - Chaufferies", "ENERGIE - Chauffage urbain - Regards", "ENERGIE - Chauffage urbain - Canalisations", "ECLAIRAGE ET SIGNALISATION - Armoires de commande", "ECLAIRAGE ET SIGNALISATION - Points lumineux", "ARROSAGE - Compteurs d'arrosage", "ARROSAGE - R\u00e9seau d'alimentation primaire d'arrosage", "ARROSAGE - Zones arros\u00e9es"], "GPB_CAD_Intra|secure": ["CADASTRE - Parcelles cadastrales", "CADASTRE - Num Parcelle", "CADASTRE - Unit\u00e9 fonci\u00e8re"], "AppliTerrasses_CouchesEdition|public": ["Type de commerce sur le quai de la douane"], "PhotoAerienne_1930|public": ["Nom des voies", "Emprise photo"], "PlanVille|public": ["Emprise", "Sites remarquables (pte \u00e9chelle)", "Sites remarquables (gde \u00e9chelle)", "Communaut\u00e9s de communes (\u00e9tiquettes)", "Annotation du plan de ville", "Pays (\u00e9tiquettes)", "Limites des Pays", "Cultes", "Education, enfance", "D\u00e9placements maritimes", "H\u00e9bergement gens du voyage", "Parkings", "D\u00e9placements", "Aires de covoiturage", "Culture Loisirs", "Tourisme", "Mairies et annexes", "Sport", "Equipements de proximit\u00e9", "Zones de jeux", "Sens unique", "Arr\u00eats de tramway", "Arr\u00eat transport Pen ar Bed", "Arr\u00eat T\u00e9l\u00e9ph\u00e9rique", "Ligne C T\u00e9l\u00e9ph\u00e9rique", "Arr\u00eat Bus", "Sant\u00e9", "Liaisons maritimes", "Limites administratives ports", "Stationnement PMR", "Num\u00e9ros d'adresses (\u00e9tiquettes)", "Lieux-dits (\u00e9tiquettes)", "Texte carte petite \u00e9chelle (\u00e9tiquettes)", "Pontons", "Ponts 16000-6000", "Nationale 128000 - 512000", "Nationale 128000 - 512000", "Nationale 128000 - 64000", "Nature et structures de chauss\u00e9es 128000", "Nationale 64000", "Nature et structures de chauss\u00e9es 64000", "Nationale 32000", "Nature et structures de chauss\u00e9es 32000", "Nature et structures de chauss\u00e9es 16000", "Nature et structures de chauss\u00e9es 16000", "Nature et structures de chauss\u00e9es 8000", "Nature et structures de chauss\u00e9es 8000", "Nature et structures de chauss\u00e9es 8000", "Nature et structures de chauss\u00e9es 8000", "Ponts 16000-6000", "Escaliers 8000-4000", "Nature et structures de chauss\u00e9es 4000", "Pont 4000-2001", "Nature et structures de chauss\u00e9es 4000", "Nature et structures de chauss\u00e9es 4000", "Nature et structures de chauss\u00e9es 2000", "Escaliers 3000-2000", "Pont 2000-1001", "Nature et structures de chauss\u00e9es 2000", "Nature et structures de chauss\u00e9es 2000", "Nature et structures de chauss\u00e9es 1000", "Escaliers 1000-500", "Pont 1000-500", "Nature et structures de chauss\u00e9es 1000", "Nature et structures de chauss\u00e9es 1000", "Nature et structures de chauss\u00e9es 500", "Nature et structures de chauss\u00e9es 500", "Nature et structures de chauss\u00e9es 500", "Chemins pdipr", "Chemins", "Communaut\u00e9s de communes", "Quartiers des \u00e9lus brestois", "Rivi\u00e8res", "SNCF BMO", "Voies ferr\u00e9es (Hors Bmo)", "Voies ferr\u00e9es pays +128000", "Voies ferr\u00e9es pays -128000", "Bati Sport", "Bati Culture", "Bati Administration", "Bati Commerces ", "Batiments Suppl", "B\u00e2timents", "Batiments Suppl", "B\u00e2timents", "B\u00e2timents (Ombrage)", "Espaces verts BMO 16000-8000", "Espaces verts BMO 4000", "Iles", "Communaut\u00e9s de communes", "Communes 128000", "Communes 64000", "Communes Hors Pays de Brest", "Lacs", "Terrains de sport", "V\u00e9g\u00e9tation ", "Cimeti\u00e8re", "P\u00e9rim\u00e8tre des zones d'activit\u00e9s", "Nature du sol", "Communes 64000", "Mer"], "GPB_TEM|public": ["Potentiel d'ensoleillement de la toiture"], "Telechargement3D|public": ["Dalles 3D", "Sites 3D", "B\u00e2timents : Emprise 3D"], "GPB_ESP_Intra_NET|public": ["Tri s\u00e9lectif : jour de passage", "Ordures m\u00e9nag\u00e8res : jour de passage"], "AppliMAJ_QualiteEauBaignade|public": ["Qualit\u00e9 des eaux de baignade"], "AppliPollution_CouchesConsultation|public": ["Inventaire SIRENE des \u00e9tablissements", "Etablissements rattach\u00e9s \u00e0 la CCI", "Serres maraich\u00e8res", "Si\u00e8ge des exploitations", "Registre parcellaire graphique anonyme (RPGA)", "Zones de p\u00eache", "Cultures marines du Pays de Brest", "Pi\u00e9zom\u00e8tres", "R\u00e9seau de points de pr\u00e9l\u00e8vement", "R\u00e9seau mer", "R\u00e9seau littoral", "R\u00e9seau bassin versant", "courbes de niveau 5m", "courbes de niveau 2,5m", "courbes de niveau 50 cm", "zones de m\u00eame altitude - r\u00e9solution 1m", "Appareillage", "Fl\u00eache d'\u00e9coulement", "Habillage texte", "Collecteur ponctuel", "Noeud de base", "Ouvrage", "Pi\u00e8ce", "Point de branchement", "Regard", "Vanne", "Canalisation", "Cotation", "Habillage lin\u00e9aire", "Emprise d'ouvrage", "Plan de r\u00e9colement", "Appareillages", "Collecteurs ponctuels", "Fl\u00eache d'\u00e9coulement", "Habillage texte", "Noeud de base", "Ouvrages", "Pi\u00e8ce", "Points de Branchement", "Regards", "Vanne", "Canalisations", "Collecteur lin\u00e9aire", "Cotation", "Habillage lin\u00e9aire", "Emprise d'ouvrage", "Plan de r\u00e9colement", "Inspection cam\u00e9ra r\u00e9seau EP - Brest m\u00e9tropole", "Bassins eaux pluviales - Brest m\u00e9tropole", "Bassins versants des bassins de r\u00e9tention EP - Brest m\u00e9tropole", "Cours d'eau du Finist\u00e8re", "Cours d'Eau Bmo", "Bassins versants prise d'eau brute", "P\u00e9rim\u00e8tres de protection de prise d'eau potable", "Limite des bassins versants", "Points de pr\u00e9l\u00e8vement plages", "Bassin versant de la Rade", "Grands bassins versants de la Rade", "Sous bassins versants de la Rade", "Sous bassins versants de la Rade (compl\u00e9ment)", "Exutoires des sous-bassins", "Grands bassins versants de la Rade", "SAGE de la Rade", "Zonage d'assainissement", "El\u00e9ments identifi\u00e9s au titre de l'article L123-1-5-7", "D\u00e9limitation des espaces proches du rivage et bande littorale des 100m (trac\u00e9 indicatif)", "Sous secteur de ZAC", "Zonage", "Fen\u00eatre visuelle", "Emplacement r\u00e9serv\u00e9", "Captage ne faisant pas l'objet d'une servitude d'utilit\u00e9 publique", "P\u00e9rim\u00e8tre de protection d'un captage ne faisant pas l'objet d'une servitude d'utilit\u00e9 publique, zone humide", "Sentier pi\u00e9tonnier \u00e0 conserver", "El\u00e9ments identifi\u00e9s au titre de l'article L123-1-5-7 : b\u00e2timent", "El\u00e9ments identifi\u00e9s au titre de l'article L123-1-5-7 : boisement", "Espace bois\u00e9 class\u00e9", "P\u00e9rim\u00e8tre d'attente de projet d'am\u00e9nagement, servitude de localisation", "Zonage"], "GPB_URB_Intra_InstructionDIA|secure": ["Renouvellement urbain - Batiments concern\u00e9s", "Veille fonci\u00e8re habitat", "Espaces r\u00e9serv\u00e9s gestion des unitaires Eau du Ponant", "Sites mutables structurants - proposition d'acqu\u00e9reur", "sites_mutables - parcelles", "sites_mutables - p\u00e9rim\u00e8tre", "Dem acquisition fonci\u00e8re multiservice", "Dem acquisition fonci\u00e8re par service", "Verrous fonciers", "Op\u00e9ration EPF", "Projets fonciers", "Projets d'am\u00e9nagement", "PLU - Doc1 - Emplacement r\u00e9serv\u00e9", "PLU - Doc1 - Zonage 2AU", "PLU A4 -Zone d'Am\u00e9nagement Concert\u00e9", "PLU A4 -Zone de pr\u00e9emption d\u00e9partementale au titre des espaces naturels sensibles", "Batiment", "Parcelle"], "TelechargementDivers|public": ["Commune (centro\u00efde)", "Communaut\u00e9 de commune"], "Reseau_AEP|Partenaires": ["Poteau incendie", "Canalisation eau potable"], "VegetPNRA|public": ["Grands types de v\u00e9g\u00e9tation du PNRA (source CBN Brest 10/2017)", "Grands types de v\u00e9g\u00e9tation sur les marges du PNRA (source CBN Brest 10/2017)"], "PatrimoineNaturel|public": ["Plantes invasives (inventaire en cours)", "Cours d'eau du Finist\u00e8re", "Zones humides effectives", "Inventaire sp\u00e9cifique : roseli\u00e8res", "Inventaire sp\u00e9cifique : tourbi\u00e8res", "R\u00e9serves de chasse maritime", "ZNIEFF type 1 : Zones", "ZNIEFF type 1 : Points remarquables", "ZNIEFF type 2 : Zones", "Espaces naturels sensibles", "Zones Natura 2000", "Points remarquables", "Mesures structurales", "Objets de nature autre que structurale", "Lignes d\u00e9limitant une formation g\u00e9ologique", "Objets g\u00e9ologiques lin\u00e9aires li\u00e9s aux structures d'origine tectonique", "Surcharges", "Formations g\u00e9ologiques"], "ServicesEquipements|public": ["Associations", "Administration", "Commerce", "Culte", "Culture Loisirs", "D\u00e9placement", "Ecoles maternelles et primaires", "Economie Emploi", "Education Formation", "Enseignement secondaire", "Enseignement sup\u00e9rieur", "Espaces verts - Espaces publics", "Petite enfance", "Proximit\u00e9", "Nautisme", "Nautisme, Sport BMO", "Sant\u00e9", "Sport", "Tourisme - H\u00e9bergment touristique", "Tous les \u00e9quipements"], "Cartoweb_QuartiersDecoupages|public": ["Bureaux", "Secteurs de vote", "Cantons du Finist\u00e8re", "Circonscriptions du Finist\u00e8re", "Quartiers prioritaires de la politique de la ville", "Quartiers Iris (INSEE)", "Brest : territoire des mairies de quartier", "Communes du Pays de Brest"], "Urbanisme|public": ["P\u00e9rim\u00e8tre de droit de pr\u00e9emption urbain", "Plan d'exposition au bruit de l' a\u00e9rodrome de Brest Guipavas (PEB) - Arr\u00e9t\u00e9 pr\u00e9fectoral du 05/01/2006", "Classement sonore des infrastructures de transports terrestres - Arr\u00e9t\u00e9 pr\u00e9fectoral du 12/02/2004", "Secteur affect\u00e9 par le bruit (infrastructure terrestre)", "Limite d'agglom\u00e9ration", "Zones de publicit\u00e9", "Limite d'agglom\u00e9ration", "Canalisation eaux us\u00e9es", "Zonage d'assainissement", "Zonage Pays de Brest", "Prescriptions ponctuelles", "Prescriptions lin\u00e9aires", "Prescriptions surfaciques", "Servitudes d'utilit\u00e9 publique - ponctuel", "Servitudes d'utilit\u00e9 publique - lin\u00e9aire", "Servitudes d'utilit\u00e9 publique - surfacique", "Communes", "Zone de pr\u00e9somption de prescriptions arch\u00e9ologiques ", "AR1 - Surfacique", "AR2 - Lin\u00e9aire", "AR2 - Surfacique", "AR3 - Magasin \u00e0 poudre et explosifs", "AR5 - Lin\u00e9aire", "AR5 - Surfacique", "AS1 - Protection des eaux", "EL8 - Lin\u00e9aire", "EL8 - Surfacique", "EL9 - Passage des pi\u00e9tons sur le littoral", "EL11 - Interdictions d'acc\u00e8s aux routes express et d\u00e9viations", "I3 - Lin\u00e9aire", "I3 - Surfacique", "I4 - Lin\u00e9aire", "I4 - Surfacique", "PM1 - Plans de pr\u00e9vention des risques naturels ou miniers", "PM2 - Installations class\u00e9es", "PM3 - Plans de pr\u00e9vention des risques technologiques", "PT1 - Protection contre les perturbations \u00e9lectromagn\u00e9tiques", "PT2 - Protection contre les obstacles", "PT3 - R\u00e9seaux de communications t\u00e9l\u00e9phoniques et t\u00e9l\u00e9graphiques", "T1 - Voies ferr\u00e9es", "T4 - Balisage a\u00e9ronautique", "T5 - D\u00e9gagement a\u00e9ronautique", "T7 - Ext\u00e9rieur des zones de d\u00e9gagement", "Aulne Maritime", "Pays de Lesneven, C\u00f4te des L\u00e9gendes", "Pays d'Iroise", "Pays de Landerneau-Daoulas", "Pays des Abers", "Pays de Pleyben-Chateaulin-Porzay", "Presqu'\u00eele de Crozon", "El\u00e9ments identifi\u00e9s au titre de l'article L123-1-5-7 Haies, talus", "D\u00e9limitation des espaces proches du rivage et bande littorale des 100m", "Zonage contour", "Captage ne faisant pas l'objet d''une servitude d'utilit\u00e9 publique", "P\u00e9rim\u00e8tre de protection d'un captage ne faisant pas l'objet d'une servitude d'utilit\u00e9 publique", "B\u00e2timent prot\u00e9g\u00e9 au titre du L123-1-5-7 du code de l'urbanisme", "P\u00e9rim\u00e8tre d'attente de projet d'am\u00e9nagement, servitude de localisation", "Emplacement r\u00e9serv\u00e9", "Fen\u00eatre visuelle", "Zone humide", "El\u00e9ment d'int\u00e9r\u00eat paysager", "Espace bois\u00e9 class\u00e9", "Sentier pi\u00e9tonnier \u00e0 conserver", "Zonage", "Limite de la bande de recul par rapport aux voies", "Interdiction d'acc\u00e8s sur voirie", "Constructions et ensembles ordonnanc\u00e9s", "Ligne d' implantation du b\u00e2ti", "Axes structurants", "Secteur construit \u00e0 l' identique", "Hauteur maximale des constructions", "Niveau marin de r\u00e9f\u00e9rence", "Orientations d'am\u00e9nagement et de programmation", "P\u00e9rim\u00e8tre de protection autour d'une installation industrielle \u00e0 risques", "Secteur de commerce", "Secteur de commerce", "Secteurs soumis aux risques de submersion marine", "Canalisation de transport de gaz naturel haute pression - I3", "Ligne de transport \u00e9lectrique HT (63KV) et THT (225KV) - I4", "Lignes de t\u00e9l\u00e9communications - PT3", "Voisinage de voie ferr\u00e9e - T1", "Interdiction d'acc\u00e8s sur route - EL11", "Navigation int\u00e9rieure : Amers et phares - AR1", "Magasin \u00e0 poudre,munitions,artifices ou explosifs - AR3", "Fortification,place forte,poste et ouvrage militaire - AR5", "Protection des canalisations de transport de gaz - I3", "Transport \u00e9lectrique (poste) - I4", "Balisage des a\u00e9roports - T4", "Servitudes a\u00e9ronautique de d\u00e9gagement - T5", "Bande d'effet des canalisations de transport de gaz naturel haute pression - I3", "Servitudes \u00e0 l'ext\u00e9rieur des zones de d\u00e9gagement - T7 (Tout le territoire hors T5)", "PT2", "PT1", "Passage sur le littoral - EL9", "Monuments naturels et sites - AC2", "Monument historique et p\u00e9rim\u00e8tre de protection - AC1", "P\u00e9rim\u00e8tre de protection", "Zone de Protection du Patrimoine Architectural, Urbain et Paysager - AC4", "Installations class\u00e9es et sites constituant une menace pour la s\u00e9curit\u00e9 et la salubrit\u00e9 publique - PM2", "Plan de pr\u00e9vention des risques technologiques - PM3", "Cimeti\u00e8res - INT1", "Bois et for\u00eats soumis au r\u00e9gime forestier - A1", "Protection des eaux potables - AS1", "Secteur soumis \u00e0 la taxe d'am\u00e9nagement", "Association Fonci\u00e8re Urbaine", "P\u00e9rim\u00e8tre de Projet Urbain Partenarial ", "Zone de pr\u00e9emption d\u00e9partementale au titre des espaces naturels sensibles", "Zone d'Am\u00e9nagement Concert\u00e9", "Zone de droit de pr\u00e9emption urbain renforc\u00e9", "Document en vigueur", "Contour de zonage", "Textes", "Traits", "Surfaces", "El\u00e9ments du paysage \u00e0 conserver", "Autres prescriptions", "Informations compl\u00e9mentaires", "El\u00e9ments du paysage \u00e0 conserver", "Autres prescriptions", "Informations compl\u00e9mentaires", "El\u00e9ments du paysage \u00e0 conserver", "Autres prescriptions", "Informations compl\u00e9mentaires", "AC1 - Ponctuel", "AC1 - Surfacique", "AC2 - Sites inscrits et class\u00e9s", "AC3 - R\u00e9serves naturelles", "AC4 - Ponctuel", "AC4 - Lin\u00e9aire", "AC4 - Surfacique", "AR1 - Ponctuel", "AR1 - Lin\u00e9aire"], "GPB_RES_Intra|public": ["EAU POTABLE - Poteaux incendie", "EAU POTABLE - Canalisations"], "AppliEPL_MAJ_CouchesEdition|secure": ["Recueil Evenements EPL", "Etiquette Ouvrages", "Etiquette Collecteurs (ponctuel)", "Etiquette regards (n\u00b0 cotes T Fe)", "Eau pluviale - Etiquettes \u00d8 et mat\u00e9riau", "Appareillage", "Pi\u00e8ces", "Eau pluviale - Vannes", "Collecteurs (ponctuel)", "Points de branchement", "Regards", "Ouvrages", "Collecteur lin\u00e9aire", "Canalisations", "Inventaire ITV", "Cours d'eau Bmo", "Bassins Eaux Pluviales - BM", "Ouvrage emprise", "BV des bassins EPL - BM", "Tourn\u00e9es des avaloirs"], "CartoBruit|public": ["Masque d'affichage", "Limites communales de Brest m\u00e9tropole", "Lieux-dits (\u00e9tiquettes)", "Routes petite \u00e9chelle (\u00e9tiquettes)", "Niveaux d'exposition aux bruits a\u00e9riens sur 24h ", "Tramway", "Voies ferr\u00e9es", "Routes", "Eau", "Emprise site industriel potentiellement bruyant", "\u00c9tat : D\u00e9fense", "Classement sonore des voies routi\u00e8res et ferroviaires", "Secteur affect\u00e9 par le bruit", "B\u00e2timents"], "MAJ_GeneriqueSansSuppressions|public": ["Base adresses du Pays de Brest (MAJ)", "Base voies du Pays de Brest (MAJ)", "Filaire du Pays de Brest (MAJ)", "Signalements"], "MAJ_Bat|secure": ["SIG.BAT_IMM_BatiMuni_Entretien"], "SIFE_consult_pub|public": ["Entreprises", "SCI et syndicats de copropri\u00e9t\u00e9s", "Lots", "Espaces \u00e9conomiques", "Espaces \u00e9conomiques", "C\u0153urs de ville", "La m\u00e9tropole et les communaut\u00e9s du Pays de Brest"], "AppliMAJ_Keolis|public": ["Bibus arr\u00eats", "Bibus lignes"], "AppliBatiAgri_CouchesEdition|public": ["Inventaire des b\u00e2timents agricoles pouvant changer de destination"], "AppliMAJ_EquipSport|public": ["A-Administration et service aux usagers", "B-Espace public et espace vert", "C-Petite enfance", "D-Culture, loisirs", "E-Education, formation", "F-Commerce", "G-Economie et emploi", "H-Culte", "I-Sant\u00e9", "J-Tourisme et h\u00e9bergement touristique", "K-Sport, nautisme", "L-Solidarit\u00e9", "M-Se loger, habiter au quotidien", "N-D\u00e9placement, mobilit\u00e9", "Tous (Classe)", "Guide du Bien vieillir ", "Pr\u00e9sence RIS", "Tous (indiff\u00e9renci\u00e9s sans etiquette)", "Tous (indiff\u00e9renci\u00e9s avec etiquette)"], "Fond_mer_communes|public": ["Lacs, abers, ...", "Communes", "Limite Terre-Mer"], "AAA_AVT|secure": ["Plantes invasives", "lin\u00e9aire bocager", "boisements"], "Referents|public": ["R\u00e9f\u00e9rents"], "OccupationSol|public": ["Points remarquables", "Mesures structurales", "Objets de nature autre que structurale", "Lignes d\u00e9limitant une formation g\u00e9ologique", "Objets g\u00e9ologiques lin\u00e9aires li\u00e9s aux structures d'origine tectonique", "Formations g\u00e9ologiques", "Surcharges"], "Infos_communes|AppliSIG": ["Nb de cartes "], "SIFE_PUBLIC|public": ["Lots", "Espaces \u00e9conomiques", "La m\u00e9tropole et les communaut\u00e9s du Pays de Brest"], "REF_RTS_ChantierAcquisition_consultation|public": ["commande en cours QUARTA", "commande en cours GEOFIT", "VOIES RTS -  typo - \u00e0 lever", "FilaireVoieBrestMetropole BM", "FilaireVoieBrestMetropole GAZ", "FilaireVoieBrestMetropole ELEC", "FilaireVoieBrestMetropole EDP", "FilaireVoieBrestMetropole CHALEUR", "SIG.REF_VOI_FilaireVoies", "SIG.REF_TOP_RTS_Cases", "SIG.REF_RTS_parcelles", "ARROSAGE", "EAUPLUVIALE", "ASSAINISSEMENT", "EAUPOTABLE", "EAUPOTABLE300m", "ECLAIRAGE", "CHALEUR", "FIBRE", "GAZENSERVICE", "ELECSOUTERRAIN", "Communes de Brest m\u00e9tropole"], "MAJ_CCPCP|public": ["Lieux-dits provisoires"], "PlanVilleTinergie|secure": ["Photos Google Maps", "R\u00e9seau de chaleur urbain", "Quartiers administratifs de Brest", "Limites communales du Pays de Brest", "Voies", "Zonage PLU", "Espaces verts Brest m\u00e9tropole", "Hydrographie", "Fonds", "Nom des voies", "B\u00e2timent", "Batiments Suppl", "Ilots"], "MAJ_GeneriqueAttributaire|AppliSIG": ["Domanialit\u00e9", "P\u00e9rim\u00e8tres", "Parcelles (sites mutables)", "R\u00e9seau AEP - Canalisation", "R\u00e9seau EU - Canalisation", "Signalements Plan de Ville"], "GPB_BAT|public": ["IMMOBILIER LOGEMENT - Caract\u00e9risation b\u00e2timents (carto bruit)", "IMMOBILIER LOGEMENT - Immobilier municipal et communautaire", "POLITIQUE DE LA VILLE - Zonage du Contrat Urbain de Coh\u00e9sion Sociale", "POLITIQUE DE LA VILLE - Renouvellement Urbain", "POLITIQUE DE LA VILLE - Quartiers prioritaires"], "PlanVille_CCPCP|public": ["Communes 64000_CCPCP", "Nationale 128000 - 512000", "Nationale 128000 - 512000", "Nature et structures de chauss\u00e9es 128000", "Nature et structures de chauss\u00e9es 64000", "Nature et structures de chauss\u00e9es 32000", "Nature et structures de chauss\u00e9es 16000", "Nature et structures de chauss\u00e9es 8000", "Nature et structures de chauss\u00e9es 8000", "Nature et structures de chauss\u00e9es 4000", "Nature et structures de chauss\u00e9es 2000", "Nature et structures de chauss\u00e9es 1000", "Nature et structures de chauss\u00e9es 500", "B\u00e2timent_CCPCP", "Communes 128000_CCPCP", "Cours d'eau_CCPCP", "v\u00e9g\u00e9tation_CCPCP", "Occupation du sol_CCPCP"], "pics|public": ["Panneaux d'information", "Etablissements recevant du public", "Les logements (maisons et appartements)", "Localisation des sir\u00e8nes", "P\u00e9rim\u00e8tres d'alerte", "P\u00e9rim\u00e8tres A1", "Carrefours A1", "Sens interdits A1", "P\u00e9rim\u00e8tres A2", "Carrefours A2", "Sens interdits A2", "P\u00e9rim\u00e8tres B", "Carrefours B", "Sens interdits B", "P\u00e9rim\u00e8tres C", "Carrefours C", "Sens interdits C", "P\u00e9rim\u00e8tres de distribution d'iode", "PPI : Plan particulier d'intervention", "PPI Zone portuaire", "Polygone d'isolement Pyrotechnie", "Plan de bouclage PPI", "Servitudes inscrites au PLU", "PPRT : Plan de Pr\u00e9vention des Risques Technologiques", "Mouvements de terrain", "Cavit\u00e9s souterraines", "Submersion marine", "Plan d'Intervention de Viabilit\u00e9 Hivernale", "Voies ferr\u00e9es", "Sens uniques", "Voies de communication", "Poteaux incendie", "Stations d'\u00e9puration", "R\u00e9servoirs d'eau potable", "Installation eau brute", "Installation eau trait\u00e9e", "Canalisations", "Canalisations de transport de gaz", "Ouvrages de coupure", "Postes clients", "Postes normaux", "R\u00e9seau en service", "R\u00e9seau abandonn\u00e9", "Transformateurs (tr\u00e8s) haute tension", "Lignes (tr\u00e8s) haute tension", "Lignes EDF", "Transformateurs", "Cours d'eau"], "EspacePublic|public": ["Adresses Hors Bmo", "Domaine public maritime", "D\u00e9chets - points d'apport Pays", "D\u00e9chets - points d'apport volontaire Brest m\u00e9tropole", "Conteneurs textile"], "GPB_RIS|public": ["RISQUES TECHNOLOGIQUES - Sites class\u00e9s BASOL", "RISQUES TECHNOLOGIQUES - Plan de Pr\u00e9vention des Risques Technologiques (Brest M\u00e9tropole)", "RISQUES TECHNOLOGIQUES - Plan de Pr\u00e9vention des Risques Technologiques (Pays de Brest)", "RISQUES NATURELS - Plan de Pr\u00e9vention des Risques Naturels (Pays de Brest)", "RISQUES NATURELS - Zones basses littorales (submersion marine)", "RISQUES NATURELS - Cavit\u00e9s souterraines", "RISQUES NATURELS - Mouvements de terrain", "SECURITE CIVILE - Etablissements recevant du public (ERP)", "SECURITE CIVILE - Localisation des sir\u00e8nes", "SECURITE CIVILE - P\u00e9rim\u00e8tres d'alerte", "SECURITE CIVILE - Plan de bouclage PPI", "SECURITE CIVILE - P\u00e9rim\u00e8tres de distribution d'iode", "SECURITE CIVILE - PPI : p\u00e9rim\u00e8tres"], "PhotoAerienne_1999|public": ["Emprise photo"], "AppliSignalMediateurs|public": ["Veille active espace public"], "pp01|DSIT": ["d\u00e9tails topo", "Lieux-dits 8000 - 500", "Nature et structures de chauss\u00e9es 2000", "Nature et structures de chauss\u00e9es 4000", "parcelles", "batiments", "BMO_Espaces verts", "Occupation du sol", "ilots"], "OpenData_BaseDSIT|public": ["Services et \u00e9quipements (tous)"], "Cartoweb_CirculationStationnement|public": ["Panneaux", "R\u00e8gles sur tron\u00e7ons de voie (marquage,...)", "R\u00e8gles sur zones, aires, ...", "Panneaux", "R\u00e8gles sur tron\u00e7ons de voie (marquage,...)", "R\u00e8gles sur zones, aires, ...", "Mat\u00e9riels de paiement du stationnement", "Parkings", "Zones de stationnement r\u00e9glement\u00e9", "Comptage v\u00e9hicules : total jour", "Stationnement", "Am\u00e9nagements cyclables", "Jalonnement"], "GPB_EVE|public": ["EVENEMENT SPORTIF - Points d'int\u00e9ret - Sports", "EVENEMENT SPORTIF - Points d'int\u00e9ret - Proximit\u00e9", "EVENEMENT SPORTIF - Points d'int\u00e9ret - Secours", "EVENEMENT SPORTIF - Points d'int\u00e9ret - Culture, patrimoine", "EVENEMENT SPORTIF - Points d'int\u00e9ret - Esp Verts", "MOBILITE - Alerte trafic routier", "EVENEMENT SPORTIF - Lignes", "EQUIPEMENTS PUBLICS - Sport", "EVENEMENT SPORTIF - Points d'int\u00e9ret", "EVENEMENT SPORTIF - P\u00e9rim\u00e8tre"], "GPB_DEP_Intra|public": ["Vitesse : axes", "Vitesse : mesures", "Poids lourds : Axes", "HPS : axes", "HPS : mesures", "HPM  : Axes", "HPM : Mesures", "TMJO  : Axes", "TMJO : Mesures"], "GPB_REF|public": ["VOIES ADRESSES - Adresses", "VOIES ADRESSES - Lieux Dits", "VOIES ADRESSES - Segments de Voies (Domanialit\u00e9)", "VOIES ADRESSES - Tron\u00e7ons de voie (nature de voie))", "VOIES ADRESSES - Base des voies", "VOIES ADRESSES - Voies (filaire unifi\u00e9)", "TOPOGRAPHIE TGE - Restitution 3D du Sol (Lin\u00e9aire)", "TOPOGRAPHIE TGE - Restitution 3D du Sol (Ponctuel)", "REFERENTIELS MARITIMES - Mar\u00e9e : laisse des plus basses et hautes eaux", "REFERENTIELS MARITIMES - Trait de c\u00f4te", "REFERENTIELS MARITIMES - Traits de c\u00f4te naturels anciens - Cerema", "REFERENTIELS MARITIMES - Traits de c\u00f4te naturels r\u00e9cents - Cerema", "REFERENTIELS MARITIMES - Limite Terre Mer", "ALTITUDE - Courbes de niveau 2,5m", "ALTITUDE - Courbes de niveau 50cm", "ALTITUDE - Courbes de niveau 5m", "ALTITUDE - Pentes des voies", "PHOTO - Dalles de t\u00e9l\u00e9chargement"], "GPB_ECO|public": ["PECHE - Zones de p\u00eache en Rade de Brest", "ENTREPRISES COMMERCES - Zones d'activit\u00e9 \u00e9conomique", "ENTREPRISES COMMERCES - Espaces \u00e9conomiques - Pays de Brest", "ENTREPRISES COMMERCES - Zones d'activit\u00e9 \u00e9conomique - Pays de Brest", "ENTREPRISES COMMERCES - Etablissements rattach\u00e9s \u00e0 la CCI", "ENTREPRISES COMMERCES - Locaux commerciaux CCI", "ENTREPRISES COMMERCES - InventaireSIRENE", "EMPLOI - Localisation des emplois", "EMPLOI - Emploi ramen\u00e9 aux \u00eelots INSEE", "EMPLOI - Enquete 2006 - Emploi aux Ports de Commerce et de Plaisance", "AGRICULTURE ELEVAGE - Registre Parcellaire Graphique Anonyme", "AGRICULTURE ELEVAGE - Cultures marines (Cadastre conchylicole)"], "Cadastre|public": ["Num voirie"], "GPB_LIM|public": ["LIMITES ADMINISTRATIVES - Quartiers \"TRIRIS\" INSEE (Regroupement IRIS) (Brest)", "LIMITES ADMINISTRATIVES - Quartiers IRIS (Finist\u00e8re)", "LIMITES ADMINISTRATIVES - Communes du Pays de Brest", "LIMITES ADMINISTRATIVES - Pays touristiques (Pays de Brest)", "LIMITES ADMINISTRATIVES - Inter-communalit\u00e9s du Pays de Brest (\u00e9tiquettes)", "LIMITES ADMINISTRATIVES - Inter-communalit\u00e9s du Pays de Brest", "LIMITES ADMINISTRATIVES - Limites de cantons du Finist\u00e8re", "LIMITES ADMINISTRATIVES - Pays du Finist\u00e8re ", "LIMITES ADMINISTRATIVES - Departements (Bretagne et Loire-Atlantique)", "GRILLE ET CARROYAGE - Emprise du Pays de Brest", "GRILLE ET CARROYAGE - Emprises des plans de ville du Pays de Brest", "GRILLE ET CARROYAGE - Grille 5x5 km", "GRILLE ET CARROYAGE - Index des plans de ville du Pays de Brest (500m)", "LIMITES ADMINISTRATIVES - Secteurs de recrutement des coll\u00e8ges publics", "LIMITES ADMINISTRATIVES - Secteurs de recrutement des \u00e9coles publiques", "LIMITES ADMINISTRATIVES - Lieux de vote (Brest)", "LIMITES ADMINISTRATIVES - Bureaux de vote (Brest)", "LIMITES ADMINISTRATIVES - Secteurs des lieux de vote (Brest)", "LIMITES ADMINISTRATIVES - Secteurs des \u00e9lus de Brest m\u00e9tropole", "LIMITES ADMINISTRATIVES - Circonscriptions \u00e9lectorales du Finist\u00e8re", "LIMITES ADMINISTRATIVES - Quartiers administratifs (Brest)", "LIMITES ADMINISTRATIVES - H\u00f4tel de ville et mairies de quartiers de Brest", "LIMITES ADMINISTRATIVES - Quartiers IRIS 2000 (Brest m\u00e9tropole)"], "pics2|AppliSIG": ["Panneaux d'information", "Etablissements recevant du public", "Les logements (maisons et appartements)", "Localisation des sir\u00e8nes", "P\u00e9rim\u00e8tres d'alerte", "P\u00e9rim\u00e8tres A1", "Carrefours A1", "Sens interdits A1", "P\u00e9rim\u00e8tres A2", "Carrefours A2", "Sens interdits A2", "P\u00e9rim\u00e8tres B", "Carrefours B", "Sens interdits B", "P\u00e9rim\u00e8tres C", "Carrefours C", "Sens interdits C", "P\u00e9rim\u00e8tres de distribution d'iode", "PPI : Plan particulier d'intervention", "PPI Zone portuaire", "Polygone d'isolement Pyrotechnie", "Plan de bouclage PPI", "Servitudes inscrites au PLU", "PPRT : Plan de Pr\u00e9vention des Risques Technologiques", "Mouvements de terrain", "Cavit\u00e9s souterraines", "Submersion marine", "Plan d'Intervention de Viabilit\u00e9 Hivernale", "Voies ferr\u00e9es", "Sens uniques", "Voies de communication", "Poteaux incendie", "Stations d'\u00e9puration", "R\u00e9servoirs d'eau potable", "Installation eau brute", "Installation eau trait\u00e9e", "Canalisations", "Canalisations de transport de gaz", "Ouvrages de coupure", "Postes clients", "Postes normaux", "R\u00e9seau en service", "R\u00e9seau abandonn\u00e9", "Transformateurs (tr\u00e8s) haute tension", "Lignes (tr\u00e8s) haute tension", "Lignes EDF", "Transformateurs", "Cours d'eau"], "Cartoweb_Textes|public": ["N\u00b0 d'immeuble", "Lieux-dits", "Nom de voies"], "GPB_DEM_Intra_Recensement|secure": ["Echantillon \u00e0 recenser (2018)", "RIL", "Les immeubles d'habitation", "Les logements (maisons et appartements)", "Les locaux (logement, d\u00e9pendances, commerce, industrie)"], "GPB_DEP|public": ["TRANSPORT ROUTIER VOIRIE - Plan d'Intervention de Viabilit\u00e9 Hivernale", "TRANSPORT ROUTIER VOIRIE - Accidents de la circulation - Brest M\u00e9tropole", "TRANSPORT ROUTIER VOIRIE - Accidents de la circulation - Pays de Brest", "TRANSPORT ROUTIER VOIRIE - Comptage directionnel (Carrefours)", "TRANSPORT ROUTIER VOIRIE - Comptage directionnel sur une zone", "TRANSPORT ROUTIER VOIRIE - Comptages sur voies", "TRANSPORT ROUTIER VOIRIE - Points kilom\u00e9triques", "TRANSPORT ROUTIER VOIRIE - Routes \u00e0 grande circulation (loi Barnier)", "TRANSPORT MARITIME FLUVIAL - Liaisons maritimes", "TRANSPORT MARITIME FLUVIAL - Limites administratives des Ports", "TRANSPORT MARITIME FLUVIAL - Domaine Public Maritime (DPM)", "TRANSPORT COLLECTIF - Arr\u00eats de bus et de tramway", "TRANSPORT COLLECTIF - Lignes de bus et de tramway", "TRANSPORT COLLECTIF - Arr\u00eats du r\u00e9seau de cars PennArBed (CD29)", "TRANSPORT COLLECTIF - Lignes du r\u00e9seau de cars PennArBed (CD29)", "TRANSPORT COLLECTIF - Lignes de transport scolaire (hors BIBUS)", "STATIONNEMENT - Aires de covoiturage", "STATIONNEMENT - Parkings", "STATIONNEMENT - Zones de stationnement r\u00e9glement\u00e9", "STATIONNEMENT - Mat\u00e9riels de paiement du stationnement", "MODE ACTIF - Stationnement Velo", "MODE ACTIF - Am\u00e9nagements cyclables existants", "MODE ACTIF - Jalonnements cyclables existants", "ORGANISATION PLANIFICATION - Sch\u00e9ma directeur v\u00e9lo : parkings v\u00e9los ferm\u00e9s propos\u00e9s", "ORGANISATION PLANIFICATION - Sch\u00e9ma directeur v\u00e9lo : parkings-relais", "ORGANISATION PLANIFICATION - Sch\u00e9ma directeur v\u00e9lo : r\u00e9seau cyclable", "ORGANISATION PLANIFICATION - Sch\u00e9ma directeur v\u00e9lo : espaces calm\u00e9s", "ARRETES - R\u00e9gles de circulation et stationnement (ponctuel)", "ARRETES - R\u00e9gles de circulation et stationnement  (lin\u00e9aire)", "ARRETES - R\u00e9gles de circulation et stationnement (surfacique)", "ARRETES - Arr\u00eat\u00e9s temporaires en cours ou \u00e0 venir", "ARRETES PROJET (ponctuel) - R\u00e9gles de circulation et stationnement", "ARRETES PROJET (lin\u00e9aire) - R\u00e9gles de circulation et stationnement  ", "ARRETES PROJET (surfacique)- R\u00e9gles de circulation et stationnement "], "GPB_BAT_Accessibilite|public": ["B\u00e2timents municipaux"], "GPB_RES_Intra|secure": ["EAU POTABLE - Poteaux incendie", "EAU POTABLE - Canalisations"], "GPB_BAT_Intra_ObsCopro|secure": ["IMMOBILIER LOGEMENT - Coproprietes : points adresses", "IMMOBILIER LOGEMENT - Observatoire des copropri\u00e9t\u00e9s de Brest m\u00e9tropole", "TINERGIE - \u00c9tat d'avancement l\u00e9gende", "TINERGIE - Chauffage collectif", "TINERGIE - \u00c9tiquette \u00e9nergie avant travaux"], "GPB_EQU|public": ["EQUIPEMENTS PUBLICS - Mairies et annexes", "EQUIPEMENTS PUBLICS - Culture Loisirs", "EQUIPEMENTS PUBLICS - Tourisme", "EQUIPEMENTS PUBLICS - Sport", "EQUIPEMENTS PUBLICS - Nautisme", "EQUIPEMENTS PUBLICS - Sant\u00e9, social", "EQUIPEMENTS PUBLICS - Education, enfance", "EQUIPEMENTS PUBLICS - Espaces verts (les principaux)", "EQUIPEMENTS PUBLICS - Zones de jeux", "EQUIPEMENTS PUBLICS - Zones d'agr\u00e8s", "EQUIPEMENTS PUBLICS - Stationnements", "EQUIPEMENTS PUBLICS - Mobilit\u00e9, transport", "EQUIPEMENTS PUBLICS - Proximit\u00e9", "EQUIPEMENTS PUBLICS - Toutes cat\u00e9gories", "ENSEIGNEMENT - Ecoles primaires"], "GPB_URB|public": ["ZONAGES DIVERS (Brest m\u00e9tropole) - Zone de Protection du Patrimoine Architectural, Urbain et Paysager (ZPPAUP) - El\u00e9ments ponctuels", "ZONAGES DIVERS (Brest m\u00e9tropole) - Facades ayant un int\u00e9r\u00eat architectural particulier", "ZONAGES DIVERS (Brest m\u00e9tropole) - Zone de Protection du Patrimoine Architectural, Urbain et Paysager (ZPPAUP) - El\u00e9ments lin\u00e9aires", "ZONAGES DIVERS (Brest m\u00e9tropole) - Zone de Protection du Patrimoine Architectural, Urbain et Paysager (ZPPAUP) - El\u00e9ments textuels", "ZONAGES DIVERS (Brest m\u00e9tropole) - Zone de Protection du Patrimoine Architectural, Urbain et Paysager (ZPPAUP) - B\u00e2timents", "ZONAGES DIVERS (Brest m\u00e9tropole) - Zone de Protection du Patrimoine Architectural, Urbain et Paysager (ZPPAUP) - El\u00e9ments surfaciques", "SERVITUDES UTILITE PUBLIQUE (Pays de Brest) - El\u00e9ments ponctuels", "SERVITUDES UTILITE PUBLIQUE (Pays de Brest) - El\u00e9ments lin\u00e9aires", "SERVITUDES UTILITE PUBLIQUE (Pays de Brest) - El\u00e9ments surfaciques", "PLANIFICATION ET DOCUMENTS URBANISME - SCOT (Pays de Brest) - Agglomerations et villages", "PLANIFICATION ET DOCUMENTS URBANISME - SCOT (Pays de Brest) - Espaces \u00e9conomiques", "PLANIFICATION ET DOCUMENTS URBANISME - SCOT (Pays de Brest) - Zones d'amenagement commercial", "PLANIFICATION ET DOCUMENTS URBANISME - SCOT (Pays de Brest) - Espaces Proches du Rivage (EPR)", "PLANIFICATION ET DOCUMENTS URBANISME - SCOT (Pays de Brest) - Communes littorales", "PLANIFICATION ET DOCUMENTS URBANISME - SCOT (Pays de Brest) - Continuit\u00e9s vertes et bleues", "PLANIFICATION ET DOCUMENTS URBANISME - SCOT (Pays de Brest) - Coupures d'urbanisation", "PLANIFICATION ET DOCUMENTS URBANISME - SCOT (Pays de Brest) - Coupures urbaines (habillage)", "PLANIFICATION ET DOCUMENTS URBANISME - SCOT (Pays de Brest) - Espaces remarquables", "PLANIFICATION ET DOCUMENTS URBANISME - PLU (Brest M\u00e9tropole) - Zonage", "PLANIFICATION ET DOCUMENTS URBANISME - PLU (Pays de Brest) - Zonage des documents d'urbanisme par vocation", "PLANIFICATION ET DOCUMENTS URBANISME - PLU (Pays de Brest) - Informations compl\u00e9mentaires (surfacique)", "PLANIFICATION ET DOCUMENTS URBANISME - PLU (Pays de Brest) - El\u00e9ments du paysage \u00e0 conserver (surfacique)", "PLANIFICATION ET DOCUMENTS URBANISME - PLU (Pays de Brest) - Informations compl\u00e9mentaires (lin\u00e9aire)", "PLANIFICATION ET DOCUMENTS URBANISME - PLU (Pays de Brest) - El\u00e9ments du paysage \u00e0 conserver (lin\u00e9aire)", "PLANIFICATION ET DOCUMENTS URBANISME - PLU (Pays de Brest) - Informations compl\u00e9mentaires (ponctuel)", "PLANIFICATION ET DOCUMENTS URBANISME - PLU (Pays de Brest) - El\u00e9ments du paysage \u00e0 conserver (ponctuel)", "PLANIFICATION ET DOCUMENTS URBANISME - PLU (Pays de Brest) - Habillage du plan (ponctuel)", "PLANIFICATION ET DOCUMENTS URBANISME - PLU (Pays de Brest) - Habillage du plan (lin\u00e9aire)", "PLANIFICATION ET DOCUMENTS URBANISME - PLU (Pays de Brest) - Habillage du plan (surfacique)", "PLANIFICATION ET DOCUMENTS URBANISME - OAP (Brest m\u00e9tropole) - P\u00f4les d'\u00e9change du reseau transport collectif", "PLANIFICATION ET DOCUMENTS URBANISME - OAP (Brest m\u00e9tropole) - Reseau Structurant de la voirie", "PLANIFICATION ET DOCUMENTS URBANISME - OAP (Brest m\u00e9tropole) - Reseau transport collectif", "PLANIFICATION ET DOCUMENTS URBANISME - OAP (Brest m\u00e9tropole) - Trame verte et bleue - armature verte urbaine", "PLANIFICATION ET DOCUMENTS URBANISME - OAP (Brest m\u00e9tropole) - Trame verte et bleue - connexions \u00e0 assurer", "PLANIFICATION ET DOCUMENTS URBANISME - OAP (Brest m\u00e9tropole) - Projets urbains", "PLANIFICATION ET DOCUMENTS URBANISME - OAP (Brest m\u00e9tropole) - Zonage UC du PLU", "PLANIFICATION ET DOCUMENTS URBANISME - OAP (Brest m\u00e9tropole) - Zone Agglom\u00e9r\u00e9e", "PLANIFICATION ET DOCUMENTS URBANISME - OAP (Brest m\u00e9tropole) - Espaces de circulation apais\u00e9e", "PLANIFICATION ET DOCUMENTS URBANISME - OAP (Brest m\u00e9tropole) - Trame verte et bleue (biodiversit\u00e9)", "FONCIER DROIT DES SOLS (Brest m\u00e9tropole) - Lotissements  - p\u00e9rim\u00e8tres", "FONCIER DROIT DES SOLS (Brest m\u00e9tropole) - Lotissements  - d\u00e9coupage en lots", "FONCIER DROIT DES SOLS (Brest m\u00e9tropole) - Dossiers d'urbanisme accord\u00e9s", "FONCIER DROIT DES SOLS (Brest m\u00e9tropole) - Notes de renseignements d'urbanisme (NRU)"], "PhotoAerienne_1955|public": ["Emprise photo"], "GPB_ESP_Intra_GestionEV|secure": ["ESPACES VERTS - Unit\u00e9s de gestion", "ESPACES VERTS - Zones \"\u00e9quipes\"", "Emprise Espaces verts "], "GPB_URB_ProfilUrba|public": ["PROJETS - Projets d'urbanisme"], "TEM_cadastreSolaire_typologie|AppliSIG": ["Typologie des b\u00e2timents selon le productible photovolta\u00efque"], "ServicesEquipements_GrandPublic|public": ["Mairies et annexes", "Culture Loisirs", "Sant\u00e9, social", "Education, enfance", "Espaces verts - Espaces publics", "Zones de jeux", "Nautisme, Sport", "Nautisme", "Stationnement"], "PhotoAerienne_1950|public": ["Nom des voies", "Emprise photo"], "Cartoweb_Education|public": ["Secteurs de recrutement des coll\u00e8ges publics", "Secteurs de recrutement des \u00e9coles publiques"], "Cartoweb_Relief|public": ["Courbes de niveau 5m", "Courbes de niveau 2,5m", "Courbes de niveau 50 cm", "Pentes des voies"], "RandoEtVelo_BTO2017|public": ["GR34", "GR37", "V\u00e9loroutes", "PDIPR", "Etablissements d'information touristique", "Services", "Sites Remarquables", "Ports de Plaisance", "Gares maritimes", "Gares routi\u00e8res", "Gares SNCF", "Voies ferr\u00e9es"], "AppliTerrasses_CouchesConsultation|public": ["Type de terrasse", "P\u00e9rim\u00e8tre \u00e9tude"], "Foncier|public": ["Sites mutables"], "Signalements|public": ["Signalements", "Signalements corrig\u00e9s (en attente)", "Signalements archiv\u00e9s"], "REF_RTS_ChantierAcquisition_edition|public": ["Echanges  BM-GEOFIT", "Echanges BM-GEOFIT -lignes", "Echanges BM-GEOFIT -surfaces", "commande en cours GEOFIT", "Echanges  BM-QUARTA", "Echanges BM-QUARTA -lignes", "Echanges BM-QUARTA -surfaces", "commande en cours QUARTA", "REF_RTS_FILAIRE", "REF_RTS_parcelles"], "ds30|DSIT": ["Lotissement -lots"], "QualiteEauxBaignade_test|public": ["Qualit\u00e9 des eaux de baignade"], "PatrimoineTourisme|public": ["Signalisation et surveillance des c\u00f4tes ", "Ports d'int\u00e9r\u00eat patrimonial ", "Mus\u00e9es et sites de transmission sur le patrimoine maritime culturel ", "H\u00e9ritages de d\u00e9fense militaire des c\u00f4tes ", "Autres h\u00e9ritages remarquables", "Points d'int\u00e9r\u00eat", "Chemins de randonn\u00e9e du Pays de Brest", "Chemins balis\u00e9s (territoire de Brest m\u00e9tropole)", "V\u00e9loroutes ", "Chemins de grande randonn\u00e9e", "Chemins de petite randonn\u00e9e", "Zones de pr\u00e9somption de prescriptions arch\u00e9ologiques"], "GPB_HYD|public": ["RESEAUX OUVRAGES - Masses d'eau - Rivi\u00e8res", "RESEAUX OUVRAGES - Masses d'eau - Bassins versants", "RESEAUX OUVRAGES - Masses d'eau - Estuaires", "RESEAUX OUVRAGES - Masses d'eau - Littoral", "RESEAUX OUVRAGES - Masses d'eau - Plans d'eau", "MESURES - Pi\u00e9zom\u00e8tres", "MESURES - Points de contr\u00f4le des eaux de baignade", "MESURES - R\u00e9seau de points de pr\u00e9l\u00e8vement", "MESURES - R\u00e9seau de surveillance du bassin versant de la Rade de Brest", "MESURES - R\u00e9seau de surveillance du littoral (Rade de brest)", "MESURES - R\u00e9seau marin de surveillance (Rade de Brest)", "ZONAGES - Exutoires des sous-bassins (ponctuels)", "ZONAGES - Principaux sous bassins versants de la rade de Brest (contour)", "ZONAGES - Bassins versants des plages", "ZONAGES - Bassins versants - Prise d'eau brute", "ZONAGES - D\u00e9limitation des sous-bassins versants (surfacique) - Brest m\u00e9tropole sauf Plougastel", "ZONAGES - Bassins versants de la Rade de Brest", "ZONAGES - P\u00e9rim\u00e8tres de protection des prises d'eau", "ZONAGES - P\u00e9rim\u00e8tres de SAGE - Bassins versants"], "ReseauxSOGELINK|public": ["Potable - Appareillage", "Potable - Compteur technique", "Potable - Compteur abonn\u00e9", "Potable - Fl\u00eache d'\u00e9coulement", "Potable - Fontainerie", "Potable - Habillage texte", "Potable - Installation eau brute", "Potable - Installation eau trait\u00e9e", "Potable - Noeud de base", "Potable - Pi\u00e8ce", "Potable - Poteau incendie", "Potable - R\u00e9gulation", "Potable - R\u00e9servoir", "Potable - Vanne", "Potable - Canalisation", "Potable - Cotation", "Potable - Habillage lin\u00e9aire", "Potable - Emprise d'ouvrage", "Potable - Plan de recolement", "Us\u00e9e - Appareillage", "Us\u00e9e - Fl\u00eache d'\u00e9coulement", "Us\u00e9e - Habillage texte", "Us\u00e9e - Collecteur ponctuel", "Us\u00e9e - Noeud de base", "Us\u00e9e - Ouvrage", "Us\u00e9e - Pi\u00e8ce", "Us\u00e9e - Point de branchement", "Us\u00e9e - Regard", "Us\u00e9e - Vanne", "Us\u00e9e - Canalisation", "Us\u00e9e - Cotation", "Us\u00e9e - Habillage lin\u00e9aire", "Us\u00e9e - Emprise d'ouvrage", "Us\u00e9e - Plan de r\u00e9colement"], "AppliConsult_Keolis|public": ["Bibus arr\u00eats", "Bibus lignes"], "AppliStationnement_CouchesEdition|public": ["Stationnement voirie"], "ProjetContratMetropolitain|public": ["Acc\u00e8s", "Nationale", "Ligne de chemin de fer", "Projets m\u00e9tropolitains", "Tramway : Liaison Est-Ouest", "Tramway : Liaison Nord-Sud", "Type de b\u00e2timent", "Trame verte et bleue", "Mer", "B\u00e2timents", "Zonage du Pays de Brest", "Hors Pays de Brest"], "GPB_EQU_ServicesEquipements|public": ["Enseignement secondaire", "Enseignement sup\u00e9rieur", "D\u00e9placement", "Administration", "Proximit\u00e9", "Tous les \u00e9quipements", "Associations", "B - Espaces verts - Espaces publics", "C - Petite enfance", "D - Culture Loisirs", "E - Education Formation", "F - Commerce", "G - Economie Emploi", "H - Culte", "I - Sant\u00e9  (social)", "J - Tourisme - H\u00e9bergment touristique", "Nautisme, Sport BM", "Sport", "Nautisme", "L - Solidarit\u00e9", "M - Se loger et habiter", "N - D\u00e9placement mobilit\u00e9", "Guide du bien vieillir", "plans RIS", "Ecoles maternelles et primaires"], "MAJ_Generique|AppliSIG": ["Chemins de randonn\u00e9e du Pays de Brest", "R\u00e9seau AEP - Appareillage", "R\u00e9seau AEP - Compteur technique", "R\u00e9seau AEP - Compteur abonn\u00e9", "R\u00e9seau AEP - Pi\u00e8ce", "R\u00e9seau AEP - Poteau incendie", "R\u00e9seau AEP - R\u00e9gulation", "R\u00e9seau AEP - Vanne", "R\u00e9seau AEP - Canalisation", "R\u00e9seau AEP - Cotation"], "GPB_RES_Intra_Tous_reseaux|secure": ["Affleurements", "Art\u00e8res", "Sites raccord\u00e9s", "Chambres - cassettes de routage", "Art\u00e8res Brest m\u00e9tropole (c\u00e2bles fibres optiques)", "Orange - Les poteaux", " Orange - Les lignes", "GrDF - Ouvrages de coupure", "GrDF - Postes clients", "GrDF - Postes normaux", "GrDF - R\u00e9seau en service", "GrDF - R\u00e9seau abandonn\u00e9", "Electricit\u00e9 - Transformateurs", "Transformateurs (tr\u00e8s) haute tension", "Pylones (tr\u00e8s) haute tension", "Lignes (tr\u00e8s) haute tension", "Electricit\u00e9 - Lignes ENEDIS", "Electricit\u00e9 - D\u00e9coupage folio", "Chauffage urbain - Chaufferies", "Chauffage urbain - Abonn\u00e9s", "Chauffage urbain - Regards", "Chauffage urbain - Canalisations", "Num\u00e9ro point lumineux", "points lumineux", "armoires de commande", "Appareillage", "Fl\u00eache d'\u00e9coulement", "Habillage texte", "Collecteur ponctuel", "Noeud de base", "Ouvrage", "Pi\u00e8ce", "Point de branchement", "Regard", "Vanne", "Cotation", "Emprise d'ouvrage", "Habillage lin\u00e9aire", "Plan de r\u00e9colement", "Canalisation", "Appareillages", "Collecteurs ponctuels", "Fl\u00eache d'\u00e9coulement", "Habillage texte", "Noeud de base", "Ouvrages", "Pi\u00e8ces", "Points de Branchement", "Regards", "Vannes", "Collecteurs lin\u00e9aires", "Cotations", "Habillage lin\u00e9aire", "Emprise d'ouvrages", "Plans de r\u00e9colement", "Inspections cam\u00e9ra r\u00e9seau EP - Brest m\u00e9tropole", "Bassins eaux pluviales - Brest m\u00e9tropole", "Bassins versants des bassins de r\u00e9tention EP - Brest m\u00e9tropole", "Tourn\u00e9es des collecteurs ponctuels", "Canalisations", "Appareillages", "Compteurs", "Fl\u00e8ches d'\u00e9coulement", "Fontainerie", "Habillage texte", "Installations eau brute", "Installations eau trait\u00e9e", "Noeuds de base", "Pi\u00e8ces diverses (c\u00f4nes, coudes, plaques, raccords, t\u00e9s)", "Points de comptage", "Poteaux incendie", "R\u00e9gulation", "Vannes", "Cotations", "Habillage lin\u00e9aire", "Emprises d'ouvrage", "Plans de recolement", "Groupements de collectivit\u00e9s de distribution d'eau potable", "Canalisations", "R\u00e9servoirs", "Autres r\u00e9seaux (Marine, BMH, UBO, ...)", "Ouvrages de coupure", "Postes clients", "Postes normaux", "R\u00e9seau en service", "R\u00e9seau abandonn\u00e9"], "PlanVilleSignalement|public": ["Emprise", "Pays (\u00e9tiquettes)", "Limites des Pays", "Num\u00e9ros d'adresses (\u00e9tiquettes)", "Lieux-dits (\u00e9tiquettes)", "Texte carte petite \u00e9chelle (\u00e9tiquettes)", "Communaut\u00e9s de communes (\u00e9tiquettes)", "Communaut\u00e9s de communes", "Nationale 545K - 136K", "Nature et structures de chauss\u00e9es 545K - 136K", "Nationale 136K - 68K", "Nature et structures de chauss\u00e9es 136K - 68K", "Nationale 68K - 34K", "Nature et structures de chauss\u00e9es 68K - 34K", "Nationale 34K - 17K", "Nature et structures de chauss\u00e9es 34K - 17K", "Nationale 17K - 8K", "Nature et structures de chauss\u00e9es 17K - 8K", "Nationale 8K - 4K", "Nature et structures de chauss\u00e9es 8K - 4K", "Nationale 4K - 2K", "Nature et structures de chauss\u00e9es 4K - 2K", "Nationale 2K - 1K", "Nature et structures de chauss\u00e9es 2K - 1K", "Nationale 1K - 5L", "Nature et structures de chauss\u00e9es  1K - 5L", "Chemins pdipr", "Chemins", "Rivi\u00e8res", "Batiments Suppl", "B\u00e2timents", "B\u00e2timents (Ombrage)", "Communes 128000", "Communes 64000", "Lacs", "Communes Hors Pays de Brest", "V\u00e9g\u00e9tation ", "P\u00e9rim\u00e8tre des zones d'activit\u00e9s", "Nature du sol", "Mer"], "MAJ_Generique|public": ["Chemins de randonn\u00e9e du Pays de Brest", "R\u00e9seau AEP - Appareillage", "R\u00e9seau AEP - Compteur technique", "R\u00e9seau AEP - Compteur abonn\u00e9", "R\u00e9seau AEP - Pi\u00e8ce", "R\u00e9seau AEP - Poteau incendie", "R\u00e9seau AEP - R\u00e9gulation", "R\u00e9seau AEP - Vanne", "R\u00e9seau AEP - Canalisation", "R\u00e9seau AEP - Cotation"], "TelechargementPhoto|public": ["Communes du Pays de Brest", "T\u00e9l\u00e9chargement photo a\u00e9rienne"], "OpenData|public": ["Zonage PLU du Pays de Brest", "Stationnement v\u00e9lo", "Am\u00e9nagements cyclables existants", "Jalonnement v\u00e9lo existant", "D\u00e9chets : points d'apport volontaire", "Segments de voies (filaire)", "Mode d'occupation du sol 2010 - 34 postes", "Arr\u00eats Bibus r\u00e9seau bus tram", "Lignes Bibus r\u00e9seau bus tram", "Lieux de vote (ville de Brest)", "Bureaux de vote (ville de Brest)", "Chemins balis\u00e9s", "Services et \u00e9quipements", "PLU BMO Doc1 - El\u00e9ments identifi\u00e9s au titre de l'article L123-1-5-7", "PLU BMO Doc1 - D\u00e9limitation des espaces proches du rivage et bande littorale des 100m (trac\u00e9 indicatif)", "PLU BMO Doc1 - Sous secteur de ZAC", "PLU BMO Doc1 - Fen\u00eatre visuelle", "PLU BMO Doc1 - Emplacement r\u00e9serv\u00e9", "PLU BMO Doc1 - Captage ne faisant pas l'objet d'une servitude d'utilit\u00e9 publique", "PLU BMO Doc1 - P\u00e9rim\u00e8tre de protection d'un captage ne faisant pas l'objet d'une servitude d'utilit\u00e9 publique, zone humide", "PLU BMO Doc1 - Sentier pi\u00e9tonnier \u00e0 conserver", "PLU BMO Doc1 - El\u00e9ments identifi\u00e9s au titre de l'article L123-1-5-7 : b\u00e2timent", "PLU BMO Doc1 - El\u00e9ments identifi\u00e9s au titre de l'article L123-1-5-7 : boisement", "PLU BMO Doc1 - Espace bois\u00e9 class\u00e9", "PLU BMO Doc1 - P\u00e9rim\u00e8tre d'attente de projet d'am\u00e9nagement, servitude de localisation", "PLU BMO Doc1 - Zonage", "PLU BMO Doc2 - Limite de la bande de recul par rapport aux voies", "PLU BMO Doc2 - Interdiction d'acc\u00e8s sur voirie", "PLU BMO Doc2 - Constructions et ensembles ordonnanc\u00e9s", "PLU BMO Doc2 - Ligne d' implantation du b\u00e2ti", "PLU BMO Doc2 - Axes structurants", "PLU BMO Doc2 - Secteur construit \u00e0 l' identique", "PLU BMO Doc2 - Nombre de niveaux maximum", "PLU BMO Doc2 - Secteur de projet", "PLU BMO Doc3 - Secteur de commerce", "PLU BMO Doc3 - P\u00e9rim\u00e8tre de protection autour d'une installation industrielle \u00e0 risques", "PLU BMO Doc3 - P\u00e9rim\u00e8tre des orientations d'am\u00e9nagement et de programmation", "PLU BMO Doc3 - Secteur soumis aux risques de submersion marine"], "TestLD_CAD|public": ["CADASTRE - Num\u00e9ros de parcelle (annotations)", "CADASTRE - Parcelles cadastrales (avec \u00e9tiquettes)"], "APPLIMAJ_Evenement|public": ["Services et equipements - Gestion \u00e9v\u00e9nement ", "EVENEMENT SPORTIF - Lignes", "EVENEMENT SPORTIF - Points d'int\u00e9ret", "EVENEMENT SPORTIF - P\u00e9rim\u00e8tre"], "MAJ_Equipements|secure": ["A-Administration et service aux usagers", "B-Espace public et espace vert", "C-Petite enfance", "D-Culture, loisirs", "E-Education, formation", "F-Commerce", "G-Economie et emploi", "H-Culte", "I-Sant\u00e9", "J-Tourisme et h\u00e9bergement touristique", "K-Sport, nautisme", "L-Solidarit\u00e9", "M-Se loger, habiter au quotidien", "N-D\u00e9placement, mobilit\u00e9", "Tous (Classe)", "Guide du Bien vieillir ", "Pr\u00e9sence RIS", "Tous (indiff\u00e9renci\u00e9s sans etiquette)", "Tous (indiff\u00e9renci\u00e9s avec etiquette)"]}