{"MAJ_GeneriqueSansCreationsSansSuppressions|AppliSIG": ["SIG.ECO_COM_InventaireSIRENE", "SIG.ECO_COM_LocauxCommerciauxCCI"], "MasqueCartographique|public": ["SIG.LIM_ADM_CommunesPays", "SIG.LIM_ADM_CCom"], "TEM_cadastreSolaire_diffusion_restreinte|AppliSIG": ["SIG.TEM_CLI_CadastreSolaire"], "GPB_ENE|public": ["SIG.ENE_CON_BornesElec", "SIG.ENE_PRO_Eoliennes"], "Oxalys|public": ["SIG.URB_PLU_IDG_ZONE_URBA", "SIG.URB_PLU_IDG_INFO_LIN", "SIG.URB_PLU_IDG_INFO_PCT", "SIG.URB_PLU_IDG_INFO_SURF", "SIG.URB_PLU_IDG_PRESCRIPTION_LIN", "SIG.URB_PLU_IDG_PRESCRIPTION_SURF", "SIG.URB_PLU_IDG_PRESCRIPTION_PCT"], "du10|DSIT": ["SIG.EQU_POI_EquipementsPublics"], "GPB_CAD_Intra|public": ["SIG.REF_CAD_PARCELLEBRUTE_SW", "SIG.REF_CAD_UniteFonciere"], "GPB_URB_Intra_DossiersUrbanisme|secure": ["SIG.URB_FON_DOSSURBA_ENCOURS_V", "SIG.URB_FON_LotissementsDecoupage", "SIG.URB_FON_DOSSURBA_MOINS2ANS_V", "SIG.URB_FON_DOSSURBA_PLUS2ANS_V"], "VacancesCommerciales|secure": ["SIG.ECO_COM_VacancesCommerciales"], "DroitdesSols|AppliSIG": ["SIG.URB_FON_DossiersUrbaPoint_Pays", "SIG.URB_FON_DossiersUrbaSurf_Pays"], "GPB_D3D|public": ["SIG.D3D_AUT_dalles820mx820m", "SIG.D3D_AUT_TexturationFacades", "SIG.D3D_AUT_dalles4915mx4915m", "SIG.D3D_AUT_dalles410mx410m", "SIG.D3D_BAT_LimiteFacade2D", "SIG.D3D_BAT_EMPRISES_V", "SIG.D3D_AUT_Sites", "SIG.D3D_BAT_FAITAGES_V"], "LimitesDecoupages|public": ["SIG.LIM_ADM_Cantons_s", "SIG.LIM_ADM_QuartiersElusBrest_p", "SIG.LIM_ADM_CommunesPays", "SIG.LIM_ADM_LieuxVote_p", "SIG.LIM_ADM_BureauxVote_s", "SIG.LIM_ADM_QuartiersElusBrest_s", "SIG.LIM_ADM_Circonscriptions_s", "SIG.LIM_ADM_CCom", "SIG.LIM_ADM_LieuxVote_s"], "PhotoAerienne_1929|public": ["SIG.REF_PHO_Toponymes_l", "SIG.REF_PHO_1929_Emprise"], "pp03SE|DSIT": ["SIG.ESP_NET_TourneeSE_MarqParcours", "SIG.ESP_NET_TourneeSE_Liaisons", "SIG.ESP_NET_TourneeCollecteDechets"], "GPB_ESP_Intra|public": ["SIG.ESP_AUT_AstreinteEPE", "SIG.ESP_AUT_SignalGEP"], "pics2|secure": ["SIG.RIS_SEC_SirenesAlerte", "SIG.RIS_SEC_SirenesAlertePortee", "SIG.REF_IGN_CARTO_VoiesCom", "SIG.RES_ENE_ERDF_TransportPostes", "SIG.RIS_SEC_PPI_Nucleaire", "SIG.RIS_TEC_PPRT_Bmo", "SIG.URB_PLU_BMO_INFO_SURF", "SIG.URB_SUP_SURF", "SIG.DEP_ROU_ViabiliteHivernale", "SIG.DEP_ARR_Circ_Stat_l", "SIG.RIS_NAT_CavitesSouterraines", "SIG.RES_ENE_GRDF_ReseauAbandon", "SIG.RIS_SEC_EtablRecevantPublic", "SIG.RES_ENE_ERDF_Lignes", "SIG.RES_EU_Ouvrage", "SIG.RIS_SEC_PPI_Nucl_Carrefours", "SIG.RES_ENE_GRDF_PostesNormaux", "SIG.RES_ENE_ERDF_Transformateurs", "SIG.RIS_SEC_PlanBouclage_PPI", "SIG.ESP_MOB_PanneauxInfo", "SIG.RES_ENE_GRDF_PostesClients", "SIG.RES_ENE_ERDF_Transport", "SIG.RIS_SEC_PerimetreIode", "SIG.RIS_NAT_SubmersionMarine", "SIG.RES_AEP_InstallEauBrute", "SIG.REF_IGN_TOPO_CoursDEau", "SIG.RES_ENE_GRDF_ReseauService", "SIG.REF_IGN_CARTO_SNCF_Lignes", "SIG.RES_AEP_Canalisation", "SIG.RES_AEP_PoteauIncendie", "SIG.RIS_NAT_MouvementsTerrain", "SIG.RIS_SEC_PlanParticulInterv", "SIG.RES_AEP_Reservoir", "SIG.RES_AEP_InstallEauTraitee", "SIG.REF_CAD_LOGEMENTS_V", "SIG.RIS_SEC_PPI_ZonePortuaire", "SIG.RES_ENE_GRDF_OrganesCoupure", "SIG.RIS_SEC_PPI_Nucl_SensInterdits"], "GPB_SOL|public": ["SIG.SOL_MOS_InventaireLittoral", "SIG.SOL_MOS_NatureSol", "SIG.SOL_MOS_OccupationSol", "SIG.SOL_MOS_OccupationSol_GEOMER", "SIG.SOL_MOS_OccupationSol_Pays", "SIG.SOL_MOS_CorineLandCover"], "pp04|DSIT": ["SIG.ESP_NET_TourneeCollecteDechets"], "GPB_NAT|public": ["SIG.NAT_HAB_ZH_Roselieres", "SIG.NAT_ZON_ParcNatMarinIroise", "SIG.NAT_HAB_Nat2000_Crozon", "SIG.NAT_ZON_EspaceNaturelSensible", "SIG.NAT_HAB_ZH_Tourbieres", "SIG.NAT_HAB_Nat2000_Elorn_Esp", "SIG.NAT_ZON_ConservLittoral", "SIG.NAT_ZON_PNRA", "SIG.NAT_ZON_ReservesChassesMar", "SIG.NAT_ZON_ProdCoquillages", "SIG.NAT_BOC_BocageBoisement", "SIG.NAT_HAB_Nat2000_Elorn", "SIG.NAT_HAB_Nat2000_RadeBrest_Esp", "SIG.NAT_HAB_INVENTAIREPERMANENT_V", "SIG.NAT_AUT_PlantesInvasives", "SIG.NAT_HAB_ZH_InventaireLocal", "SIG.NAT_BOC_BocageLineaire", "SIG.NAT_HAB_Nat2000_RadeBrest"], "RisqueSecurite|public": ["SIG.RIS_TEC_PPRT_Bmo", "SIG.RIS_NAT_SubmersionMarine_Light", "SIG.RIS_TEC_PPRT_Pays"], "REF_CAD_INTRA_TaxesProfessionnelles|public": ["SIG.REF_CAD_TXPRO_CoefNeutParc_SW", "SIG.REF_CAD_ParcellesBrutes", "SIG.REF_CAD_Communes", "SIG.REF_CAD_TXPRO_CoefLocSect_SW", "SIG.REF_CAD_TXPRO_CoefLocComm_SW"], "GPB_PHO_Intra|secure": ["SIG.PHO_OBL_Tramway", "SIG.PHO_GEO_GoogleMaps", "SIG.PHO_GEO_Horizon"], "Cartoweb_TransportUrbain|public": ["SIG.DEP_COL_BusTram_Arrets", "SIG.DEP_COL_TransScolHorsBibus", "SIG.DEP_STA_Parkings", "SIG.DEP_COL_BusTram_Lignes"], "Infos_communes|public": ["SIG.LIM_ADM_CommunesPays"], "Reseaux_restreint|public": ["SIG.RES_ENE_GRTGAZ_Transport"], "TEM_cadastreSolaire|public": ["SIG.TEM_CLI_CadastreSolaire"], "Cartoweb_PLU|public": ["SIG.URB_SUP_BMO_SURF", "SIG.URB_PLU_BMO_INFO_SURF", "SIG.URB_PLU_BMO_PRESCRIPTION_SURF", "SIG.URB_ZPP_Zppaup_s", "SIG.URB_PLU_BMO_PRESCRIPTION_PCT", "SIG.URB_PLU_BMO_PRESCRIPTION_LIN", "SIG.REF_CAD_Batiments", "SIG.URB_ZPP_Zppaup_Batiments", "SIG.URB_PLU_BMO_INFO_PCT", "SIG.URB_SUP_BMO_PCT", "SIG.URB_PLU_BMO_INFO_LIN", "SIG.URB_PLU_BMO_ZONE_URBA", "SIG.URB_SUP_BMO_LIN", "SIG.URB_ZPP_Zppaup_p", "SIG.URB_ZPP_Zppaup_l"], "cs10|DSIT": ["SIG.SOL_MOS_NatureSol", "SIG.REF_VOI_VOIESLIEUXDITS_V", "SIG.REF_TOP_Restit3D_Sol_Lineaire", "SIG.REF_CAD_Parcelles", "SIG.REF_CAD_Batiments", "SIG.REF_VOI_Ilots", "SIG.ESP_VER_Emprises", "SIG.REF_VOI_FILAIREVOIES_V"], "AAA_AVT|public": ["SIG.NAT_BOC_BocageBoisement", "SIG.NAT_AUT_PlantesInvasives", "SIG.NAT_BOC_BocageLineaire"], "Brest2016_LaFeteMAJ_consult|public": ["SIG.DEP_COL_BusTram_Arrets", "SIG.EVE_NAU_Brest2016NavettePort", "SIG.EVE_NAU_Brest2016Parkings", "SIG.DEP_COL_BusTram_Lignes"], "JourneeduPatrimoine|public": ["SIG.PTL_TOU_BaladesAxes", "SIG.EVE_PTL_JourneesPatrimSites"], "AppliPlantes_Invasives_CouchesEdition|public": ["SIG.HYD_RES_CoursDEau_Veille", "SIG.NAT_AUT_PlantesInvasives"], "MAJ_RepresentationPourControleP|public": ["SIG.PTL_TOU_CheminsRando", "SIG.REF_VOI_VOIESLIEUXDITS_V", "SIG.REF_VOI_ADRESSES_V", "SIG.URB_FON_LotissementsDecoupage", "SIG.REF_VOI_FILAIREVOIES_V"], "EssaiLD_SIGEO_InterrogationGroupe|public": ["SIG.LIM_ADM_CommunesPays", "SIG.LIM_ADM_QuartiersElusBrest_s"], "PhotoAerienne_1954|public": ["SIG.REF_PHO_1954_Emprise"], "ModeOccupationSol|public": ["SIG.SOL_MOS_OccupationSol_Pays"], "AppliPortageRepas|public": ["SIG.EQU_EES_PortageRepas"], "Deplacement|public": ["SIG.DEP_ROU_Accidents_Pays", "SIG.DEP_ROU_ComptageTrafic_l", "SIG.DEP_STA_MaterielPaiement", "SIG.DEP_COL_BusTram_Arrets", "SIG.DEP_COL_BusLanderneau_Arrets", "SIG.REF_IGN_CARTO_SNCF_Gares", "SIG.DEP_ARR_Circ_Stat_l", "SIG.DEP_STA_Parkings", "SIG.DEP_ROU_ComptageTrafic_p", "SIG.REF_VOI_FilaireVoies", "SIG.DEP_STA_AiresCovoiturage", "SIG.DEP_ACT_AmenagementsCyclables", "SIG.DEP_ROU_Accidents_Bmo", "SIG.REF_IGN_CARTO_SNCF_Lignes", "SIG.DEP_COL_Cars_PennArBed_Arrets", "SIG.DEP_ACT_StationnementVelo", "SIG.DEP_COL_BusTram_Lignes", "SIG.DEP_ARR_Circ_Stat_s", "SIG.DEP_STA_ZonesStationnement", "SIG.DEP_COL_Cars_PennArBed_Lignes", "SIG.DEP_COL_BusLanderneau_Lignes", "SIG.DEP_ARR_Circ_Stat_p"], "da02|DSIT": ["SIG.RES_EPL_CollecteurPonctuel"], "FondPlanAppli|public": ["SIG.REF_IGN_TOPO_SurfaceEau", "SIG.REF_PDV_FondPlan_Princ", "SIG.SOL_MOS_NatureSol", "SIG.LIM_ADM_CommunesPays", "SIG.REF_VOI_VoiesPrincBuff", "SIG.REF_CAD_Batiments", "SIG.REF_PDV_HabillageLignes", "SIG.REF_VOI_VoiesSecBuff", "SIG.REF_CAD_BatimentsSuppl", "SIG.REF_VOI_FILAIREVOIES_V", "SIG.DEP_COL_BusTram_Lignes", "SIG.BAT_IMM_OccupationBatiSurf", "SIG.ECO_COM_SIFE_z_activites", "SIG.REF_VOI_VoiesLieuxDits"], "Fond_mer_communes_clair|public": ["SIG.REF_IGN_TOPO_SurfaceEau", "SIG.LIM_ADM_CommunesPays", "SIG.REF_MAR_LimiteTerreMer"], "GPB_EVE_Intra_Recensement|secure": ["SIG.REF_CAD_LOCAUX_V", "SIG.DEM_REC_EchantillonRecense", "SIG.DEM_REC_RepertImmeubLocalises", "SIG.REF_CAD_ImmeublesHabitations", "SIG.REF_CAD_LOGEMENTS_V"], "GPB_PLU|public": ["SIG.URB_PLU_NRU_V", "SIG.URB_SUP_BMO_SURF", "SIG.URB_PLU_BMO_INFO_SURF", "SIG.URB_PLU_BMO_PRESCRIPTION_SURF", "SIG.URB_PLU_BMO_PRESCRIPTION_PCT", "SIG.URB_PLU_BMO_PRESCRIPTION_LIN", "SIG.REF_CAD_Batiments", "SIG.URB_PLU_BMO_INFO_PCT", "SIG.URB_SUP_BMO_PCT", "SIG.URB_PLU_BMO_INFO_LIN", "SIG.URB_PLU_BMO_ZONE_URBA", "SIG.URB_SUP_BMO_LIN"], "Cartoweb_CollecteProprete|public": ["SIG.ESP_NET_ApportVolontaire", "SIG.ESP_NET_Conteneurs_textile", "SIG.ESP_NET_TourneeCollecteDechets"], "Reseau_AEP|public": ["SIG.RES_AEP_PoteauIncendie", "SIG.RES_AEP_Canalisation"], "GPB_ESP|public": ["SIG.ESP_NET_ApportVolontaire", "SIG.ESP_OCC_DispoPub", "SIG.ESP_AUT_PROGRAMME_TRAVAUX_V", "SIG.ESP_NET_BacsPoubelle", "SIG.ESP_VER_ParcAgglo", "SIG.ESP_MOB_PanneauPublicite", "SIG.ESP_NET_ApportVolontaire_Pays", "SIG.ESP_MOB_PanneauxRIS", "SIG.ESP_MOB_PanneauxExpresLibre", "SIG.ESP_MOB_PanneauxInfo", "SIG.ESP_VER_ZonesJeux", "SIG.ESP_VER_JardinsPartages", "SIG.ESP_NET_Conteneurs_textile", "SIG.PTL_TOU_BaladesAxes", "SIG.ESP_VER_ZonesAgres", "SIG.ESP_VER_Sentiers", "SIG.ESP_VER_Emprises", "SIG.ESP_NET_TourneeCollecteDechets"], "AppliPlantes_Invasives_CouchesConsultation|public": ["SIG.HYD_RES_CoursDEau_Ouvrages", "SIG.HYD_RES_CoursDEau_Bmo", "SIG.URB_PLU_BMO_PRESCRIPTION_SURF", "SIG.NAT_AUT_SitesInvasivesDEV", "SIG.NAT_AUT_InvasivesTerreGeoArchi", "SIG.LIM_ADM_CommunesPays_l", "SIG.NAT_AUT_InvasivesTerrestres", "SIG.REF_VOI_LIEUXDITS_V", "SIG.REF_IGN_TOPO_CoursDEau"], "tv21|DSIT": ["SIG.DEP_ARR_Circ_Stat_s"], "REF_CAD_INTRA_TaxesPro_Proposition|secure": ["SIG.REF_CAD_Locaux"], "VacancesCommerciales|public": ["SIG.ECO_COM_VacancesCommerciales"], "GPB_REF_Intra_RTS|secure": ["SIG.REF_TOP_RTS_Emprises", "SIG.REF_TOP_RTS_HABILLAGE_NonVal", "SIG.REF_TOP_RTS_LIGNE_NonVal", "SIG.REF_TOP_RTS_SURFACE_NonVal", "SIG.REF_TOP_RTS_Anomalies_Q", "SIG.REF_TOP_RTS_ENVELOPPE_NonVal", "SIG.REF_TOP_RTS_Anomalies_G", "SIG.REF_TOP_RTS_POINT_NonVal", "SIG.REF_TOP_RTS3_HABILLAGE_NonVal"], "AppliMAJ_GestionColonnesPAV|public": ["SIG.ESP_NET_ApportVolColonne"], "MAJ_RepresentationPourControle|AppliSIG": ["SIG.PTL_TOU_CheminsRando", "SIG.REF_VOI_VOIESLIEUXDITS_V", "SIG.REF_VOI_ADRESSES_V", "SIG.URB_FON_LotissementsDecoupage", "SIG.REF_VOI_FILAIREVOIES_V"], "PlanVilleAllege|public": ["SIG.REF_IGN_TOPO_SurfaceEau", "SIG.REF_PDV_FondPlan_Princ", "SIG.LIM_ADM_QuartiersElusBrest_p", "SIG.DEP_MAR_LimitesAdminPorts", "SIG.LIM_ADM_CommunesPays", "SIG.REF_VOI_ADRESSES_V", "SIG.PTL_TOU_Chemins", "SIG.REF_PDV_anno_PlandeVille", "SIG.REF_IGN_TOPO_TerrainSport", "SIG.REF_CAD_Batiments", "SIG.REF_MAR_LimiteTerreMer", "SIG.LIM_ADM_PaysEtiquettes", "SIG.REF_IGN_TOPO_ZoneVegetation", "SIG.PTL_TOU_PDIPR", "SIG.REF_PDV_HabillageLignes", "SIG.REF_IGN_TOPO_Cimetiere", "SIG.DEP_MAR_LiaisonsMaritimes", "SIG.LIM_ADM_CCom", "SIG.REF_CAD_BatimentsSuppl", "SIG.ESP_VER_Emprises", "SIG.REF_VOI_AxesPrincipUnifies", "SIG.REF_VOI_FILAIREVOIES_V", "SIG.LIM_ADM_CommunesFinistere", "SIG.REF_CAD_BatimentsOmbrage", "SIG.LIM_ADM_CComEtiquettes", "SIG.BAT_IMM_OccupationBatiSurf", "SIG.LIM_ADM_Pays", "SIG.DEP_ARR_Circ_Stat_p", "SIG.ECO_COM_SIFE_z_activites", "SIG.REF_MAR_Iles", "SIG.REF_VOI_VoiesLieuxDits"], "GPB_REF_Intra|secure": ["SIG.REF_TOP_Emprises_LevesTopo", "SIG.REF_VOI_IDENTITEVOIES_SW"], "GPB_ESP_Intra_TRAVAUX|secure": ["SIG.ESP_AUT_PROGRAMME_TRAVAUX_V"], "Reseaux|public": ["SIG.RES_AEP_Appareillage", "SIG.RES_EU_Vanne", "SIG.RES_EU_HabillageTexte", "SIG.RES_EPL_OuvrageEmprise", "SIG.RES_EPL_CollecteurPonctuel", "SIG.RES_EPL_NoeudBase", "SIG.RES_AEP_PlanRecolement", "SIG.RES_EPL_HabillageLineaire", "SIG.RES_AEP_EmpriseKermorvan", "SIG.RES_ENE_ERDF_TransportPostes", "SIG.RES_AEP_HabillageTexte", "SIG.RES_EU_FlecheEcoulement", "SIG.RES_EPL_Canalisation", "SIG.RES_EPL_PlanRecolement", "SIG.RES_AEP_Fontainerie", "SIG.RES_AEP_Compteur", "SIG.RES_ENE_SDEF_PointLumineux", "SIG.RES_EPL_FlecheEcoulement", "SIG.RES_EU_Cotation", "SIG.RES_EU_Piece", "SIG.RES_AEP_Piece", "SIG.RES_EPL_PointBranchement", "SIG.RES_ENE_GRDF_ReseauAbandon", "SIG.RES_AEP_FlecheEcoulement", "SIG.RES_EU_PlanRecolement", "SIG.RES_EPL_Appareillage", "SIG.RES_EPL_Ouvrage", "SIG.RES_EU_NoeudBase", "SIG.RES_EU_Regard", "SIG.RES_AEP_OuvrageEmprise", "SIG.RES_ENE_ERDF_Lignes", "SIG.RES_EU_Ouvrage", "SIG.RES_EU_Canalisation", "SIG.RES_ENE_GRDF_PostesNormaux", "SIG.RES_AEP_PointComptage", "SIG.RES_ENE_ERDF_Transformateurs", "SIG.RES_ENE_SDEF_Reseau", "SIG.RES_AEP_Regulation", "SIG.RES_AEP_HabillageLineaire", "SIG.RES_EPL_Cotation", "SIG.RES_EPL_CollecteurLineaire", "SIG.RES_ENE_GRDF_PostesClients", "SIG.RES_AEP_Cotation", "SIG.RES_ENE_ERDF_Transport", "SIG.RES_AEP_CanalisationKermorvan", "SIG.RES_AEP_InstallEauBrute", "SIG.RES_AEP_Vanne", "SIG.RES_EU_Appareillage", "SIG.RES_EPL_Regard", "SIG.RES_ENE_GRDF_ReseauService", "SIG.RES_EU_CollecteurPonctuel", "SIG.RES_EU_PointBranchement", "SIG.RES_AEP_Canalisation", "SIG.RES_AEP_PoteauIncendie", "SIG.RES_ENE_SDEF_Armoire", "SIG.RES_AEP_BassinVersantKermorvan", "SIG.RES_AEP_NoeudBase", "SIG.RES_AEP_ProjetsKermorvan", "SIG.RES_AEP_Reservoir", "SIG.RES_EPL_Piece", "SIG.RES_AEP_InstallEauTraitee", "SIG.RES_EPL_Vanne", "SIG.RES_EU_OuvrageEmprise", "SIG.RES_EU_HabillageLineaire", "SIG.RES_EPL_HabillageTexte", "SIG.RES_ENE_GRDF_OrganesCoupure"], "MAJ_Equipements|public": ["SIG.EQU_POI_ServicesEquipements"], "CarteSituation|public": ["SIG.REF_VOI_FilaireVoiesUnifie", "SIG.LIM_ADM_CommunesPays", "SIG.REF_VOI_ADRESSES_V", "SIG.REF_MAR_LimiteTerreMer", "SIG.REF_VOI_LIEUXDITS_V", "SIG.LIM_ADM_CCom"], "PhotoAerienne_1919|public": ["SIG.REF_PHO_1919_Emprise", "SIG.REF_PHO_Toponymes_l"], "GPB_LIM_INTRA_Compilation|secure": ["SIG.LIM_ADM_CommunesPays", "SIG.LIM_ADM_LieuxVote_p", "SIG.LIM_ADM_CommunesPays_l", "SIG.LIM_ADM_SecteursEcoles", "SIG.LIM_ADM_SecteursColleges", "SIG.LIM_ADM_CCom_l", "SIG.LIM_ADM_BureauxVote_s", "SIG.LIM_ADM_QuartiersElusBrest_s", "SIG.LIM_ADM_CCom", "SIG.LIM_ADM_CComEtiquettes"], "GPB_DEM|public": ["SIG.DEM_REC_Carreaux200m", "SIG.DEM_REC_Population1999Iris", "SIG.DEM_REC_POP1999_IRIS5000_V", "SIG.DEM_REC_POPULATION200M_V", "SIG.DEM_REC_Population1999Ilot", "SIG.DEM_REC_ZonesINSEEafacon", "SIG.DEM_REC_Population1990Ilot", "SIG.DEM_REC_PopulationKm2", "SIG.DEM_REC_Population1990Iris", "SIG.LIM_ADM_QUARTIERSIRIS2000_V"], "SIFE_transport_commun|public": ["SIG.REF_IGN_CARTO_SNCF_Gares", "SIG.DEP_COL_BusTram_Arrets", "SIG.DEP_COL_BusLanderneau_Arrets", "SIG.DEP_COL_BusTram_AGGREG", "SIG.REF_IGN_CARTO_SNCF_Lignes", "SIG.DEP_COL_Cars_PennArBed_Lignes"], "Relief|public": ["SIG.REF_ALT_CourbesNiveau2m", "SIG.REF_ALT_PentesVoies", "SIG.REF_ALT_CourbesNiveau5m", "SIG.REF_ALT_CourbesNiveau50cm"], "AppliEPL_MAJ_CouchesConsultation|secure": ["SIG.RES_EU_Vanne", "SIG.RES_EPL_OuvrageEmprise", "SIG.RES_EPL_CollecteurPonctuel", "SIG.URB_PLU_BMO_PRESCRIPTION_SURF", "SIG.URB_SUP_SURF", "SIG.RES_EPL_Canalisation", "SIG.SOL_SOL_Geologie_P_DIVERS", "SIG.RES_AEP_Fontainerie", "SIG.RES_EU_Cotation", "SIG.RES_EPL_PointBranchement", "SIG.RES_EPL_Ouvrage", "SIG.RES_EU_Regard", "SIG.URB_PLU_BMO_PRESCRIPTION_PCT", "SIG.RES_AEP_OuvrageEmprise", "SIG.RES_EU_Ouvrage", "SIG.SOL_SOL_Geologie_L_DIVERS", "SIG.RES_EU_Canalisation", "SIG.RES_AEP_PointComptage", "SIG.URB_PLU_BMO_PRESCRIPTION_LIN", "SIG.RES_EPL_CollecteurLineaire", "SIG.RES_EU_Appareillage", "SIG.RES_EPL_Regard", "SIG.RES_EU_PointBranchement", "SIG.SOL_SOL_Geologie_S_SURCH", "SIG.RES_AEP_Canalisation", "SIG.SOL_SOL_Geologie_L_FGEOL", "SIG.SOL_SOL_Geologie_S_FGEOL_CGH", "SIG.URB_PLU_BMO_ZONE_URBA", "SIG.RES_AEP_PoteauIncendie", "SIG.SOL_SOL_Geologie_L_STRUCT_CGH", "SIG.RES_AEP_Reservoir", "SIG.RES_EPL_Piece", "SIG.SOL_SOL_Geologie_P_STRUCT", "SIG.HYD_ZON_PerimProtectPriseEau", "SIG.RES_EPL_Vanne", "SIG.RES_EU_OuvrageEmprise"], "GPB_CAD_JS|DSIT": ["SIG.REF_CAD_ZoneCommunication", "SIG.REF_CAD_EnsembleImmobilier", "SIG.REF_CAD_Locaux", "SIG.REF_CAD_SubdivisionsFiscales", "SIG.REF_CAD_HabillageSurfacique", "SIG.REF_CAD_HabillagePonctuel", "SIG.REF_CAD_NumeroVoie", "SIG.REF_CAD_Batiments", "SIG.REF_CAD_FlechesReport", "SIG.REF_CAD_ObjetReseauRoutier", "SIG.REF_CAD_Communes", "SIG.REF_CAD_ImmeublesHabitations", "SIG.REF_CAD_Sections", "SIG.REF_CAD_Hydrographie", "SIG.REF_CAD_Mitoyennete", "SIG.REF_CAD_DomainePrive", "SIG.REF_CAD_SubdivisionsSections", "SIG.REF_CAD_BornePropriete", "SIG.REF_CAD_Logements", "SIG.REF_CAD_BatimentsSuppl", "SIG.REF_CAD_PARCELLESBRUTES_V", "SIG.REF_CAD_HabillageLineaire"], "AppliAstreinteEPE_CouchesEdition|public": ["SIG.ESP_AUT_AstreinteEPE"], "da02qualif|DSIT": ["SIG.RES_EPL_CollecteurPonctuel"], "GPB_CAD|public": ["SIG.REF_CAD_ZoneCommunication", "SIG.REF_CAD_EnsembleImmobilier", "SIG.REF_CAD_Locaux", "SIG.REF_CAD_SubdivisionsFiscales", "SIG.REF_CAD_HabillageSurfacique", "SIG.REF_CAD_HabillagePonctuel", "SIG.REF_CAD_NumeroVoie", "SIG.REF_CAD_Batiments", "SIG.REF_CAD_FlechesReport", "SIG.REF_CAD_ObjetReseauRoutier", "SIG.REF_CAD_Communes", "SIG.REF_CAD_ImmeublesHabitations", "SIG.REF_CAD_Sections", "SIG.REF_CAD_Hydrographie", "SIG.REF_CAD_Mitoyennete", "SIG.REF_CAD_DomainePrive", "SIG.REF_CAD_SubdivisionsSections", "SIG.REF_CAD_BornePropriete", "SIG.REF_CAD_Logements", "SIG.REF_CAD_BatimentsSuppl", "SIG.REF_CAD_PARCELLESBRUTES_V", "SIG.REF_CAD_HabillageLineaire"], "HabitatLocaux|public": ["SIG.BAT_IMM_BatimentsMunicipaux"], "AppliPointsEco_CouchesEdition|public": ["SIG.ESP_NET_ApportVolontaire"], "pp03OM|DSIT": ["SIG.ESP_NET_TourneeOM_Liaisons", "SIG.ESP_NET_TourneeOM_MarqParcours", "SIG.ESP_NET_TourneeCollecteDechets"], "MAJ_GeneriqueSansSuppressions|AppliSIG": ["SIG.REF_VOI_FilaireVoies", "SIG.REF_VOI_Adresses", "SIG.REF_AUT_Signalements", "SIG.REF_VOI_VoiesLieuxDits"], "GPB_PTL|public": ["SIG.PTL_ARC_MAR_HeritagesRemarq", "SIG.PTL_ARC_Fortifications_l", "SIG.PTL_TOU_PDIPR_Structurant", "SIG.PTL_ARC_Fortifications_s", "SIG.PTL_TOU_Chemins", "SIG.PTL_TOU_SitesPatrimoniaux", "SIG.PTL_ARC_MAR_Ports", "SIG.PTL_TOU_GR34", "SIG.PTL_TOU_Belvederes", "SIG.PTL_TOU_PDIPR_Boucles", "SIG.PTL_ARC_ZonePreemptionArcheo", "SIG.PTL_ARC_MAR_Musees", "SIG.PTL_ARC_MAR_DefenseMilitaire", "SIG.PTL_TOU_BaladesAxes", "SIG.PTL_TOU_AssoPecheProtec", "SIG.PTL_TOU_ZonePechePied", "SIG.PTL_TOU_BaladesSites", "SIG.PTL_ARC_MAR_Signalisation", "SIG.PTL_TOU_CircuitsRando"], "GPB_DEP_Bibus|public": ["SIG.DEP_COL_BusTram_Arrets", "SIG.DEP_STA_Parkings", "SIG.DEP_COL_BusTram_Lignes"], "ZonesPLU|public": ["SIG.URB_PLU_ZONE_URBA"], "SIFE_maj_pub|public": ["SIG.ECO_COM_InventaireSIRENE", "SIG.ECO_COM_SIFE_LOTS", "SIG.ECO_COM_SIFE_z_activites"], "Economie|public": ["SIG.ECO_COM_ZonesActiEcoPerim_Pays", "SIG.ECO_COM_EtablissementsCCI", "SIG.ECO_CUL_RPGA", "SIG.ECO_COM_ZonesActiEco_Lots", "SIG.ECO_CUL_CulturesMarines", "SIG.ECO_COM_ZonesActivitesEco", "SIG.ECO_COM_ZonesActiEco_Pays"], "Americains_CouchesEdition|public": ["SIG.PTL_ARC_Americ17_Infra", "SIG.PTL_ARC_Americ1917_l", "SIG.PTL_ARC_Americ17_Camps"], "GPB_RES|public": ["SIG.RES_ENE_ChauffageUrbain_Chauff", "SIG.RES_ARR_Canalisations", "SIG.RES_ARR_ZonesArrosees", "SIG.RES_LUM_EclairageArmoires", "SIG.RES_ENE_ChauffageUrbain_Abonne", "SIG.RES_ENE_ChauffageUrbain_Regard", "SIG.RES_ENE_ChauffageUrbain_Cana", "SIG.RES_ARR_Compteurs", "SIG.RES_LUM_EclairagePoints"], "GPB_CAD_Intra|secure": ["SIG.REF_CAD_PARCELLEBRUTE_SW", "SIG.REF_CAD_UniteFonciere"], "AppliTerrasses_CouchesEdition|public": ["SIG.ESP_OCC_TERRASSE"], "PhotoAerienne_1930|public": ["SIG.REF_PHO_1930_Emprise", "SIG.REF_PHO_Toponymes_l"], "PlanVille|public": ["SIG.REF_IGN_TOPO_SurfaceEau", "SIG.REF_PDV_FondPlan_Princ", "SIG.DEP_COL_BusTram_Arrets", "SIG.LIM_ADM_QuartiersElusBrest_p", "SIG.DEP_MAR_LimitesAdminPorts", "SIG.LIM_ADM_CommunesPays", "SIG.DEP_ARR_Circ_Stat_l", "SIG.REF_VOI_ADRESSES_V", "SIG.PTL_TOU_Chemins", "SIG.REF_PDV_anno_PlandeVille", "SIG.REF_IGN_TOPO_TerrainSport", "SIG.REF_CAD_Batiments", "SIG.DEP_STA_AiresCovoiturage", "SIG.ESP_VER_ZonesJeux", "SIG.EVE_NAU_Brest2016POI", "SIG.REF_MAR_LimiteTerreMer", "SIG.LIM_ADM_PaysEtiquettes", "SIG.REF_IGN_TOPO_ZoneVegetation", "SIG.PTL_TOU_PDIPR", "SIG.REF_PDV_HabillageLignes", "SIG.REF_IGN_TOPO_Cimetiere", "SIG.DEP_MAR_LiaisonsMaritimes", "SIG.DEP_COL_Cars_PennArBed_Arrets", "SIG.LIM_ADM_CCom", "SIG.REF_CAD_BatimentsSuppl", "SIG.ESP_VER_Emprises", "SIG.REF_VOI_AxesPrincipUnifies", "SIG.REF_VOI_FILAIREVOIES_V", "SIG.DEP_COL_BusTram_Lignes", "SIG.LIM_ADM_CommunesFinistere", "SIG.REF_CAD_BatimentsOmbrage", "SIG.LIM_ADM_CComEtiquettes", "SIG.BAT_IMM_OccupationBatiSurf", "SIG.LIM_ADM_Pays", "SIG.DEP_ARR_Circ_Stat_p", "SIG.EQU_POI_EquipementsPublics", "SIG.ECO_COM_SIFE_z_activites", "SIG.REF_MAR_Iles", "SIG.REF_VOI_VoiesLieuxDits"], "GPB_TEM|public": ["SIG.TEM_CLI_CadastreSolaire"], "Telechargement3D|public": ["SIG.D3D_AUT_dalles820mx820m", "SIG.D3D_AUT_Sites", "SIG.D3D_BAT_Emprises"], "GPB_ESP_Intra_NET|public": ["SIG.ESP_NET_TOURNEECOLLECTE_V"], "AppliMAJ_QualiteEauBaignade|public": ["SIG.HYD_MES_PointsPrelev_Plages"], "AppliPollution_CouchesConsultation|public": ["SIG.HYD_ZON_BassVers_Plages", "SIG.RES_EU_Vanne", "SIG.RES_EU_HabillageTexte", "SIG.RES_EPL_OuvrageEmprise", "SIG.RES_EPL_CollecteurPonctuel", "SIG.RES_EPL_NoeudBase", "SIG.ECO_COM_InventaireSIRENE", "SIG.HYD_ZON_BassVers_RadeBrest_l", "SIG.RES_EPL_HabillageLineaire", "SIG.HYD_ZON_BassVers_Rade_compl_p", "SIG.REF_ALT_CourbesNiveau2m", "SIG.HYD_RES_CoursDEau_Bmo", "SIG.URB_PLU_BMO_INFO_SURF", "SIG.URB_PLU_BMO_PRESCRIPTION_SURF", "SIG.HYD_MES_Piezometres", "SIG.RES_EU_FlecheEcoulement", "SIG.ECO_COM_EtablissementsCCI", "SIG.HYD_ZON_BassVers_RadeBrest_s", "SIG.REF_ALT_IsoSurfaces1m", "SIG.RES_EPL_Canalisation", "SIG.ECO_CUL_RPGA", "SIG.ECO_CUL_AGRISIEGESEXPLOIT_V", "SIG.RES_EPL_PlanRecolement", "SIG.HYD_MES_PointsPrelev_Plages", "SIG.RES_EPL_FlecheEcoulement", "SIG.RES_EU_Cotation", "SIG.RES_EU_Piece", "SIG.RES_EPL_PointBranchement", "SIG.RES_EU_PlanRecolement", "SIG.HYD_MES_PointsPrelevement", "SIG.RES_EPL_Appareillage", "SIG.RES_EPL_Ouvrage", "SIG.RES_EU_NoeudBase", "SIG.RES_EU_Regard", "SIG.URB_PLU_BMO_PRESCRIPTION_PCT", "SIG.HYD_MES_ReseauSurvMer", "SIG.RES_EU_Ouvrage", "SIG.RES_EPL_BMO_BV_Ouvrages", "SIG.RES_EU_Canalisation", "SIG.URB_PLU_BMO_PRESCRIPTION_LIN", "SIG.HYD_MES_ReseauSurvBassinVers", "SIG.RES_EPL_Cotation", "SIG.HYD_ZON_BassVers_Rade_compl_s", "SIG.RES_EPL_CollecteurLineaire", "SIG.ECO_CUL_CulturesMarines", "SIG.HYD_ZON_BassVers_PriseEauBrute", "SIG.ECO_PEC_ZonesPeche", "SIG.URB_PLU_BMO_INFO_PCT", "SIG.REF_IGN_TOPO_CoursDEau", "SIG.RES_EU_Appareillage", "SIG.RES_EPL_Regard", "SIG.URB_PLU_BMO_INFO_LIN", "SIG.RES_EU_CollecteurPonctuel", "SIG.RES_EU_PointBranchement", "SIG.URB_PLU_BMO_ZONE_URBA", "SIG.ECO_CUL_Serres_s", "SIG.REF_ALT_CourbesNiveau5m", "SIG.RES_EPL_BMO_PassageCamera", "SIG.REF_ALT_CourbesNiveau50cm", "SIG.RES_EPL_BMO_OuvrageEmprise", "SIG.RES_EPL_Piece", "SIG.HYD_MES_ReseauSurvLitto", "SIG.HYD_ZON_PerimProtectPriseEau", "SIG.RES_EPL_Vanne", "SIG.RES_EU_OuvrageEmprise", "SIG.RES_EU_HabillageLineaire", "SIG.RES_EPL_HabillageTexte"], "GPB_URB_Intra_InstructionDIA|secure": ["SIG.RES_EPL_EDP_Espaces_reserves", "SIG.URB_PLU_BMO_INFO_SURF", "SIG.URB_PLU_BMO_PRESCRIPTION_SURF", "SIG.BAT_IMM_BatiRenovUrbaine", "SIG.URB_FON_S_Mutables_Struct_parc", "SIG.URB_FON_ParcellesDemandesAcqui", "SIG.URB_FON_ParcellesEPF", "SIG.URB_FON_S_Mutables_BMO_parc", "SIG.URB_FON_Verrousfonciers", "SIG.REF_CAD_PARCELLEBRUTE_SW", "SIG.REF_CAD_Batiments", "SIG.URB_PRJ_ProjetsFonciers", "SIG.URB_FON_S_Mutables_BMO_perim", "SIG.URB_PLU_BMO_ZONE_URBA", "SIG.URB_PRJ_ProjetsUrbanisme", "SIG.URB_FON_VeilleFonciere"], "TelechargementDivers|public": ["SIG.LIM_ADM_CCom", "SIG.LIM_ADM_CommunesPays_p"], "Reseau_AEP|Partenaires": ["SIG.RES_AEP_PoteauIncendie", "SIG.RES_AEP_Canalisation"], "VegetPNRA|public": ["SIG.NAT_ZON_VegetationPNRA_CBNB", "SIG.NAT_ZON_VegetationMargePNRA"], "PatrimoineNaturel|public": ["SIG.NAT_HAB_ZH_Roselieres", "SIG.NAT_HAB_ZH_InventairePermanent", "SIG.NAT_ZON_EspaceNaturelSensible", "SIG.SOL_SOL_Geologie_P_DIVERS", "SIG.NAT_HAB_ZH_Tourbieres", "SIG.NAT_ZON_ZNIEFF_1", "SIG.NAT_ZON_ReservesChassesMar", "SIG.SOL_SOL_Geologie_L_DIVERS", "SIG.NAT_ZON_ZNIEFF_2", "SIG.NAT_HAB_Natura2000", "SIG.REF_IGN_TOPO_CoursDEau", "SIG.SOL_SOL_Geologie_S_SURCH", "SIG.NAT_AUT_PlantesInvasives", "SIG.SOL_SOL_Geologie_L_FGEOL", "SIG.SOL_SOL_Geologie_S_FGEOL_CGH", "SIG.NAT_ZON_ZNIEFF_1_Points", "SIG.SOL_SOL_Geologie_L_STRUCT_CGH", "SIG.SOL_SOL_Geologie_P_STRUCT"], "ServicesEquipements|public": ["SIG.EQU_POI_Associations", "SIG.EQU_POI_EquipementsPublics"], "Cartoweb_QuartiersDecoupages|public": ["SIG.LIM_ADM_Cantons_s", "SIG.LIM_ADM_CommunesPays", "SIG.LIM_ADM_LieuxVote_p", "SIG.LIM_ADM_QuartiersIrisFinistere", "SIG.LIM_ADM_BureauxVote_s", "SIG.LIM_ADM_QuartiersElusBrest_s", "SIG.LIM_ADM_Circonscriptions_s", "SIG.BAT_ZON_ZonesUrbainesSensibles"], "Urbanisme|public": ["SIG.URB_PLU_IDG_ZONE_URBA", "SIG.URB_SUP_BMO_SURF", "SIG.URB_PLU_BMO_INFO_SURF", "SIG.URB_PLU_BMO_PRESCRIPTION_SURF", "SIG.URB_SUP_SURF", "SIG.URB_PLU_HABILLAGE_LIN", "SIG.LIM_ADM_CommunesPays", "SIG.URB_PLU_INFO_LIN", "SIG.URB_PLU_BMO_PRESCRIPTION_PCT", "SIG.URB_PLU_PRESCRIPTION_PCT", "SIG.URB_PLU_INFO_PCT", "SIG.URB_PLU_BMO_PRESCRIPTION_LIN", "SIG.URB_PLU_INFO_SURF", "SIG.URB_SUP_PCT", "SIG.URB_PLU_HABILLAGE_TXT", "SIG.URB_PLU_ZONE_URBA", "SIG.URB_PLU_IDG_HABILLAGE_SURF", "SIG.URB_PLU_PRESCRIPTION_SURF", "SIG.URB_SUP_LIN", "SIG.URB_PLU_BMO_INFO_PCT", "SIG.URB_PLU_IDG_PRESCRIPTION_LIN", "SIG.URB_SUP_BMO_PCT", "SIG.URB_PLU_BMO_INFO_LIN", "SIG.URB_PLU_BMO_ZONE_URBA", "SIG.URB_PLU_IDG_PRESCRIPTION_SURF", "SIG.URB_PLU_PRESCRIPTION_LIN", "SIG.URB_SUP_BMO_LIN", "SIG.URB_PLU_IDG_PRESCRIPTION_PCT"], "GPB_RES_Intra|public": ["SIG.RES_AEP_PoteauIncendie", "SIG.RES_AEP_Canalisation"], "AppliEPL_MAJ_CouchesEdition|secure": ["SIG.RES_EPL_Recueil", "SIG.RES_EPL_OuvrageEmprise", "SIG.RES_EPL_CollecteurPonctuel", "SIG.HYD_RES_CoursDEau_Bmo", "SIG.RES_EPL_Canalisation", "SIG.RES_EPL_PointBranchement", "SIG.RES_EPL_Appareillage", "SIG.RES_EPL_Ouvrage", "SIG.RES_EPL_CollecteurTournees", "SIG.RES_EPL_BMO_BV_Ouvrages", "SIG.RES_EPL_CollecteurLineaire", "SIG.RES_EPL_Regard", "SIG.RES_EPL_BMO_PassageCamera", "SIG.RES_EPL_BMO_OuvrageEmprise", "SIG.RES_EPL_Piece", "SIG.RES_EPL_Vanne"], "CartoBruit|public": ["SIG.REF_IGN_TOPO_SurfaceEau", "SIG.RIS_SAN_BRUIT_BATI_OCC", "SIG.RIS_SAN_BRUIT_Fer_RFF", "SIG.LIM_ADM_CommunesPays", "SIG.RIS_SAN_BRUIT_Tram", "SIG.REF_VOI_LIEUXDITS_V", "SIG.RIS_SAN_BRUIT_Categories", "SIG.RIS_SAN_BRUIT_SecteursAffectes", "SIG.REF_PHO_2010_Dalles_10cm_BMO", "SIG.REF_VOI_AxesPrincipUnifies", "SIG.RIS_SAN_BRUIT_Cache_indus_def", "SIG.RIS_SAN_BRUIT_CourbesPEB_Brest", "SIG.RIS_SAN_BRUIT_Routes"], "MAJ_GeneriqueSansSuppressions|public": ["SIG.REF_VOI_FilaireVoies", "SIG.REF_VOI_Adresses", "SIG.REF_AUT_Signalements", "SIG.REF_VOI_VoiesLieuxDits"], "MAJ_Bat|secure": ["SIG.BAT_IMM_BatiMuni_Entretien"], "SIFE_consult_pub|public": ["SIG.ECO_COM_InventaireSIRENE", "SIG.ECO_COM_SIFE_LOTS", "SIG.LIM_ADM_CCom", "SIG.ECO_COM_SIFE_z_activites"], "AppliMAJ_Keolis|public": ["SIG.DEP_COL_BusTram_Lignes_Qualif", "SIG.DEP_COL_BusTram_Arrets_Qualif"], "AppliBatiAgri_CouchesEdition|public": ["SIG.URB_PLU_BatiAgri"], "AppliMAJ_EquipSport|public": ["SIG.EQU_POI_ServicesEquipements"], "Fond_mer_communes|public": ["SIG.REF_IGN_TOPO_SurfaceEau", "SIG.LIM_ADM_CommunesPays", "SIG.REF_MAR_LimiteTerreMer"], "AAA_AVT|secure": ["SIG.NAT_BOC_BocageBoisement", "SIG.NAT_AUT_PlantesInvasives", "SIG.NAT_BOC_BocageLineaire"], "Referents|public": ["SIG.LIM_ADM_CComEtiquettes"], "OccupationSol|public": ["SIG.SOL_SOL_Geologie_P_DIVERS", "SIG.SOL_SOL_Geologie_L_DIVERS", "SIG.SOL_SOL_Geologie_S_SURCH", "SIG.SOL_SOL_Geologie_L_FGEOL", "SIG.SOL_SOL_Geologie_S_FGEOL_CGH", "SIG.SOL_SOL_Geologie_L_STRUCT_CGH", "SIG.SOL_SOL_Geologie_P_STRUCT"], "Infos_communes|AppliSIG": ["SIG.LIM_ADM_CommunesPays"], "SIFE_PUBLIC|public": ["SIG.ECO_COM_SIFE_LOTS", "SIG.LIM_ADM_CCom", "SIG.ECO_COM_SIFE_z_activites"], "REF_RTS_ChantierAcquisition_consultation|public": ["SIG.RES_ARR_Canalisations", "SIG.RES_EPL_Canalisation", "SIG.LIM_ADM_CommunesPays", "SIG.REF_TOP_RTS_FilaireVoie", "SIG.REF_VOI_FilaireVoies", "SIG.RES_ENE_ERDF_Lignes", "SIG.RES_EU_Canalisation", "SIG.REF_TOP_RTS_parcelles", "SIG.RES_ENE_ChauffageUrbain_Cana", "SIG.RES_NUM_FibreBMO_Arteres", "SIG.REF_TOP_RTS_Cases", "SIG.RES_ENE_GRDF_ReseauService", "SIG.RES_AEP_Canalisation", "SIG.RES_LUM_EclairagePoints"], "MAJ_CCPCP|public": ["SIG.REF_VOI_CCPCP_ldts"], "PlanVilleTinergie|secure": ["SIG.SOL_MOS_NatureSol", "SIG.LIM_ADM_CommunesPays", "SIG.REF_VOI_FilaireVoies", "SIG.PHO_GEO_GoogleMaps", "SIG.REF_CAD_Batiments", "SIG.REF_VOI_Ilots", "SIG.RES_ENE_ChauffageUrbain_Cana", "SIG.LIM_ADM_QuartiersElusBrest_s", "SIG.URB_PLU_BMO_ZONE_URBA", "SIG.REF_CAD_BatimentsSuppl", "SIG.ESP_VER_Emprises", "SIG.REF_VOI_FILAIREVOIES_V"], "MAJ_GeneriqueAttributaire|AppliSIG": ["SIG.REF_VOI_FilaireVoies", "SIG.URB_FON_S_Mutables_BMO_parc", "SIG.RES_EU_Canalisation", "SIG.REF_AUT_Signalements", "SIG.URB_FON_S_Mutables_BMO_perim", "SIG.RES_AEP_Canalisation"], "GPB_BAT|public": ["SIG.BAT_IMM_OccupationBati", "SIG.BAT_ZON_ContratUrbCohesSocial", "SIG.BAT_ZON_TerritRenovUrbaine", "SIG.BAT_IMM_BatimentsMunicipaux", "SIG.BAT_ZON_ZonesUrbainesSensibles"], "PlanVille_CCPCP|public": ["SIG.ECO_COM_SIFE_sol", "SIG.ECO_COM_SIFE_LimComCCPCP", "SIG.ECO_COM_SIFE_SurfaceEauCCPCP", "SIG.ECO_COM_SIFE_bati", "SIG.REF_VOI_CCPCP_filaire", "SIG.ECO_COM_SIFE_foret"], "pics|public": ["SIG.RIS_SEC_SirenesAlerte", "SIG.RIS_SEC_SirenesAlertePortee", "SIG.REF_IGN_CARTO_VoiesCom", "SIG.RES_ENE_ERDF_TransportPostes", "SIG.RIS_SEC_PPI_Nucleaire", "SIG.RIS_TEC_PPRT_Bmo", "SIG.URB_PLU_BMO_INFO_SURF", "SIG.URB_SUP_SURF", "SIG.DEP_ROU_ViabiliteHivernale", "SIG.DEP_ARR_Circ_Stat_l", "SIG.RIS_NAT_CavitesSouterraines", "SIG.RES_ENE_GRDF_ReseauAbandon", "SIG.RIS_SEC_EtablRecevantPublic", "SIG.RES_ENE_ERDF_Lignes", "SIG.RES_EU_Ouvrage", "SIG.RIS_SEC_PPI_Nucl_Carrefours", "SIG.RES_ENE_GRDF_PostesNormaux", "SIG.RES_ENE_ERDF_Transformateurs", "SIG.RIS_SEC_PlanBouclage_PPI", "SIG.ESP_MOB_PanneauxInfo", "SIG.RES_ENE_GRDF_PostesClients", "SIG.RES_ENE_ERDF_Transport", "SIG.RIS_SEC_PerimetreIode", "SIG.RIS_NAT_SubmersionMarine", "SIG.RES_AEP_InstallEauBrute", "SIG.REF_IGN_TOPO_CoursDEau", "SIG.RES_ENE_GRDF_ReseauService", "SIG.REF_IGN_CARTO_SNCF_Lignes", "SIG.RES_AEP_Canalisation", "SIG.RES_AEP_PoteauIncendie", "SIG.RIS_NAT_MouvementsTerrain", "SIG.RIS_SEC_PlanParticulInterv", "SIG.RES_AEP_Reservoir", "SIG.RES_AEP_InstallEauTraitee", "SIG.REF_CAD_LOGEMENTS_V", "SIG.RIS_SEC_PPI_ZonePortuaire", "SIG.RES_ENE_GRDF_OrganesCoupure", "SIG.RIS_SEC_PPI_Nucl_SensInterdits"], "EspacePublic|public": ["SIG.ESP_NET_ApportVolontaire", "SIG.REF_VOI_ADRESSES_V", "SIG.DEP_MAR_DomainePublicMaritime", "SIG.ESP_NET_ApportVolontaire_Pays", "SIG.ESP_NET_Conteneurs_textile"], "GPB_RIS|public": ["SIG.RIS_SEC_SirenesAlerte", "SIG.RIS_SEC_SirenesAlertePortee", "SIG.RIS_TEC_PPRT_Bmo", "SIG.RIS_NAT_CavitesSouterraines", "SIG.RIS_SEC_EtablRecevantPublic", "SIG.RIS_SEC_PlanBouclage_PPI", "SIG.RIS_TEC_SitesClasses_BASOL", "SIG.RIS_SEC_PerimetreIode", "SIG.RIS_NAT_MouvementsTerrain", "SIG.RIS_NAT_SubmersionMarine_Light", "SIG.RIS_SEC_PlanParticulInterv", "SIG.RIS_NAT_PPRN_Pays", "SIG.RIS_TEC_PPRT_Pays"], "PhotoAerienne_1999|public": ["SIG.REF_PHO_1999_Emprise"], "AppliSignalMediateurs|public": ["SIG.ESP_AUT_SignalMediat"], "pp01|DSIT": ["SIG.SOL_MOS_NatureSol", "SIG.REF_VOI_VOIESLIEUXDITS_V", "SIG.REF_TOP_Restit3D_Sol_Lineaire", "SIG.REF_CAD_Parcelles", "SIG.REF_CAD_Batiments", "SIG.REF_VOI_Ilots", "SIG.ESP_VER_Emprises", "SIG.REF_VOI_FILAIREVOIES_V"], "OpenData_BaseDSIT|public": ["SIG.EQU_POI_EquipementsPublics"], "Cartoweb_CirculationStationnement|public": ["SIG.DEP_STA_MaterielPaiement", "SIG.DEP_ARR_Circ_Stat_l", "SIG.DEP_STA_Parkings", "SIG.DEP_ROU_ComptageTrafic_p", "SIG.DEP_ACT_AmenagementsCyclables", "SIG.DEP_ACT_StationnementVelo", "SIG.DEP_ARR_Circ_Stat_s", "SIG.DEP_STA_ZonesStationnement", "SIG.DEP_ARR_Circ_Stat_p"], "GPB_EVE|public": ["SIG.EVE_SPO_Perimetre", "SIG.EVE_SPO_Points", "SIG.EVE_SPO_Lignes", "SIG.EVE_MOB_AlerteVoirie", "SIG.EQU_POI_EquipementsPublics"], "GPB_DEP_Intra|public": ["SIG.DEP_ROU_ComptageTrafic_l", "SIG.DEP_ROU_ComptageTrafic_p"], "GPB_REF|public": ["SIG.REF_ALT_CourbesNiveau2m", "SIG.REF_VOI_FilaireVoiesUnifie", "SIG.REF_PHO_DallesTelechargement", "SIG.REF_TOP_RESTIT3D_SOL_LIGNE_V", "SIG.REF_VOI_VOIESLIEUXDITS_V", "SIG.REF_VOI_ADRESSES_V", "SIG.REF_VOI_FilaireVoies", "SIG.REF_VOI_FILAIREVOIES_SW", "SIG.REF_ALT_PentesVoies", "SIG.REF_MAR_TC_Ancien_Cerema", "SIG.REF_MAR_LimiteTerreMer", "SIG.REF_MAR_TraitCote", "SIG.REF_TOP_RESTIT3D_SOL_POINT_V", "SIG.REF_VOI_LIEUXDITS_V", "SIG.REF_ALT_CourbesNiveau5m", "SIG.REF_ALT_CourbesNiveau50cm", "SIG.REF_MAR_HauteBasseMer", "SIG.REF_MAR_TC_Recent_Cerema"], "GPB_ECO|public": ["SIG.ECO_EMP_EnquetePorts2006", "SIG.ECO_COM_InventaireSIRENE", "SIG.ECO_COM_EtablissementsCCI", "SIG.ECO_CUL_RPGA", "SIG.ECO_EMP_LocalisationEmplois", "SIG.ECO_COM_LocauxCommerciauxCCI", "SIG.ECO_CUL_CulturesMarines", "SIG.ECO_PEC_ZonesPeche", "SIG.ECO_COM_ZonesActivitesEco", "SIG.ECO_COM_ZonesActiEco_Pays", "SIG.ECO_COM_EspacesEconomiques", "SIG.ECO_EMP_EmploiAuxIlots"], "Cadastre|public": ["SIG.REF_VOI_ADRESSES_V"], "GPB_LIM|public": ["SIG.LIM_ADM_Cantons_s", "SIG.LIM_GRI_Emprises_PDV", "SIG.LIM_ADM_QuartiersElusBrest_p", "SIG.LIM_ADM_DepartementsOuest", "SIG.LIM_ADM_CommunesPays", "SIG.LIM_ADM_Pays_Touristiques_s", "SIG.LIM_ADM_QuartiersIris5000", "SIG.LIM_GRI_EmprisePaysBrest", "SIG.LIM_ADM_LieuxVote_p", "SIG.LIM_ADM_SecteursEcoles", "SIG.LIM_ADM_SecteursColleges", "SIG.LIM_ADM_QuartiersIrisFinistere", "SIG.LIM_GRI_Grille5x5km", "SIG.LIM_ADM_BureauxVote_s", "SIG.LIM_ADM_QuartiersElusBrest_s", "SIG.LIM_ADM_Circonscriptions_s", "SIG.LIM_ADM_CCom", "SIG.LIM_ADM_QuartiersIris2000", "SIG.LIM_ADM_SecteursElusBMO_s", "SIG.LIM_ADM_LieuxVote_s", "SIG.LIM_GRI_IndexPDV_500m", "SIG.LIM_ADM_CComEtiquettes", "SIG.LIM_ADM_Pays"], "pics2|AppliSIG": ["SIG.RIS_SEC_SirenesAlerte", "SIG.RIS_SEC_SirenesAlertePortee", "SIG.REF_IGN_CARTO_VoiesCom", "SIG.RES_ENE_ERDF_TransportPostes", "SIG.RIS_SEC_PPI_Nucleaire", "SIG.RIS_TEC_PPRT_Bmo", "SIG.URB_PLU_BMO_INFO_SURF", "SIG.URB_SUP_SURF", "SIG.DEP_ROU_ViabiliteHivernale", "SIG.DEP_ARR_Circ_Stat_l", "SIG.RIS_NAT_CavitesSouterraines", "SIG.RES_ENE_GRDF_ReseauAbandon", "SIG.RIS_SEC_EtablRecevantPublic", "SIG.RES_ENE_ERDF_Lignes", "SIG.RES_EU_Ouvrage", "SIG.RIS_SEC_PPI_Nucl_Carrefours", "SIG.RES_ENE_GRDF_PostesNormaux", "SIG.RES_ENE_ERDF_Transformateurs", "SIG.RIS_SEC_PlanBouclage_PPI", "SIG.ESP_MOB_PanneauxInfo", "SIG.RES_ENE_GRDF_PostesClients", "SIG.RES_ENE_ERDF_Transport", "SIG.RIS_SEC_PerimetreIode", "SIG.RIS_NAT_SubmersionMarine", "SIG.RES_AEP_InstallEauBrute", "SIG.REF_IGN_TOPO_CoursDEau", "SIG.RES_ENE_GRDF_ReseauService", "SIG.REF_IGN_CARTO_SNCF_Lignes", "SIG.RES_AEP_Canalisation", "SIG.RES_AEP_PoteauIncendie", "SIG.RIS_NAT_MouvementsTerrain", "SIG.RIS_SEC_PlanParticulInterv", "SIG.RES_AEP_Reservoir", "SIG.RES_AEP_InstallEauTraitee", "SIG.REF_CAD_LOGEMENTS_V", "SIG.RIS_SEC_PPI_ZonePortuaire", "SIG.RES_ENE_GRDF_OrganesCoupure", "SIG.RIS_SEC_PPI_Nucl_SensInterdits"], "Cartoweb_Textes|public": ["SIG.REF_VOI_ADRESSES_V", "SIG.REF_VOI_VoiesLieuxDits", "SIG.REF_VOI_FILAIREVOIES_V"], "GPB_DEM_Intra_Recensement|secure": ["SIG.REF_CAD_LOCAUX_V", "SIG.DEM_REC_EchantillonRecense", "SIG.DEM_REC_RepertImmeubLocalises", "SIG.REF_CAD_ImmeublesHabitations", "SIG.REF_CAD_LOGEMENTS_V"], "GPB_DEP|public": ["SIG.DEP_ACT_JalonnementsCyclables", "SIG.DEP_ROU_Accidents_Pays", "SIG.DEP_ROU_ComptageTrafic_l", "SIG.DEP_ACT_SDvelo_EspacesCalmes", "SIG.DEP_STA_MaterielPaiement", "SIG.DEP_ARR_CIRC_STAT_L_V", "SIG.DEP_ACT_SDvelo_ParkingVelos", "SIG.DEP_COL_BusTram_Arrets", "SIG.DEP_ROU_PointsKilometriques", "SIG.DEP_COL_TransScolHorsBibus", "SIG.DEP_ROU_ViabiliteHivernale", "SIG.DEP_MAR_LimitesAdminPorts", "SIG.DEP_ARR_Temporaires", "SIG.DEP_MAR_DomainePublicMaritime", "SIG.DEP_STA_Parkings", "SIG.DEP_ACT_SDvelo_ParkingRelVelos", "SIG.DEP_STA_AiresCovoiturage", "SIG.DEP_ACT_AmenagementsCyclables", "SIG.DEP_ROU_Accidents_Bmo", "SIG.DEP_ARR_CIRC_STAT_S_V", "SIG.DEP_ROU_ComptageCarrefours", "SIG.DEP_ROU_RoutesGrandeCircul", "SIG.DEP_ACT_SDvelo_ReseauCyclable", "SIG.DEP_MAR_LiaisonsMaritimes", "SIG.DEP_ROU_ComptageCordon", "SIG.DEP_COL_Cars_PennArBed_Arrets", "SIG.DEP_ARR_CIRC_STAT_PRJ_L", "SIG.DEP_ARR_CIRC_STAT_PRJ_S", "SIG.DEP_ACT_StationnementVelo", "SIG.DEP_COL_BusTram_Lignes", "SIG.DEP_ARR_CIRC_STAT_PRJ_P", "SIG.DEP_STA_ZonesStationnement", "SIG.DEP_COL_Cars_PennArBed_Lignes", "SIG.DEP_ARR_CIRC_STAT_P_V"], "GPB_BAT_Accessibilite|public": ["SIG.BAT_IMM_BatimentsMunicipaux"], "GPB_RES_Intra|secure": ["SIG.RES_AEP_PoteauIncendie", "SIG.RES_AEP_Canalisation"], "GPB_BAT_Intra_ObsCopro|secure": ["SIG.BAT_IMM_CoproTinergie", "SIG.BAT_IMM_CoproTinergie_PCT", "SIG.BAT_IMM_Coproprietes_Adresses", "SIG.BAT_IMM_Coproprietes"], "GPB_EQU|public": ["SIG.EQU_EES_EtablScolaires", "SIG.EQU_POI_NAUTISME_V", "SIG.EQU_POI_MOBILITETRANSPORT_V", "SIG.EQU_POI_MAIRIESANNEXES_V", "SIG.ESP_VER_ZonesJeux", "SIG.EQU_POI_PROXIMITE_V", "SIG.EQU_POI_SPORT_V", "SIG.EQU_POI_ESPVERTSESPPUBLICS_V", "SIG.EQU_POI_SANTESOCIAL_V", "SIG.EQU_POI_EDUCATIONENFANCE_V", "SIG.ESP_VER_ZonesAgres", "SIG.EQU_POI_TOURISME_V", "SIG.EQU_POI_CULTURELOISIRS_V", "SIG.DEP_ARR_Circ_Stat_p", "SIG.EQU_POI_EquipementsPublics"], "GPB_URB|public": ["SIG.URB_SCT_EspacesProches", "SIG.URB_SCT_CommunesLoiLittoral", "SIG.URB_PLU_HABILLAGE_SURF", "SIG.URB_FON_DossiersUrbanisme", "SIG.URB_OAP_DEP_ReseauTC", "SIG.URB_SUP_SURF", "SIG.URB_ZPP_Zppaup_s", "SIG.URB_PLU_HABILLAGE_LIN", "SIG.URB_OAP_DEP_ReseauStructur", "SIG.URB_SCT_AgglomerationVillage", "SIG.URB_PLU_INFO_LIN", "SIG.URB_SCT_CoupureUrbaHabillage", "SIG.URB_FON_LotissementsPerimetres", "SIG.URB_OAP_DEP_ProjetsUrbains", "SIG.REF_CAD_PARCELLEBRUTE_SW", "SIG.URB_SCT_ZonesAmenagtCommercial", "SIG.URB_PLU_PRESCRIPTION_PCT", "SIG.URB_PLU_INFO_PCT", "SIG.URB_OAP_DEP_ZonagePLU", "SIG.URB_SCT_ContinuitesVetB", "SIG.URB_PLU_INFO_SURF", "SIG.URB_SUP_PCT", "SIG.URB_ZPP_Zppaup_Batiments", "SIG.URB_PLU_HABILLAGE_TXT", "SIG.URB_OAP_ENV_TramVetB", "SIG.URB_PLU_ZONE_URBA", "SIG.URB_OAP_DEP_PolesEchange", "SIG.URB_PLU_PRESCRIPTION_SURF", "SIG.URB_SUP_LIN", "SIG.URB_FON_LotissementsDecoupage", "SIG.URB_OAP_ENV_TrameVetB_Connex", "SIG.URB_ZPP_Zppaup_t", "SIG.URB_PLU_BMO_ZONE_URBA", "SIG.URB_SCT_EspacesEconomiques", "SIG.URB_OAP_DEP_ZonesApaisees", "SIG.URB_PLU_PRESCRIPTION_LIN", "SIG.URB_OAP_DEP_ZoneAgglo", "SIG.URB_OAP_ENV_ArmatureVerteUrb", "SIG.URB_ZPP_FacadesInteret", "SIG.URB_ZPP_Zppaup_p", "SIG.URB_SCT_CoupureUrbanisation", "SIG.URB_ZPP_Zppaup_l", "SIG.URB_SCT_EspacesRemarquables"], "PhotoAerienne_1955|public": ["SIG.REF_PHO_1955_Emprise"], "GPB_ESP_Intra_GestionEV|secure": ["SIG.ESP_VER_Equipes", "SIG.ESP_VER_UnitesGestion", "SIG.ESP_VER_Emprises"], "GPB_URB_ProfilUrba|public": ["SIG.URB_PRJ_ProjetsUrbanisme"], "TEM_cadastreSolaire_typologie|AppliSIG": ["SIG.TEM_CLI_CadastreSolaireTypo"], "ServicesEquipements_GrandPublic|public": ["SIG.ESP_VER_ZonesJeux", "SIG.DEP_ARR_Circ_Stat_p", "SIG.EQU_POI_EquipementsPublics"], "PhotoAerienne_1950|public": ["SIG.REF_PHO_Toponymes_l", "SIG.REF_PHO_1950_Emprise"], "Cartoweb_Education|public": ["SIG.LIM_ADM_SecteursColleges", "SIG.LIM_ADM_SecteursEcoles"], "Cartoweb_Relief|public": ["SIG.REF_ALT_CourbesNiveau2m", "SIG.REF_ALT_PentesVoies", "SIG.REF_ALT_CourbesNiveau5m", "SIG.REF_ALT_CourbesNiveau50cm"], "RandoEtVelo_BTO2017|public": ["SIG.PTL_TOU_BTOveloroute", "SIG.PTL_TOU_BTO_GR37", "SIG.REF_IGN_CARTO_SNCF_Gares", "SIG.PTL_TOU_BTO_GR34", "SIG.PTL_TOU_BTO_services", "SIG.PTL_TOU_Contacts", "SIG.PTL_TOU_BTO_PortPlaisance", "SIG.REF_IGN_CARTO_SNCF_Lignes", "SIG.PTL_TOU_BTO_SitesRemarquables", "SIG.PTL_TOU_BTO_PDIPR", "SIG.EQU_POI_EquipementsPublics"], "AppliTerrasses_CouchesConsultation|public": ["SIG.ESP_OCC_TERRASSE_PerimetrePort", "SIG.ESP_OCC_TERRASSE"], "Foncier|public": ["SIG.URB_FON_SitesMutables_Pays"], "Signalements|public": ["SIG.REF_AUT_Signalements"], "REF_RTS_ChantierAcquisition_edition|public": ["SIG.REF_TOP_RTS_Signal_l", "SIG.REF_TOP_RTS_FilaireVoie", "SIG.REF_TOP_RTS_parcelles", "SIG.REF_TOP_RTS_Signal_s", "SIG.REF_TOP_RTS_Signal_p"], "ds30|DSIT": ["SIG.URB_FON_LotissementsDecoupage"], "QualiteEauxBaignade_test|public": ["SIG.HYD_MES_PointsPrelev_Plages"], "PatrimoineTourisme|public": ["SIG.PTL_ARC_MAR_HeritagesRemarq", "SIG.PTL_TOU_CheminsRando_POI", "SIG.PTL_TOU_CheminsRando", "SIG.PTL_TOU_PDIPR_Structurant", "SIG.PTL_TOU_Veloroutes", "SIG.PTL_TOU_Chemins", "SIG.PTL_ARC_MAR_Ports", "SIG.PTL_TOU_PDIPR_Boucles", "SIG.PTL_ARC_ZonePreemptionArcheo", "SIG.PTL_ARC_MAR_Musees", "SIG.PTL_ARC_MAR_DefenseMilitaire", "SIG.PTL_ARC_MAR_Signalisation"], "GPB_HYD|public": ["SIG.HYD_ZON_BassVers_Plages", "SIG.HYD_ZON_BassVers_RadeBrest_l", "SIG.HYD_ZON_BassVers_Rade_compl_p", "SIG.HYD_MES_Piezometres", "SIG.HYD_RES_MassesEauPlansDeau", "SIG.HYD_RES_MassesEauRivieres", "SIG.HYD_ZON_BassVers_RadeBrest_s", "SIG.HYD_MES_PointsPrelev_Plages", "SIG.HYD_MES_PointsPrelevement", "SIG.HYD_MES_ReseauSurvMer", "SIG.HYD_RES_MassesEauEstuaires", "SIG.HYD_MES_ReseauSurvBassinVers", "SIG.HYD_RES_MassesEauLittoral", "SIG.HYD_ZON_BassVers_Rade_compl_s", "SIG.HYD_ZON_BassVers_PriseEauBrute", "SIG.HYD_ZON_SyndicatsBassin", "SIG.HYD_MES_ReseauSurvLitto", "SIG.HYD_RES_MassesEauBV", "SIG.HYD_ZON_PerimProtectPriseEau"], "ReseauxSOGELINK|public": ["SIG.RES_AEP_Appareillage", "SIG.RES_EU_Vanne", "SIG.RES_EU_HabillageTexte", "SIG.RES_AEP_PlanRecolement", "SIG.RES_AEP_HabillageTexte", "SIG.RES_EU_FlecheEcoulement", "SIG.RES_AEP_Fontainerie", "SIG.RES_AEP_Compteur", "SIG.RES_EU_Cotation", "SIG.RES_EU_Piece", "SIG.RES_AEP_Piece", "SIG.RES_AEP_FlecheEcoulement", "SIG.RES_EU_PlanRecolement", "SIG.RES_EU_NoeudBase", "SIG.RES_EU_Regard", "SIG.RES_AEP_OuvrageEmprise", "SIG.RES_EU_Ouvrage", "SIG.RES_EU_Canalisation", "SIG.RES_AEP_PointComptage", "SIG.RES_AEP_Regulation", "SIG.RES_AEP_HabillageLineaire", "SIG.RES_AEP_Cotation", "SIG.RES_AEP_InstallEauBrute", "SIG.RES_AEP_Vanne", "SIG.RES_EU_Appareillage", "SIG.RES_EU_CollecteurPonctuel", "SIG.RES_EU_PointBranchement", "SIG.RES_AEP_Canalisation", "SIG.RES_AEP_PoteauIncendie", "SIG.RES_AEP_NoeudBase", "SIG.RES_AEP_Reservoir", "SIG.RES_AEP_InstallEauTraitee", "SIG.RES_EU_OuvrageEmprise", "SIG.RES_EU_HabillageLineaire"], "AppliConsult_Keolis|public": ["SIG.DEP_COL_BusTram_Lignes_Qualif", "SIG.DEP_COL_BusTram_Arrets_Qualif"], "AppliStationnement_CouchesEdition|public": ["SIG.DEP_STA_StationnementVoirie"], "ProjetContratMetropolitain|public": ["SIG.REF_VOI_FilaireVoies", "SIG.URB_PRJ_ContratMetropolitain_s", "SIG.REF_CAD_Batiments", "SIG.URB_PLU_ZONE_URBA", "SIG.REF_MAR_LimiteTerreMer", "SIG.REF_PDV_HabillageLignes", "SIG.URB_PRJ_ContratMetropolitain_l", "SIG.LIM_ADM_CCom", "SIG.DEP_COL_BusTram_Lignes"], "GPB_EQU_ServicesEquipements|public": ["SIG.EQU_POI_Associations", "SIG.EQU_POI_EDUCATIONENFANCE_V", "SIG.EQU_POI_EquipementsPublics"], "MAJ_Generique|AppliSIG": ["SIG.RES_AEP_Appareillage", "SIG.PTL_TOU_CheminsRando", "SIG.RES_AEP_Compteur", "SIG.RES_AEP_Piece", "SIG.RES_AEP_PointComptage", "SIG.RES_AEP_Regulation", "SIG.RES_AEP_Cotation", "SIG.RES_AEP_Vanne", "SIG.RES_AEP_Canalisation", "SIG.RES_AEP_PoteauIncendie"], "GPB_RES_Intra_Tous_reseaux|secure": ["SIG.RES_AEP_Appareillage", "SIG.RES_EU_Vanne", "SIG.RES_EU_HabillageTexte", "SIG.RES_ENE_ERDF_DecoupageFolio", "SIG.RES_ENE_ChauffageUrbain_Chauff", "SIG.RES_EPL_OuvrageEmprise", "SIG.RES_EPL_CollecteurPonctuel", "SIG.RES_EPL_NoeudBase", "SIG.RES_AEP_PlanRecolement", "SIG.RES_AUT_ReseauxIndependants", "SIG.RES_EPL_HabillageLineaire", "SIG.RES_ENE_ERDF_TransportPostes", "SIG.RES_NUM_Telecom_Poteaux", "SIG.RES_AEP_HabillageTexte", "SIG.RES_EU_FlecheEcoulement", "SIG.RES_NUM_Telecom_Lignes", "SIG.RES_EPL_Canalisation", "SIG.RES_NUM_FibreBMO_Sites", "SIG.RES_EPL_PlanRecolement", "SIG.RES_AEP_Fontainerie", "SIG.RES_AEP_Compteur", "SIG.RES_EPL_FlecheEcoulement", "SIG.RES_EU_Cotation", "SIG.RES_EU_Piece", "SIG.RES_AEP_Piece", "SIG.RES_EPL_PointBranchement", "SIG.RES_ENE_GRDF_ReseauAbandon", "SIG.RES_AEP_FlecheEcoulement", "SIG.RES_EU_PlanRecolement", "SIG.RES_EPL_Appareillage", "SIG.RES_EPL_Ouvrage", "SIG.RES_EU_NoeudBase", "SIG.RES_LUM_EclairageArmoires", "SIG.RES_EU_Regard", "SIG.RES_AEP_OuvrageEmprise", "SIG.RES_ENE_ERDF_Lignes", "SIG.RES_EPL_CollecteurTournees", "SIG.RES_EU_Ouvrage", "SIG.RES_NUM_Fibre_Affl", "SIG.RES_EPL_BMO_BV_Ouvrages", "SIG.RES_EU_Canalisation", "SIG.RES_ENE_GRDF_PostesNormaux", "SIG.RES_AEP_PointComptage", "SIG.RES_ENE_ERDF_Transformateurs", "SIG.RES_AEP_Regulation", "SIG.RES_AEP_HabillageLineaire", "SIG.RES_EPL_Cotation", "SIG.RES_EPL_CollecteurLineaire", "SIG.RES_ENE_ChauffageUrbain_Abonne", "SIG.RES_ENE_ChauffageUrbain_Regard", "SIG.RES_ENE_GRDF_PostesClients", "SIG.RES_AEP_Cotation", "SIG.RES_ENE_ERDF_Transport", "SIG.RES_ENE_ChauffageUrbain_Cana", "SIG.RES_NUM_FibreBMO_Arteres", "SIG.RES_AEP_InstallEauBrute", "SIG.RES_AEP_Vanne", "SIG.RES_EU_Appareillage", "SIG.RES_EPL_Regard", "SIG.RES_ENE_GRDF_ReseauService", "SIG.RES_AEP_Syndicats", "SIG.RES_ENE_ERDF_PylonesHT", "SIG.RES_EU_CollecteurPonctuel", "SIG.RES_NUM_Fibre_Arteres", "SIG.RES_EU_PointBranchement", "SIG.RES_AEP_Canalisation", "SIG.RES_AEP_PoteauIncendie", "SIG.RES_EPL_BMO_PassageCamera", "SIG.RES_AEP_NoeudBase", "SIG.RES_AEP_Reservoir", "SIG.RES_EPL_BMO_OuvrageEmprise", "SIG.RES_NUM_FibreBMO_Boites", "SIG.RES_EPL_Piece", "SIG.RES_LUM_EclairagePoints", "SIG.RES_AEP_InstallEauTraitee", "SIG.RES_EPL_Vanne", "SIG.RES_EU_OuvrageEmprise", "SIG.RES_EU_HabillageLineaire", "SIG.RES_EPL_HabillageTexte", "SIG.RES_ENE_GRDF_OrganesCoupure"], "PlanVilleSignalement|public": ["SIG.REF_IGN_TOPO_SurfaceEau", "SIG.REF_PDV_FondPlan_Princ", "SIG.LIM_ADM_CommunesPays", "SIG.REF_VOI_ADRESSES_V", "SIG.PTL_TOU_Chemins", "SIG.REF_CAD_Batiments", "SIG.REF_MAR_LimiteTerreMer", "SIG.LIM_ADM_PaysEtiquettes", "SIG.REF_IGN_TOPO_ZoneVegetation", "SIG.PTL_TOU_PDIPR", "SIG.REF_PDV_HabillageLignes", "SIG.REF_VOI_LIEUXDITS_V", "SIG.REF_IGN_CARTO_CommunesBZH", "SIG.LIM_ADM_CCom", "SIG.REF_CAD_BatimentsSuppl", "SIG.REF_VOI_AxesPrincipUnifies", "SIG.REF_VOI_FILAIREVOIES_V", "SIG.REF_CAD_BatimentsOmbrage", "SIG.LIM_ADM_CComEtiquettes", "SIG.LIM_ADM_Pays", "SIG.ECO_COM_SIFE_z_activites"], "MAJ_Generique|public": ["SIG.RES_AEP_Appareillage", "SIG.PTL_TOU_CheminsRando", "SIG.RES_AEP_Compteur", "SIG.RES_AEP_Piece", "SIG.RES_AEP_PointComptage", "SIG.RES_AEP_Regulation", "SIG.RES_AEP_Cotation", "SIG.RES_AEP_Vanne", "SIG.RES_AEP_Canalisation", "SIG.RES_AEP_PoteauIncendie"], "TelechargementPhoto|public": ["SIG.LIM_ADM_CommunesPays", "SIG.REF_PHO_DallesTelechargement"], "OpenData|public": ["SIG.ESP_NET_ApportVolontaire", "SIG.URB_PLU_BMO_INFO_SURF", "SIG.URB_PLU_BMO_PRESCRIPTION_SURF", "SIG.DEP_COL_BusTram_Arrets", "SIG.PTL_TOU_Chemins", "SIG.REF_VOI_FilaireVoies", "SIG.URB_PLU_BMO_PRESCRIPTION_PCT", "SIG.LIM_ADM_LieuxVote_p", "SIG.SOL_MOS_OccupationSol", "SIG.URB_PLU_BMO_PRESCRIPTION_LIN", "SIG.URB_PLU_ZONE_URBA", "SIG.DEP_ACT_AmenagementsCyclables", "SIG.LIM_ADM_BureauxVote_s", "SIG.URB_PLU_BMO_INFO_PCT", "SIG.URB_PLU_BMO_INFO_LIN", "SIG.URB_PLU_BMO_ZONE_URBA", "SIG.DEP_ACT_StationnementVelo", "SIG.DEP_COL_BusTram_Lignes", "SIG.EQU_POI_EquipementsPublics"], "TestLD_CAD|public": ["SIG.REF_CAD_NumeroParcelle_Pays", "SIG.REF_CAD_PARCELLESBRUTES_V"], "APPLIMAJ_Evenement|public": ["SIG.EVE_SPO_Points", "SIG.EVE_SPO_Perimetre", "SIG.EVE_SPO_Lignes", "SIG.EQU_POI_EquipementsPublics"], "MAJ_Equipements|secure": ["SIG.EQU_POI_ServicesEquipements"]}