{"SIG.D3D_AUT_dalles410mx410m": ["GPB_D3D|public"], "SIG.RES_AEP_InstallEauBrute": ["pics|public", "Reseaux|public", "ReseauxSOGELINK|public", "GPB_RES_Intra_Tous_reseaux|secure", "pics2|secure", "pics2|AppliSIG"], "SIG.RES_EU_Ouvrage": ["pics|public", "AppliEPL_MAJ_CouchesConsultation|secure", "Reseaux|public", "ReseauxSOGELINK|public", "AppliPollution_CouchesConsultation|public", "GPB_RES_Intra_Tous_reseaux|secure", "pics2|secure", "pics2|AppliSIG"], "SIG.REF_VOI_FilaireVoiesUnifie": ["GPB_REF|public", "CarteSituation|public"], "SIG.LIM_ADM_PaysEtiquettes": ["PlanVille|public", "PlanVilleSignalement|public", "PlanVilleAllege|public"], "SIG.PTL_ARC_ZonePreemptionArcheo": ["PatrimoineTourisme|public", "GPB_PTL|public"], "SIG.REF_CAD_TXPRO_CoefNeutParc_SW": ["REF_CAD_INTRA_TaxesProfessionnelles|public"], "SIG.SOL_SOL_Geologie_P_STRUCT": ["AppliEPL_MAJ_CouchesConsultation|secure", "OccupationSol|public", "PatrimoineNaturel|public"], "SIG.PTL_TOU_BTO_GR34": ["RandoEtVelo_BTO2017|public"], "SIG.DEP_COL_BusTram_Arrets": ["SIFE_transport_commun|public", "PlanVille|public", "PlanVille|public", "PlanVille|public", "Cartoweb_TransportUrbain|public", "Brest2016_LaFeteMAJ_consult|public", "Deplacement|public", "GPB_DEP|public", "GPB_DEP_Bibus|public", "GPB_DEP_Bibus|public", "GPB_DEP_Bibus|public", "GPB_DEP_Bibus|public", "GPB_DEP_Bibus|public", "GPB_DEP_Bibus|public", "GPB_DEP_Bibus|public", "GPB_DEP_Bibus|public", "GPB_DEP_Bibus|public", "GPB_DEP_Bibus|public", "GPB_DEP_Bibus|public", "GPB_DEP_Bibus|public", "GPB_DEP_Bibus|public", "GPB_DEP_Bibus|public", "GPB_DEP_Bibus|public", "GPB_DEP_Bibus|public", "GPB_DEP_Bibus|public", "GPB_DEP_Bibus|public", "GPB_DEP_Bibus|public", "GPB_DEP_Bibus|public", "GPB_DEP_Bibus|public", "GPB_DEP_Bibus|public", "GPB_DEP_Bibus|public", "GPB_DEP_Bibus|public", "GPB_DEP_Bibus|public", "GPB_DEP_Bibus|public", "OpenData|public"], "SIG.REF_CAD_TXPRO_CoefLocSect_SW": ["REF_CAD_INTRA_TaxesProfessionnelles|public"], "SIG.HYD_MES_PointsPrelev_Plages": ["QualiteEauxBaignade_test|public", "AppliPollution_CouchesConsultation|public", "AppliMAJ_QualiteEauBaignade|public", "GPB_HYD|public"], "SIG.RIS_SEC_PPI_Nucl_Carrefours": ["pics|public", "pics|public", "pics|public", "pics|public", "pics2|secure", "pics2|secure", "pics2|secure", "pics2|secure", "pics2|AppliSIG", "pics2|AppliSIG", "pics2|AppliSIG", "pics2|AppliSIG"], "SIG.URB_SUP_PCT": ["Urbanisme|public", "Urbanisme|public", "Urbanisme|public", "Urbanisme|public", "GPB_URB|public"], "SIG.REF_CAD_FlechesReport": ["GPB_CAD_JS|DSIT", "GPB_CAD|public"], "SIG.RES_AEP_Fontainerie": ["AppliEPL_MAJ_CouchesConsultation|secure", "Reseaux|public", "ReseauxSOGELINK|public", "GPB_RES_Intra_Tous_reseaux|secure"], "SIG.HYD_MES_Piezometres": ["AppliPollution_CouchesConsultation|public", "GPB_HYD|public"], "SIG.REF_CAD_Mitoyennete": ["GPB_CAD_JS|DSIT", "GPB_CAD|public"], "SIG.ESP_AUT_PROGRAMME_TRAVAUX_V": ["GPB_ESP_Intra_TRAVAUX|secure", "GPB_ESP_Intra_TRAVAUX|secure", "GPB_ESP_Intra_TRAVAUX|secure", "GPB_ESP|public"], "SIG.ESP_NET_ApportVolontaire_Pays": ["EspacePublic|public", "GPB_ESP|public"], "SIG.RIS_SEC_EtablRecevantPublic": ["pics|public", "pics2|secure", "pics2|AppliSIG", "GPB_RIS|public"], "SIG.DEP_MAR_LimitesAdminPorts": ["PlanVille|public", "PlanVilleAllege|public", "GPB_DEP|public"], "SIG.REF_VOI_CCPCP_filaire": ["PlanVille_CCPCP|public", "PlanVille_CCPCP|public", "PlanVille_CCPCP|public", "PlanVille_CCPCP|public", "PlanVille_CCPCP|public", "PlanVille_CCPCP|public", "PlanVille_CCPCP|public", "PlanVille_CCPCP|public", "PlanVille_CCPCP|public", "PlanVille_CCPCP|public", "PlanVille_CCPCP|public", "PlanVille_CCPCP|public"], "SIG.ESP_NET_TourneeOM_Liaisons": ["pp03OM|DSIT"], "SIG.EVE_SPO_Perimetre": ["GPB_EVE|public", "APPLIMAJ_Evenement|public"], "SIG.NAT_ZON_ZNIEFF_1_Points": ["PatrimoineNaturel|public"], "SIG.DEP_ARR_Circ_Stat_l": ["pics|public", "PlanVille|public", "pics2|secure", "pics2|AppliSIG", "Cartoweb_CirculationStationnement|public", "Cartoweb_CirculationStationnement|public", "Deplacement|public", "Deplacement|public"], "SIG.PTL_TOU_Contacts": ["RandoEtVelo_BTO2017|public"], "SIG.REF_VOI_IDENTITEVOIES_SW": ["GPB_REF_Intra|secure"], "SIG.D3D_BAT_FAITAGES_V": ["GPB_D3D|public"], "SIG.REF_CAD_BatimentsOmbrage": ["PlanVille|public", "PlanVilleSignalement|public", "PlanVilleAllege|public"], "SIG.URB_PLU_IDG_ZONE_URBA": ["Urbanisme|public", "Urbanisme|public", "Oxalys|public"], "SIG.DEM_REC_EchantillonRecense": ["GPB_DEM_Intra_Recensement|secure", "GPB_EVE_Intra_Recensement|secure"], "SIG.DEP_ARR_Circ_Stat_s": ["tv21|DSIT", "Cartoweb_CirculationStationnement|public", "Cartoweb_CirculationStationnement|public", "Deplacement|public", "Deplacement|public"], "SIG.LIM_GRI_Emprises_PDV": ["GPB_LIM|public"], "SIG.DEP_ARR_Circ_Stat_p": ["PlanVille|public", "ServicesEquipements_GrandPublic|public", "PlanVilleAllege|public", "Cartoweb_CirculationStationnement|public", "Cartoweb_CirculationStationnement|public", "Deplacement|public", "Deplacement|public", "GPB_EQU|public"], "SIG.ESP_OCC_TERRASSE_PerimetrePort": ["AppliTerrasses_CouchesConsultation|public"], "SIG.URB_FON_DossiersUrbanisme": ["GPB_URB|public"], "SIG.BAT_IMM_BatiMuni_Entretien": ["MAJ_Bat|secure"], "SIG.RES_EU_PlanRecolement": ["Reseaux|public", "ReseauxSOGELINK|public", "AppliPollution_CouchesConsultation|public", "GPB_RES_Intra_Tous_reseaux|secure"], "SIG.LIM_GRI_EmprisePaysBrest": ["GPB_LIM|public"], "SIG.RES_AEP_Compteur": ["Reseaux|public", "ReseauxSOGELINK|public", "GPB_RES_Intra_Tous_reseaux|secure", "MAJ_Generique|AppliSIG", "MAJ_Generique|public"], "SIG.ESP_NET_TourneeCollecteDechets": ["pp03OM|DSIT", "pp03SE|DSIT", "Cartoweb_CollecteProprete|public", "Cartoweb_CollecteProprete|public", "pp04|DSIT", "GPB_ESP|public"], "SIG.ESP_OCC_DispoPub": ["GPB_ESP|public"], "SIG.RES_NUM_Telecom_Poteaux": ["GPB_RES_Intra_Tous_reseaux|secure"], "SIG.URB_PLU_INFO_SURF": ["Urbanisme|public", "GPB_URB|public"], "SIG.DEP_STA_AiresCovoiturage": ["PlanVille|public", "Deplacement|public", "GPB_DEP|public"], "SIG.URB_PLU_BMO_INFO_SURF": ["pics|public", "Urbanisme|public", "Urbanisme|public", "Urbanisme|public", "Urbanisme|public", "Urbanisme|public", "Urbanisme|public", "Urbanisme|public", "Urbanisme|public", "Urbanisme|public", "Urbanisme|public", "Urbanisme|public", "Urbanisme|public", "Urbanisme|public", "GPB_URB_Intra_InstructionDIA|secure", "GPB_URB_Intra_InstructionDIA|secure", "AppliPollution_CouchesConsultation|public", "AppliPollution_CouchesConsultation|public", "AppliPollution_CouchesConsultation|public", "Cartoweb_PLU|public", "Cartoweb_PLU|public", "Cartoweb_PLU|public", "Cartoweb_PLU|public", "Cartoweb_PLU|public", "Cartoweb_PLU|public", "Cartoweb_PLU|public", "Cartoweb_PLU|public", "Cartoweb_PLU|public", "Cartoweb_PLU|public", "Cartoweb_PLU|public", "Cartoweb_PLU|public", "Cartoweb_PLU|public", "GPB_PLU|public", "GPB_PLU|public", "GPB_PLU|public", "GPB_PLU|public", "GPB_PLU|public", "GPB_PLU|public", "GPB_PLU|public", "GPB_PLU|public", "GPB_PLU|public", "GPB_PLU|public", "GPB_PLU|public", "GPB_PLU|public", "GPB_PLU|public", "pics2|secure", "pics2|AppliSIG", "OpenData|public", "OpenData|public", "OpenData|public", "OpenData|public", "OpenData|public"], "SIG.REF_CAD_NumeroParcelle_Pays": ["TestLD_CAD|public"], "SIG.NAT_ZON_ConservLittoral": ["GPB_NAT|public"], "SIG.DEP_STA_MaterielPaiement": ["Cartoweb_CirculationStationnement|public", "Deplacement|public", "GPB_DEP|public"], "SIG.DEM_REC_Population1990Iris": ["GPB_DEM|public"], "SIG.REF_VOI_AxesPrincipUnifies": ["PlanVille|public", "PlanVilleSignalement|public", "PlanVilleAllege|public", "CartoBruit|public"], "SIG.PTL_ARC_MAR_HeritagesRemarq": ["PatrimoineTourisme|public", "GPB_PTL|public"], "SIG.ECO_CUL_Serres_s": ["AppliPollution_CouchesConsultation|public"], "SIG.RES_AEP_Canalisation": ["pics|public", "AppliEPL_MAJ_CouchesConsultation|secure", "MAJ_GeneriqueAttributaire|AppliSIG", "GPB_RES_Intra|secure", "Reseaux|public", "ReseauxSOGELINK|public", "Reseau_AEP|public", "REF_RTS_ChantierAcquisition_consultation|public", "REF_RTS_ChantierAcquisition_consultation|public", "GPB_RES_Intra_Tous_reseaux|secure", "pics2|secure", "MAJ_Generique|AppliSIG", "pics2|AppliSIG", "Reseau_AEP|Partenaires", "MAJ_Generique|public", "GPB_RES_Intra|public"], "SIG.EVE_NAU_Brest2016POI": ["PlanVille|public", "PlanVille|public"], "SIG.LIM_ADM_Circonscriptions_s": ["Cartoweb_QuartiersDecoupages|public", "GPB_LIM|public", "LimitesDecoupages|public"], "SIG.REF_CAD_UniteFonciere": ["GPB_CAD_Intra|secure", "GPB_CAD_Intra|public"], "SIG.RES_NUM_FibreBMO_Boites": ["GPB_RES_Intra_Tous_reseaux|secure"], "SIG.REF_TOP_RTS_ENVELOPPE_NonVal": ["GPB_REF_Intra_RTS|secure"], "SIG.RES_AUT_ReseauxIndependants": ["GPB_RES_Intra_Tous_reseaux|secure"], "SIG.NAT_HAB_INVENTAIREPERMANENT_V": ["GPB_NAT|public"], "SIG.REF_VOI_LIEUXDITS_V": ["PlanVilleSignalement|public", "GPB_REF|public", "AppliPlantes_Invasives_CouchesConsultation|public", "CarteSituation|public", "CartoBruit|public"], "SIG.REF_CAD_PARCELLESBRUTES_V": ["TestLD_CAD|public", "GPB_CAD_JS|DSIT", "GPB_CAD_JS|DSIT", "GPB_CAD|public", "GPB_CAD|public"], "SIG.PTL_TOU_BTO_GR37": ["RandoEtVelo_BTO2017|public"], "SIG.URB_PLU_IDG_PRESCRIPTION_PCT": ["Urbanisme|public", "Oxalys|public"], "SIG.HYD_MES_ReseauSurvBassinVers": ["AppliPollution_CouchesConsultation|public", "GPB_HYD|public"], "SIG.URB_PLU_IDG_INFO_LIN": ["Oxalys|public"], "SIG.HYD_ZON_BassVers_PriseEauBrute": ["AppliPollution_CouchesConsultation|public", "GPB_HYD|public"], "SIG.DEP_ROU_PointsKilometriques": ["GPB_DEP|public"], "SIG.ESP_VER_Emprises": ["PlanVille|public", "PlanVille|public", "GPB_ESP_Intra_GestionEV|secure", "PlanVilleTinergie|secure", "pp01|DSIT", "cs10|DSIT", "PlanVilleAllege|public", "PlanVilleAllege|public", "GPB_ESP|public"], "SIG.PTL_TOU_PDIPR_Structurant": ["PatrimoineTourisme|public", "GPB_PTL|public"], "SIG.DEP_ROU_ComptageTrafic_p": ["GPB_DEP_Intra|public", "GPB_DEP_Intra|public", "GPB_DEP_Intra|public", "GPB_DEP_Intra|public", "Cartoweb_CirculationStationnement|public", "Deplacement|public"], "SIG.ESP_AUT_AstreinteEPE": ["GPB_ESP_Intra|public", "AppliAstreinteEPE_CouchesEdition|public"], "SIG.URB_OAP_DEP_ZoneAgglo": ["GPB_URB|public"], "SIG.ESP_NET_BacsPoubelle": ["GPB_ESP|public"], "SIG.RES_EPL_BMO_BV_Ouvrages": ["AppliEPL_MAJ_CouchesEdition|secure", "AppliPollution_CouchesConsultation|public", "GPB_RES_Intra_Tous_reseaux|secure"], "SIG.EVE_SPO_Points": ["GPB_EVE|public", "APPLIMAJ_Evenement|public"], "SIG.LIM_GRI_Grille5x5km": ["GPB_LIM|public"], "SIG.NAT_ZON_VegetationMargePNRA": ["VegetPNRA|public"], "SIG.DEP_ROU_ComptageTrafic_l": ["GPB_DEP_Intra|public", "GPB_DEP_Intra|public", "GPB_DEP_Intra|public", "GPB_DEP_Intra|public", "GPB_DEP_Intra|public", "Deplacement|public", "GPB_DEP|public"], "SIG.LIM_ADM_CommunesFinistere": ["PlanVille|public", "PlanVilleAllege|public"], "SIG.REF_AUT_Signalements": ["MAJ_GeneriqueAttributaire|AppliSIG", "Signalements|public", "Signalements|public", "Signalements|public", "MAJ_GeneriqueSansSuppressions|AppliSIG", "MAJ_GeneriqueSansSuppressions|public"], "SIG.REF_CAD_ParcellesBrutes": ["REF_CAD_INTRA_TaxesProfessionnelles|public"], "SIG.RES_ENE_ChauffageUrbain_Cana": ["PlanVilleTinergie|secure", "REF_RTS_ChantierAcquisition_consultation|public", "GPB_RES_Intra_Tous_reseaux|secure", "GPB_RES|public"], "SIG.PTL_TOU_GR34": ["GPB_PTL|public"], "SIG.RES_LUM_EclairageArmoires": ["GPB_RES_Intra_Tous_reseaux|secure", "GPB_RES|public"], "SIG.SOL_SOL_Geologie_L_DIVERS": ["AppliEPL_MAJ_CouchesConsultation|secure", "OccupationSol|public", "PatrimoineNaturel|public"], "SIG.REF_CAD_LOGEMENTS_V": ["pics|public", "GPB_DEM_Intra_Recensement|secure", "GPB_EVE_Intra_Recensement|secure", "pics2|secure", "pics2|AppliSIG"], "SIG.NAT_HAB_Nat2000_RadeBrest_Esp": ["GPB_NAT|public"], "SIG.URB_FON_DOSSURBA_MOINS2ANS_V": ["GPB_URB_Intra_DossiersUrbanisme|secure", "GPB_URB_Intra_DossiersUrbanisme|secure", "GPB_URB_Intra_DossiersUrbanisme|secure", "GPB_URB_Intra_DossiersUrbanisme|secure"], "SIG.URB_PLU_HABILLAGE_SURF": ["GPB_URB|public"], "SIG.BAT_IMM_CoproTinergie_PCT": ["GPB_BAT_Intra_ObsCopro|secure", "GPB_BAT_Intra_ObsCopro|secure"], "SIG.PTL_TOU_CheminsRando_POI": ["PatrimoineTourisme|public"], "SIG.PTL_TOU_AssoPecheProtec": ["GPB_PTL|public"], "SIG.RES_EPL_Regard": ["AppliEPL_MAJ_CouchesConsultation|secure", "AppliEPL_MAJ_CouchesEdition|secure", "AppliEPL_MAJ_CouchesEdition|secure", "Reseaux|public", "AppliPollution_CouchesConsultation|public", "GPB_RES_Intra_Tous_reseaux|secure"], "SIG.RES_AEP_ProjetsKermorvan": ["Reseaux|public"], "SIG.RES_EPL_HabillageTexte": ["Reseaux|public", "AppliPollution_CouchesConsultation|public", "GPB_RES_Intra_Tous_reseaux|secure"], "SIG.BAT_IMM_CoproTinergie": ["GPB_BAT_Intra_ObsCopro|secure"], "SIG.URB_SUP_SURF": ["pics|public", "pics|public", "AppliEPL_MAJ_CouchesConsultation|secure", "Urbanisme|public", "Urbanisme|public", "Urbanisme|public", "Urbanisme|public", "Urbanisme|public", "Urbanisme|public", "Urbanisme|public", "Urbanisme|public", "Urbanisme|public", "Urbanisme|public", "Urbanisme|public", "Urbanisme|public", "Urbanisme|public", "Urbanisme|public", "Urbanisme|public", "Urbanisme|public", "Urbanisme|public", "Urbanisme|public", "Urbanisme|public", "Urbanisme|public", "Urbanisme|public", "Urbanisme|public", "Urbanisme|public", "pics2|secure", "pics2|secure", "pics2|AppliSIG", "pics2|AppliSIG", "GPB_URB|public"], "SIG.HYD_RES_MassesEauLittoral": ["GPB_HYD|public"], "SIG.URB_PLU_PRESCRIPTION_PCT": ["Urbanisme|public", "Urbanisme|public", "GPB_URB|public"], "SIG.PTL_TOU_ZonePechePied": ["GPB_PTL|public"], "SIG.TEM_CLI_CadastreSolaire": ["TEM_cadastreSolaire|public", "TEM_cadastreSolaire_diffusion_restreinte|AppliSIG", "GPB_TEM|public"], "SIG.DEP_ARR_CIRC_STAT_S_V": ["GPB_DEP|public"], "SIG.DEP_COL_BusLanderneau_Arrets": ["SIFE_transport_commun|public", "Deplacement|public"], "SIG.NAT_ZON_VegetationPNRA_CBNB": ["VegetPNRA|public"], "SIG.EQU_POI_Associations": ["ServicesEquipements|public", "GPB_EQU_ServicesEquipements|public"], "SIG.REF_TOP_RTS_Cases": ["REF_RTS_ChantierAcquisition_consultation|public"], "SIG.NAT_HAB_ZH_InventairePermanent": ["PatrimoineNaturel|public"], "SIG.EQU_EES_EtablScolaires": ["GPB_EQU|public"], "SIG.REF_TOP_RTS3_HABILLAGE_NonVal": ["GPB_REF_Intra_RTS|secure"], "SIG.EVE_MOB_AlerteVoirie": ["GPB_EVE|public"], "SIG.RES_ENE_ChauffageUrbain_Chauff": ["GPB_RES_Intra_Tous_reseaux|secure", "GPB_RES|public"], "SIG.ESP_VER_ZonesAgres": ["GPB_ESP|public", "GPB_EQU|public"], "SIG.ESP_AUT_SignalGEP": ["GPB_ESP_Intra|public"], "SIG.URB_FON_Verrousfonciers": ["GPB_URB_Intra_InstructionDIA|secure"], "SIG.RES_ENE_ERDF_Transformateurs": ["pics|public", "Reseaux|public", "GPB_RES_Intra_Tous_reseaux|secure", "pics2|secure", "pics2|AppliSIG"], "SIG.RES_AEP_NoeudBase": ["Reseaux|public", "ReseauxSOGELINK|public", "GPB_RES_Intra_Tous_reseaux|secure"], "SIG.REF_CAD_NumeroVoie": ["GPB_CAD_JS|DSIT", "GPB_CAD|public"], "SIG.REF_ALT_CourbesNiveau50cm": ["AppliPollution_CouchesConsultation|public", "Cartoweb_Relief|public", "GPB_REF|public", "Relief|public"], "SIG.ECO_COM_SIFE_z_activites": ["SIFE_maj_pub|public", "SIFE_maj_pub|public", "SIFE_PUBLIC|public", "PlanVille|public", "PlanVilleSignalement|public", "SIFE_consult_pub|public", "SIFE_consult_pub|public", "SIFE_consult_pub|public", "FondPlanAppli|public", "PlanVilleAllege|public"], "SIG.ECO_EMP_LocalisationEmplois": ["GPB_ECO|public"], "SIG.REF_VOI_CCPCP_ldts": ["MAJ_CCPCP|public"], "SIG.ECO_COM_ZonesActiEco_Pays": ["Economie|public", "GPB_ECO|public"], "SIG.REF_CAD_PARCELLEBRUTE_SW": ["GPB_URB_Intra_InstructionDIA|secure", "GPB_CAD_Intra|secure", "GPB_CAD_Intra|secure", "GPB_CAD_Intra|public", "GPB_CAD_Intra|public", "GPB_URB|public"], "SIG.URB_SCT_CoupureUrbaHabillage": ["GPB_URB|public"], "SIG.ECO_COM_EspacesEconomiques": ["GPB_ECO|public"], "SIG.REF_IGN_TOPO_ZoneVegetation": ["PlanVille|public", "PlanVilleSignalement|public", "PlanVilleAllege|public"], "SIG.RES_ENE_ChauffageUrbain_Regard": ["GPB_RES_Intra_Tous_reseaux|secure", "GPB_RES|public"], "SIG.RES_EPL_BMO_PassageCamera": ["AppliEPL_MAJ_CouchesEdition|secure", "AppliPollution_CouchesConsultation|public", "GPB_RES_Intra_Tous_reseaux|secure"], "SIG.URB_FON_ParcellesEPF": ["GPB_URB_Intra_InstructionDIA|secure"], "SIG.REF_VOI_VOIESLIEUXDITS_V": ["pp01|DSIT", "MAJ_RepresentationPourControle|AppliSIG", "cs10|DSIT", "GPB_REF|public", "MAJ_RepresentationPourControleP|public"], "SIG.RES_AEP_Syndicats": ["GPB_RES_Intra_Tous_reseaux|secure"], "SIG.SOL_MOS_NatureSol": ["GPB_SOL|public", "PlanVilleTinergie|secure", "PlanVilleTinergie|secure", "FondPlanAppli|public", "pp01|DSIT", "cs10|DSIT"], "SIG.DEP_STA_ZonesStationnement": ["Cartoweb_CirculationStationnement|public", "Deplacement|public", "GPB_DEP|public"], "SIG.RIS_SEC_PlanBouclage_PPI": ["pics|public", "pics2|secure", "pics2|AppliSIG", "GPB_RIS|public"], "SIG.ECO_COM_InventaireSIRENE": ["SIFE_maj_pub|public", "SIFE_maj_pub|public", "SIFE_consult_pub|public", "SIFE_consult_pub|public", "MAJ_GeneriqueSansCreationsSansSuppressions|AppliSIG", "AppliPollution_CouchesConsultation|public", "GPB_ECO|public"], "SIG.REF_VOI_ADRESSES_V": ["PlanVille|public", "PlanVilleSignalement|public", "MAJ_RepresentationPourControle|AppliSIG", "Cadastre|public", "GPB_REF|public", "PlanVilleAllege|public", "CarteSituation|public", "Cartoweb_Textes|public", "EspacePublic|public", "MAJ_RepresentationPourControleP|public"], "SIG.URB_FON_DossiersUrbaPoint_Pays": ["DroitdesSols|AppliSIG"], "SIG.ECO_CUL_CulturesMarines": ["AppliPollution_CouchesConsultation|public", "Economie|public", "GPB_ECO|public"], "SIG.NAT_HAB_Nat2000_RadeBrest": ["GPB_NAT|public"], "SIG.REF_CAD_TXPRO_CoefLocComm_SW": ["REF_CAD_INTRA_TaxesProfessionnelles|public"], "SIG.RES_AEP_BassinVersantKermorvan": ["Reseaux|public"], "SIG.SOL_MOS_OccupationSol_GEOMER": ["GPB_SOL|public"], "SIG.HYD_RES_MassesEauRivieres": ["GPB_HYD|public"], "SIG.RES_EU_HabillageTexte": ["Reseaux|public", "ReseauxSOGELINK|public", "AppliPollution_CouchesConsultation|public", "GPB_RES_Intra_Tous_reseaux|secure"], "SIG.DEP_ROU_ComptageCarrefours": ["GPB_DEP|public"], "SIG.NAT_AUT_InvasivesTerrestres": ["AppliPlantes_Invasives_CouchesConsultation|public"], "SIG.REF_CAD_Batiments": ["PlanVille|public", "PlanVille|public", "PlanVilleSignalement|public", "GPB_URB_Intra_InstructionDIA|secure", "PlanVilleTinergie|secure", "FondPlanAppli|public", "GPB_CAD_JS|DSIT", "pp01|DSIT", "cs10|DSIT", "Cartoweb_PLU|public", "Cartoweb_PLU|public", "Cartoweb_PLU|public", "Cartoweb_PLU|public", "GPB_PLU|public", "GPB_PLU|public", "GPB_PLU|public", "GPB_PLU|public", "PlanVilleAllege|public", "PlanVilleAllege|public", "ProjetContratMetropolitain|public", "GPB_CAD|public"], "SIG.RES_AEP_Piece": ["Reseaux|public", "ReseauxSOGELINK|public", "GPB_RES_Intra_Tous_reseaux|secure", "MAJ_Generique|AppliSIG", "MAJ_Generique|public"], "SIG.RES_ENE_GRDF_PostesClients": ["pics|public", "Reseaux|public", "GPB_RES_Intra_Tous_reseaux|secure", "GPB_RES_Intra_Tous_reseaux|secure", "pics2|secure", "pics2|AppliSIG"], "SIG.ESP_NET_ApportVolColonne": ["AppliMAJ_GestionColonnesPAV|public"], "SIG.HYD_ZON_SyndicatsBassin": ["GPB_HYD|public"], "SIG.DEP_ARR_CIRC_STAT_L_V": ["GPB_DEP|public"], "SIG.URB_PLU_IDG_INFO_SURF": ["Oxalys|public"], "SIG.URB_ZPP_FacadesInteret": ["GPB_URB|public"], "SIG.RIS_SEC_PerimetreIode": ["pics|public", "pics2|secure", "pics2|AppliSIG", "GPB_RIS|public"], "SIG.HYD_ZON_BassVers_Rade_compl_p": ["AppliPollution_CouchesConsultation|public", "GPB_HYD|public"], "SIG.HYD_ZON_BassVers_Rade_compl_s": ["AppliPollution_CouchesConsultation|public", "GPB_HYD|public"], "SIG.DEP_COL_Cars_PennArBed_Lignes": ["SIFE_transport_commun|public", "Deplacement|public", "GPB_DEP|public"], "SIG.RIS_NAT_SubmersionMarine": ["pics|public", "pics2|secure", "pics2|AppliSIG"], "SIG.NAT_AUT_InvasivesTerreGeoArchi": ["AppliPlantes_Invasives_CouchesConsultation|public"], "SIG.ESP_NET_TourneeSE_MarqParcours": ["pp03SE|DSIT"], "SIG.RES_EPL_Recueil": ["AppliEPL_MAJ_CouchesEdition|secure"], "SIG.REF_PHO_1955_Emprise": ["PhotoAerienne_1955|public"], "SIG.RES_ARR_ZonesArrosees": ["GPB_RES|public"], "SIG.BAT_ZON_ContratUrbCohesSocial": ["GPB_BAT|public"], "SIG.PTL_ARC_MAR_DefenseMilitaire": ["PatrimoineTourisme|public", "GPB_PTL|public"], "SIG.URB_PLU_IDG_HABILLAGE_SURF": ["Urbanisme|public"], "SIG.NAT_AUT_SitesInvasivesDEV": ["AppliPlantes_Invasives_CouchesConsultation|public"], "SIG.ESP_OCC_TERRASSE": ["AppliTerrasses_CouchesConsultation|public", "AppliTerrasses_CouchesEdition|public"], "SIG.DEP_ARR_CIRC_STAT_P_V": ["GPB_DEP|public"], "SIG.PHO_OBL_Tramway": ["GPB_PHO_Intra|secure"], "SIG.REF_VOI_FilaireVoies": ["MAJ_GeneriqueAttributaire|AppliSIG", "PlanVilleTinergie|secure", "GPB_REF|public", "ProjetContratMetropolitain|public", "REF_RTS_ChantierAcquisition_consultation|public", "MAJ_GeneriqueSansSuppressions|AppliSIG", "Deplacement|public", "MAJ_GeneriqueSansSuppressions|public", "OpenData|public"], "SIG.D3D_BAT_Emprises": ["Telechargement3D|public"], "SIG.ESP_MOB_PanneauxRIS": ["GPB_ESP|public"], "SIG.REF_TOP_RTS_parcelles": ["REF_RTS_ChantierAcquisition_edition|public", "REF_RTS_ChantierAcquisition_consultation|public"], "SIG.EQU_POI_ServicesEquipements": ["MAJ_Equipements|secure", "MAJ_Equipements|secure", "MAJ_Equipements|secure", "MAJ_Equipements|secure", "MAJ_Equipements|secure", "MAJ_Equipements|secure", "MAJ_Equipements|secure", "MAJ_Equipements|secure", "MAJ_Equipements|secure", "MAJ_Equipements|secure", "MAJ_Equipements|secure", "MAJ_Equipements|secure", "MAJ_Equipements|secure", "MAJ_Equipements|secure", "MAJ_Equipements|secure", "MAJ_Equipements|secure", "MAJ_Equipements|secure", "MAJ_Equipements|secure", "MAJ_Equipements|secure", "AppliMAJ_EquipSport|public", "AppliMAJ_EquipSport|public", "AppliMAJ_EquipSport|public", "AppliMAJ_EquipSport|public", "AppliMAJ_EquipSport|public", "AppliMAJ_EquipSport|public", "AppliMAJ_EquipSport|public", "AppliMAJ_EquipSport|public", "AppliMAJ_EquipSport|public", "AppliMAJ_EquipSport|public", "AppliMAJ_EquipSport|public", "AppliMAJ_EquipSport|public", "AppliMAJ_EquipSport|public", "AppliMAJ_EquipSport|public", "AppliMAJ_EquipSport|public", "AppliMAJ_EquipSport|public", "AppliMAJ_EquipSport|public", "AppliMAJ_EquipSport|public", "AppliMAJ_EquipSport|public", "MAJ_Equipements|public", "MAJ_Equipements|public", "MAJ_Equipements|public", "MAJ_Equipements|public", "MAJ_Equipements|public", "MAJ_Equipements|public", "MAJ_Equipements|public", "MAJ_Equipements|public", "MAJ_Equipements|public", "MAJ_Equipements|public", "MAJ_Equipements|public", "MAJ_Equipements|public", "MAJ_Equipements|public", "MAJ_Equipements|public", "MAJ_Equipements|public", "MAJ_Equipements|public", "MAJ_Equipements|public", "MAJ_Equipements|public", "MAJ_Equipements|public"], "SIG.DEP_STA_StationnementVoirie": ["AppliStationnement_CouchesEdition|public"], "SIG.RIS_NAT_MouvementsTerrain": ["pics|public", "pics2|secure", "pics2|AppliSIG", "GPB_RIS|public"], "SIG.URB_PLU_INFO_PCT": ["Urbanisme|public", "GPB_URB|public"], "SIG.URB_FON_SitesMutables_Pays": ["Foncier|public"], "SIG.RES_AEP_Cotation": ["Reseaux|public", "ReseauxSOGELINK|public", "GPB_RES_Intra_Tous_reseaux|secure", "MAJ_Generique|AppliSIG", "MAJ_Generique|public"], "SIG.REF_ALT_PentesVoies": ["Cartoweb_Relief|public", "GPB_REF|public", "Relief|public"], "SIG.PTL_TOU_BTO_SitesRemarquables": ["RandoEtVelo_BTO2017|public"], "SIG.DEM_REC_ZonesINSEEafacon": ["GPB_DEM|public"], "SIG.REF_IGN_CARTO_SNCF_Lignes": ["SIFE_transport_commun|public", "pics|public", "RandoEtVelo_BTO2017|public", "pics2|secure", "pics2|AppliSIG", "Deplacement|public"], "SIG.RIS_SEC_SirenesAlerte": ["pics|public", "pics2|secure", "pics2|AppliSIG", "GPB_RIS|public"], "SIG.ECO_PEC_ZonesPeche": ["AppliPollution_CouchesConsultation|public", "GPB_ECO|public"], "SIG.LIM_ADM_CommunesPays": ["TelechargementPhoto|public", "PlanVille|public", "PlanVille|public", "PlanVille|public", "PlanVilleSignalement|public", "PlanVilleSignalement|public", "Urbanisme|public", "Urbanisme|public", "PlanVilleTinergie|secure", "GPB_LIM_INTRA_Compilation|secure", "GPB_LIM_INTRA_Compilation|secure", "GPB_LIM_INTRA_Compilation|secure", "GPB_LIM_INTRA_Compilation|secure", "GPB_LIM_INTRA_Compilation|secure", "FondPlanAppli|public", "Fond_mer_communes|public", "Fond_mer_communes_clair|public", "MasqueCartographique|public", "MasqueCartographique|public", "MasqueCartographique|public", "MasqueCartographique|public", "MasqueCartographique|public", "MasqueCartographique|public", "MasqueCartographique|public", "MasqueCartographique|public", "MasqueCartographique|public", "MasqueCartographique|public", "MasqueCartographique|public", "MasqueCartographique|public", "MasqueCartographique|public", "MasqueCartographique|public", "MasqueCartographique|public", "MasqueCartographique|public", "MasqueCartographique|public", "MasqueCartographique|public", "MasqueCartographique|public", "MasqueCartographique|public", "MasqueCartographique|public", "MasqueCartographique|public", "MasqueCartographique|public", "MasqueCartographique|public", "MasqueCartographique|public", "MasqueCartographique|public", "MasqueCartographique|public", "MasqueCartographique|public", "MasqueCartographique|public", "MasqueCartographique|public", "MasqueCartographique|public", "MasqueCartographique|public", "MasqueCartographique|public", "MasqueCartographique|public", "MasqueCartographique|public", "MasqueCartographique|public", "MasqueCartographique|public", "MasqueCartographique|public", "MasqueCartographique|public", "MasqueCartographique|public", "MasqueCartographique|public", "MasqueCartographique|public", "MasqueCartographique|public", "MasqueCartographique|public", "MasqueCartographique|public", "MasqueCartographique|public", "MasqueCartographique|public", "MasqueCartographique|public", "MasqueCartographique|public", "MasqueCartographique|public", "MasqueCartographique|public", "MasqueCartographique|public", "MasqueCartographique|public", "MasqueCartographique|public", "MasqueCartographique|public", "MasqueCartographique|public", "MasqueCartographique|public", "MasqueCartographique|public", "MasqueCartographique|public", "MasqueCartographique|public", "MasqueCartographique|public", "MasqueCartographique|public", "MasqueCartographique|public", "MasqueCartographique|public", "MasqueCartographique|public", "MasqueCartographique|public", "MasqueCartographique|public", "MasqueCartographique|public", "MasqueCartographique|public", "MasqueCartographique|public", "MasqueCartographique|public", "MasqueCartographique|public", "MasqueCartographique|public", "MasqueCartographique|public", "MasqueCartographique|public", "MasqueCartographique|public", "MasqueCartographique|public", "MasqueCartographique|public", "MasqueCartographique|public", "MasqueCartographique|public", "MasqueCartographique|public", "MasqueCartographique|public", "MasqueCartographique|public", "MasqueCartographique|public", "MasqueCartographique|public", "MasqueCartographique|public", "MasqueCartographique|public", "MasqueCartographique|public", "MasqueCartographique|public", "MasqueCartographique|public", "MasqueCartographique|public", "MasqueCartographique|public", "MasqueCartographique|public", "MasqueCartographique|public", "MasqueCartographique|public", "MasqueCartographique|public", "MasqueCartographique|public", "MasqueCartographique|public", "MasqueCartographique|public", "MasqueCartographique|public", "MasqueCartographique|public", "MasqueCartographique|public", "EssaiLD_SIGEO_InterrogationGroupe|public", "PlanVilleAllege|public", "PlanVilleAllege|public", "PlanVilleAllege|public", "REF_RTS_ChantierAcquisition_consultation|public", "Infos_communes|AppliSIG", "CarteSituation|public", "CarteSituation|public", "CartoBruit|public", "Cartoweb_QuartiersDecoupages|public", "GPB_LIM|public", "Infos_communes|public", "LimitesDecoupages|public"], "SIG.PTL_TOU_CheminsRando": ["MAJ_RepresentationPourControle|AppliSIG", "PatrimoineTourisme|public", "MAJ_Generique|AppliSIG", "MAJ_Generique|public", "MAJ_RepresentationPourControleP|public"], "SIG.NAT_ZON_ParcNatMarinIroise": ["GPB_NAT|public"], "SIG.DEP_COL_BusTram_Lignes": ["PlanVille|public", "FondPlanAppli|public", "Cartoweb_TransportUrbain|public", "ProjetContratMetropolitain|public", "Brest2016_LaFeteMAJ_consult|public", "Deplacement|public", "GPB_DEP|public", "GPB_DEP_Bibus|public", "GPB_DEP_Bibus|public", "GPB_DEP_Bibus|public", "GPB_DEP_Bibus|public", "GPB_DEP_Bibus|public", "GPB_DEP_Bibus|public", "GPB_DEP_Bibus|public", "GPB_DEP_Bibus|public", "GPB_DEP_Bibus|public", "GPB_DEP_Bibus|public", "GPB_DEP_Bibus|public", "GPB_DEP_Bibus|public", "GPB_DEP_Bibus|public", "GPB_DEP_Bibus|public", "GPB_DEP_Bibus|public", "GPB_DEP_Bibus|public", "GPB_DEP_Bibus|public", "GPB_DEP_Bibus|public", "GPB_DEP_Bibus|public", "GPB_DEP_Bibus|public", "GPB_DEP_Bibus|public", "GPB_DEP_Bibus|public", "GPB_DEP_Bibus|public", "GPB_DEP_Bibus|public", "GPB_DEP_Bibus|public", "GPB_DEP_Bibus|public", "OpenData|public"], "SIG.NAT_ZON_PNRA": ["GPB_NAT|public"], "SIG.URB_PLU_IDG_PRESCRIPTION_SURF": ["Urbanisme|public", "Oxalys|public"], "SIG.HYD_ZON_BassVers_Plages": ["AppliPollution_CouchesConsultation|public", "GPB_HYD|public"], "SIG.RES_EPL_FlecheEcoulement": ["Reseaux|public", "AppliPollution_CouchesConsultation|public", "GPB_RES_Intra_Tous_reseaux|secure"], "SIG.ESP_NET_ApportVolontaire": ["Cartoweb_CollecteProprete|public", "AppliPointsEco_CouchesEdition|public", "EspacePublic|public", "GPB_ESP|public", "OpenData|public"], "SIG.RIS_SAN_BRUIT_Tram": ["CartoBruit|public"], "SIG.RES_ENE_SDEF_PointLumineux": ["Reseaux|public"], "SIG.RES_EPL_Vanne": ["AppliEPL_MAJ_CouchesConsultation|secure", "AppliEPL_MAJ_CouchesEdition|secure", "Reseaux|public", "AppliPollution_CouchesConsultation|public", "GPB_RES_Intra_Tous_reseaux|secure"], "SIG.RIS_SEC_PPI_ZonePortuaire": ["pics|public", "pics2|secure", "pics2|AppliSIG"], "SIG.RES_AEP_PointComptage": ["AppliEPL_MAJ_CouchesConsultation|secure", "Reseaux|public", "ReseauxSOGELINK|public", "GPB_RES_Intra_Tous_reseaux|secure", "MAJ_Generique|AppliSIG", "MAJ_Generique|public"], "SIG.LIM_ADM_CCom": ["SIFE_PUBLIC|public", "PlanVille|public", "PlanVille|public", "PlanVilleSignalement|public", "SIFE_consult_pub|public", "GPB_LIM_INTRA_Compilation|secure", "MasqueCartographique|public", "MasqueCartographique|public", "MasqueCartographique|public", "MasqueCartographique|public", "MasqueCartographique|public", "MasqueCartographique|public", "MasqueCartographique|public", "PlanVilleAllege|public", "PlanVilleAllege|public", "ProjetContratMetropolitain|public", "TelechargementDivers|public", "CarteSituation|public", "CarteSituation|public", "CarteSituation|public", "GPB_LIM|public", "LimitesDecoupages|public"], "SIG.RES_AEP_PlanRecolement": ["Reseaux|public", "ReseauxSOGELINK|public", "GPB_RES_Intra_Tous_reseaux|secure"], "SIG.RES_AEP_InstallEauTraitee": ["pics|public", "Reseaux|public", "ReseauxSOGELINK|public", "GPB_RES_Intra_Tous_reseaux|secure", "pics2|secure", "pics2|AppliSIG"], "SIG.URB_OAP_ENV_TrameVetB_Connex": ["GPB_URB|public"], "SIG.HYD_ZON_PerimProtectPriseEau": ["AppliEPL_MAJ_CouchesConsultation|secure", "AppliPollution_CouchesConsultation|public", "GPB_HYD|public"], "SIG.PHO_GEO_Horizon": ["GPB_PHO_Intra|secure"], "SIG.RES_EU_NoeudBase": ["Reseaux|public", "ReseauxSOGELINK|public", "AppliPollution_CouchesConsultation|public", "GPB_RES_Intra_Tous_reseaux|secure"], "SIG.D3D_BAT_LimiteFacade2D": ["GPB_D3D|public"], "SIG.URB_ZPP_Zppaup_p": ["Cartoweb_PLU|public", "GPB_URB|public"], "SIG.RES_AEP_HabillageLineaire": ["Reseaux|public", "ReseauxSOGELINK|public", "GPB_RES_Intra_Tous_reseaux|secure"], "SIG.DEP_ARR_CIRC_STAT_PRJ_S": ["GPB_DEP|public"], "SIG.DEP_ARR_CIRC_STAT_PRJ_P": ["GPB_DEP|public"], "SIG.REF_TOP_Restit3D_Sol_Lineaire": ["pp01|DSIT", "cs10|DSIT"], "SIG.URB_SCT_ContinuitesVetB": ["GPB_URB|public"], "SIG.DEM_REC_Population1999Ilot": ["GPB_DEM|public"], "SIG.EQU_POI_MOBILITETRANSPORT_V": ["GPB_EQU|public"], "SIG.RIS_SEC_PlanParticulInterv": ["pics|public", "pics2|secure", "pics2|AppliSIG", "GPB_RIS|public"], "SIG.RES_EU_CollecteurPonctuel": ["Reseaux|public", "ReseauxSOGELINK|public", "AppliPollution_CouchesConsultation|public", "GPB_RES_Intra_Tous_reseaux|secure"], "SIG.HYD_RES_MassesEauBV": ["GPB_HYD|public"], "SIG.RIS_SAN_BRUIT_CourbesPEB_Brest": ["CartoBruit|public"], "SIG.DEP_ARR_CIRC_STAT_PRJ_L": ["GPB_DEP|public"], "SIG.ESP_VER_Sentiers": ["GPB_ESP|public"], "SIG.URB_SCT_EspacesRemarquables": ["GPB_URB|public"], "SIG.RES_ENE_ERDF_TransportPostes": ["pics|public", "Reseaux|public", "GPB_RES_Intra_Tous_reseaux|secure", "pics2|secure", "pics2|AppliSIG"], "SIG.URB_PLU_HABILLAGE_TXT": ["Urbanisme|public", "GPB_URB|public"], "SIG.URB_PLU_PRESCRIPTION_SURF": ["Urbanisme|public", "Urbanisme|public", "GPB_URB|public"], "SIG.REF_VOI_Ilots": ["PlanVilleTinergie|secure", "pp01|DSIT", "cs10|DSIT"], "SIG.PTL_ARC_Americ17_Camps": ["Americains_CouchesEdition|public"], "SIG.DEP_COL_TransScolHorsBibus": ["Cartoweb_TransportUrbain|public", "GPB_DEP|public"], "SIG.ECO_COM_ZonesActiEcoPerim_Pays": ["Economie|public"], "SIG.PTL_TOU_SitesPatrimoniaux": ["GPB_PTL|public"], "SIG.LIM_ADM_Pays": ["PlanVille|public", "PlanVilleSignalement|public", "PlanVilleAllege|public", "GPB_LIM|public"], "SIG.REF_CAD_ImmeublesHabitations": ["GPB_CAD_JS|DSIT", "GPB_DEM_Intra_Recensement|secure", "GPB_EVE_Intra_Recensement|secure", "GPB_CAD|public"], "SIG.ECO_COM_VacancesCommerciales": ["VacancesCommerciales|public", "VacancesCommerciales|secure"], "SIG.REF_CAD_HabillageLineaire": ["GPB_CAD_JS|DSIT", "GPB_CAD|public"], "SIG.NAT_ZON_ProdCoquillages": ["GPB_NAT|public"], "SIG.URB_SUP_BMO_PCT": ["Urbanisme|public", "Cartoweb_PLU|public", "GPB_PLU|public"], "SIG.REF_TOP_RTS_SURFACE_NonVal": ["GPB_REF_Intra_RTS|secure"], "SIG.RES_ENE_GRDF_ReseauService": ["pics|public", "Reseaux|public", "REF_RTS_ChantierAcquisition_consultation|public", "GPB_RES_Intra_Tous_reseaux|secure", "GPB_RES_Intra_Tous_reseaux|secure", "pics2|secure", "pics2|AppliSIG"], "SIG.DEM_REC_RepertImmeubLocalises": ["GPB_DEM_Intra_Recensement|secure", "GPB_EVE_Intra_Recensement|secure"], "SIG.EQU_POI_ESPVERTSESPPUBLICS_V": ["GPB_EQU|public"], "SIG.RES_ENE_ERDF_Transport": ["pics|public", "Reseaux|public", "GPB_RES_Intra_Tous_reseaux|secure", "pics2|secure", "pics2|AppliSIG"], "SIG.DEP_ACT_SDvelo_ParkingVelos": ["GPB_DEP|public"], "SIG.REF_CAD_Locaux": ["REF_CAD_INTRA_TaxesPro_Proposition|secure", "GPB_CAD_JS|DSIT", "GPB_CAD|public"], "SIG.RES_EU_Cotation": ["AppliEPL_MAJ_CouchesConsultation|secure", "Reseaux|public", "ReseauxSOGELINK|public", "AppliPollution_CouchesConsultation|public", "GPB_RES_Intra_Tous_reseaux|secure"], "SIG.RES_EU_Piece": ["Reseaux|public", "ReseauxSOGELINK|public", "AppliPollution_CouchesConsultation|public", "GPB_RES_Intra_Tous_reseaux|secure"], "SIG.URB_SUP_BMO_LIN": ["Urbanisme|public", "Urbanisme|public", "Urbanisme|public", "Urbanisme|public", "Urbanisme|public", "Cartoweb_PLU|public", "Cartoweb_PLU|public", "Cartoweb_PLU|public", "Cartoweb_PLU|public", "Cartoweb_PLU|public", "GPB_PLU|public", "GPB_PLU|public", "GPB_PLU|public", "GPB_PLU|public", "GPB_PLU|public"], "SIG.RES_EU_HabillageLineaire": ["Reseaux|public", "ReseauxSOGELINK|public", "AppliPollution_CouchesConsultation|public", "GPB_RES_Intra_Tous_reseaux|secure"], "SIG.PTL_TOU_BaladesSites": ["GPB_PTL|public"], "SIG.RIS_SEC_PPI_Nucl_SensInterdits": ["pics|public", "pics|public", "pics|public", "pics|public", "pics2|secure", "pics2|secure", "pics2|secure", "pics2|secure", "pics2|AppliSIG", "pics2|AppliSIG", "pics2|AppliSIG", "pics2|AppliSIG"], "SIG.PTL_TOU_PDIPR": ["PlanVille|public", "PlanVilleSignalement|public", "PlanVilleAllege|public"], "SIG.URB_FON_S_Mutables_Struct_parc": ["GPB_URB_Intra_InstructionDIA|secure"], "SIG.NAT_HAB_Nat2000_Crozon": ["GPB_NAT|public"], "SIG.SOL_SOL_Geologie_S_FGEOL_CGH": ["AppliEPL_MAJ_CouchesConsultation|secure", "OccupationSol|public", "PatrimoineNaturel|public"], "SIG.RES_NUM_FibreBMO_Arteres": ["REF_RTS_ChantierAcquisition_consultation|public", "GPB_RES_Intra_Tous_reseaux|secure"], "SIG.RES_AEP_OuvrageEmprise": ["AppliEPL_MAJ_CouchesConsultation|secure", "Reseaux|public", "ReseauxSOGELINK|public", "GPB_RES_Intra_Tous_reseaux|secure"], "SIG.RIS_TEC_SitesClasses_BASOL": ["GPB_RIS|public"], "SIG.NAT_ZON_ZNIEFF_2": ["PatrimoineNaturel|public"], "SIG.REF_TOP_RTS_Signal_l": ["REF_RTS_ChantierAcquisition_edition|public", "REF_RTS_ChantierAcquisition_edition|public"], "SIG.DEP_ACT_JalonnementsCyclables": ["GPB_DEP|public"], "SIG.EVE_NAU_Brest2016NavettePort": ["Brest2016_LaFeteMAJ_consult|public"], "SIG.D3D_AUT_dalles820mx820m": ["Telechargement3D|public", "GPB_D3D|public"], "SIG.LIM_ADM_SecteursColleges": ["GPB_LIM_INTRA_Compilation|secure", "Cartoweb_Education|public", "GPB_LIM|public"], "SIG.REF_IGN_CARTO_CommunesBZH": ["PlanVilleSignalement|public"], "SIG.REF_TOP_RTS_Signal_p": ["REF_RTS_ChantierAcquisition_edition|public", "REF_RTS_ChantierAcquisition_edition|public"], "SIG.SOL_MOS_CorineLandCover": ["GPB_SOL|public"], "SIG.URB_PLU_IDG_INFO_PCT": ["Oxalys|public"], "SIG.REF_TOP_RTS_Signal_s": ["REF_RTS_ChantierAcquisition_edition|public", "REF_RTS_ChantierAcquisition_edition|public"], "SIG.EQU_POI_SPORT_V": ["GPB_EQU|public"], "SIG.REF_IGN_TOPO_TerrainSport": ["PlanVille|public", "PlanVilleAllege|public"], "SIG.DEP_COL_BusTram_Arrets_Qualif": ["AppliConsult_Keolis|public", "AppliMAJ_Keolis|public"], "SIG.REF_TOP_Emprises_LevesTopo": ["GPB_REF_Intra|secure"], "SIG.ESP_AUT_SignalMediat": ["AppliSignalMediateurs|public"], "SIG.RES_EPL_Canalisation": ["AppliEPL_MAJ_CouchesConsultation|secure", "AppliEPL_MAJ_CouchesEdition|secure", "AppliEPL_MAJ_CouchesEdition|secure", "Reseaux|public", "AppliPollution_CouchesConsultation|public", "REF_RTS_ChantierAcquisition_consultation|public", "GPB_RES_Intra_Tous_reseaux|secure"], "SIG.URB_PLU_BatiAgri": ["AppliBatiAgri_CouchesEdition|public"], "SIG.PTL_ARC_Americ1917_l": ["Americains_CouchesEdition|public"], "SIG.REF_IGN_CARTO_SNCF_Gares": ["SIFE_transport_commun|public", "RandoEtVelo_BTO2017|public", "Deplacement|public"], "SIG.DEM_REC_Carreaux200m": ["GPB_DEM|public"], "SIG.ECO_COM_SIFE_SurfaceEauCCPCP": ["PlanVille_CCPCP|public"], "SIG.RES_ENE_GRDF_PostesNormaux": ["pics|public", "Reseaux|public", "GPB_RES_Intra_Tous_reseaux|secure", "GPB_RES_Intra_Tous_reseaux|secure", "pics2|secure", "pics2|AppliSIG"], "SIG.RIS_NAT_PPRN_Pays": ["GPB_RIS|public"], "SIG.RES_LUM_EclairagePoints": ["REF_RTS_ChantierAcquisition_consultation|public", "GPB_RES_Intra_Tous_reseaux|secure", "GPB_RES_Intra_Tous_reseaux|secure", "GPB_RES|public"], "SIG.DEP_ROU_Accidents_Bmo": ["Deplacement|public", "GPB_DEP|public"], "SIG.REF_VOI_FILAIREVOIES_SW": ["GPB_REF|public"], "SIG.REF_PDV_anno_PlandeVille": ["PlanVille|public", "PlanVilleAllege|public"], "SIG.LIM_ADM_QUARTIERSIRIS2000_V": ["GPB_DEM|public"], "SIG.SOL_MOS_InventaireLittoral": ["GPB_SOL|public"], "SIG.DEP_ROU_ViabiliteHivernale": ["pics|public", "pics2|secure", "pics2|AppliSIG", "GPB_DEP|public"], "SIG.BAT_IMM_OccupationBatiSurf": ["PlanVille|public", "PlanVille|public", "PlanVille|public", "PlanVille|public", "FondPlanAppli|public", "FondPlanAppli|public", "FondPlanAppli|public", "PlanVilleAllege|public", "PlanVilleAllege|public", "PlanVilleAllege|public", "PlanVilleAllege|public"], "SIG.REF_PHO_2010_Dalles_10cm_BMO": ["CartoBruit|public"], "SIG.REF_TOP_RTS_Anomalies_Q": ["GPB_REF_Intra_RTS|secure"], "SIG.REF_TOP_RTS_Anomalies_G": ["GPB_REF_Intra_RTS|secure"], "SIG.REF_MAR_TraitCote": ["GPB_REF|public"], "SIG.URB_OAP_ENV_ArmatureVerteUrb": ["GPB_URB|public"], "SIG.RES_EPL_PlanRecolement": ["Reseaux|public", "AppliPollution_CouchesConsultation|public", "GPB_RES_Intra_Tous_reseaux|secure"], "SIG.HYD_RES_MassesEauPlansDeau": ["GPB_HYD|public"], "SIG.LIM_ADM_SecteursEcoles": ["GPB_LIM_INTRA_Compilation|secure", "Cartoweb_Education|public", "GPB_LIM|public"], "SIG.RES_EU_Regard": ["AppliEPL_MAJ_CouchesConsultation|secure", "Reseaux|public", "ReseauxSOGELINK|public", "AppliPollution_CouchesConsultation|public", "GPB_RES_Intra_Tous_reseaux|secure"], "SIG.URB_PLU_HABILLAGE_LIN": ["Urbanisme|public", "GPB_URB|public"], "SIG.D3D_AUT_dalles4915mx4915m": ["GPB_D3D|public"], "SIG.LIM_ADM_SecteursElusBMO_s": ["GPB_LIM|public"], "SIG.URB_OAP_DEP_PolesEchange": ["GPB_URB|public"], "SIG.URB_OAP_DEP_ZonagePLU": ["GPB_URB|public"], "SIG.REF_CAD_HabillagePonctuel": ["GPB_CAD_JS|DSIT", "GPB_CAD|public"], "SIG.RES_EU_Vanne": ["AppliEPL_MAJ_CouchesConsultation|secure", "Reseaux|public", "ReseauxSOGELINK|public", "AppliPollution_CouchesConsultation|public", "GPB_RES_Intra_Tous_reseaux|secure"], "SIG.RES_EU_PointBranchement": ["AppliEPL_MAJ_CouchesConsultation|secure", "Reseaux|public", "ReseauxSOGELINK|public", "AppliPollution_CouchesConsultation|public", "GPB_RES_Intra_Tous_reseaux|secure"], "SIG.URB_PLU_BMO_ZONE_URBA": ["AppliEPL_MAJ_CouchesConsultation|secure", "AppliEPL_MAJ_CouchesConsultation|secure", "Urbanisme|public", "Urbanisme|public", "GPB_URB_Intra_InstructionDIA|secure", "PlanVilleTinergie|secure", "AppliPollution_CouchesConsultation|public", "AppliPollution_CouchesConsultation|public", "Cartoweb_PLU|public", "Cartoweb_PLU|public", "GPB_PLU|public", "GPB_PLU|public", "GPB_PLU|public", "GPB_URB|public", "OpenData|public", "OpenData|public"], "SIG.BAT_IMM_OccupationBati": ["GPB_BAT|public"], "SIG.URB_OAP_DEP_ZonesApaisees": ["GPB_URB|public"], "SIG.RES_EPL_BMO_OuvrageEmprise": ["AppliEPL_MAJ_CouchesEdition|secure", "AppliPollution_CouchesConsultation|public", "GPB_RES_Intra_Tous_reseaux|secure"], "SIG.REF_MAR_TC_Recent_Cerema": ["GPB_REF|public"], "SIG.URB_ZPP_Zppaup_s": ["Cartoweb_PLU|public", "GPB_URB|public"], "SIG.PTL_TOU_BaladesAxes": ["JourneeduPatrimoine|public", "GPB_ESP|public", "GPB_PTL|public"], "SIG.REF_TOP_RTS_HABILLAGE_NonVal": ["GPB_REF_Intra_RTS|secure"], "SIG.HYD_RES_CoursDEau_Ouvrages": ["AppliPlantes_Invasives_CouchesConsultation|public"], "SIG.URB_ZPP_Zppaup_t": ["GPB_URB|public"], "SIG.EQU_POI_EquipementsPublics": ["PlanVille|public", "PlanVille|public", "PlanVille|public", "PlanVille|public", "PlanVille|public", "PlanVille|public", "PlanVille|public", "PlanVille|public", "PlanVille|public", "PlanVille|public", "PlanVille|public", "PlanVille|public", "ServicesEquipements|public", "ServicesEquipements|public", "ServicesEquipements|public", "ServicesEquipements|public", "ServicesEquipements|public", "ServicesEquipements|public", "ServicesEquipements|public", "ServicesEquipements|public", "ServicesEquipements|public", "ServicesEquipements|public", "ServicesEquipements|public", "ServicesEquipements|public", "ServicesEquipements|public", "ServicesEquipements|public", "ServicesEquipements|public", "ServicesEquipements|public", "ServicesEquipements|public", "ServicesEquipements|public", "ServicesEquipements|public", "ServicesEquipements_GrandPublic|public", "ServicesEquipements_GrandPublic|public", "ServicesEquipements_GrandPublic|public", "ServicesEquipements_GrandPublic|public", "ServicesEquipements_GrandPublic|public", "ServicesEquipements_GrandPublic|public", "ServicesEquipements_GrandPublic|public", "RandoEtVelo_BTO2017|public", "RandoEtVelo_BTO2017|public", "GPB_EVE|public", "GPB_EVE|public", "GPB_EVE|public", "GPB_EVE|public", "GPB_EVE|public", "GPB_EVE|public", "du10|DSIT", "APPLIMAJ_Evenement|public", "GPB_EQU|public", "GPB_EQU_ServicesEquipements|public", "GPB_EQU_ServicesEquipements|public", "GPB_EQU_ServicesEquipements|public", "GPB_EQU_ServicesEquipements|public", "GPB_EQU_ServicesEquipements|public", "GPB_EQU_ServicesEquipements|public", "GPB_EQU_ServicesEquipements|public", "GPB_EQU_ServicesEquipements|public", "GPB_EQU_ServicesEquipements|public", "GPB_EQU_ServicesEquipements|public", "GPB_EQU_ServicesEquipements|public", "GPB_EQU_ServicesEquipements|public", "GPB_EQU_ServicesEquipements|public", "GPB_EQU_ServicesEquipements|public", "GPB_EQU_ServicesEquipements|public", "GPB_EQU_ServicesEquipements|public", "GPB_EQU_ServicesEquipements|public", "GPB_EQU_ServicesEquipements|public", "GPB_EQU_ServicesEquipements|public", "GPB_EQU_ServicesEquipements|public", "GPB_EQU_ServicesEquipements|public", "GPB_EQU_ServicesEquipements|public", "GPB_EQU_ServicesEquipements|public", "OpenData|public", "OpenData_BaseDSIT|public"], "SIG.NAT_HAB_ZH_InventaireLocal": ["GPB_NAT|public"], "SIG.RES_ENE_GRDF_OrganesCoupure": ["pics|public", "Reseaux|public", "GPB_RES_Intra_Tous_reseaux|secure", "GPB_RES_Intra_Tous_reseaux|secure", "pics2|secure", "pics2|AppliSIG"], "SIG.LIM_ADM_QuartiersIris5000": ["GPB_LIM|public"], "SIG.DEP_MAR_LiaisonsMaritimes": ["PlanVille|public", "PlanVilleAllege|public", "GPB_DEP|public"], "SIG.RES_ENE_ERDF_Lignes": ["pics|public", "Reseaux|public", "REF_RTS_ChantierAcquisition_consultation|public", "GPB_RES_Intra_Tous_reseaux|secure", "pics2|secure", "pics2|AppliSIG"], "SIG.SOL_MOS_OccupationSol_Pays": ["GPB_SOL|public", "ModeOccupationSol|public"], "SIG.BAT_IMM_Coproprietes_Adresses": ["GPB_BAT_Intra_ObsCopro|secure"], "SIG.URB_ZPP_Zppaup_l": ["Cartoweb_PLU|public", "GPB_URB|public"], "SIG.URB_OAP_DEP_ReseauStructur": ["GPB_URB|public"], "SIG.SOL_SOL_Geologie_P_DIVERS": ["AppliEPL_MAJ_CouchesConsultation|secure", "OccupationSol|public", "PatrimoineNaturel|public"], "SIG.URB_SCT_ZonesAmenagtCommercial": ["GPB_URB|public"], "SIG.EQU_POI_NAUTISME_V": ["GPB_EQU|public"], "SIG.RES_NUM_FibreBMO_Sites": ["GPB_RES_Intra_Tous_reseaux|secure"], "SIG.RIS_TEC_PPRT_Bmo": ["pics|public", "RisqueSecurite|public", "pics2|secure", "pics2|AppliSIG", "GPB_RIS|public"], "SIG.REF_PHO_1929_Emprise": ["PhotoAerienne_1929|public"], "SIG.TEM_CLI_CadastreSolaireTypo": ["TEM_cadastreSolaire_typologie|AppliSIG"], "SIG.RIS_SAN_BRUIT_SecteursAffectes": ["CartoBruit|public"], "SIG.EQU_POI_TOURISME_V": ["GPB_EQU|public"], "SIG.URB_PLU_IDG_PRESCRIPTION_LIN": ["Urbanisme|public", "Oxalys|public"], "SIG.URB_ZPP_Zppaup_Batiments": ["Cartoweb_PLU|public", "GPB_URB|public"], "SIG.DEP_COL_BusTram_AGGREG": ["SIFE_transport_commun|public"], "SIG.RES_NUM_Fibre_Arteres": ["GPB_RES_Intra_Tous_reseaux|secure"], "SIG.RES_ENE_ChauffageUrbain_Abonne": ["GPB_RES_Intra_Tous_reseaux|secure", "GPB_RES|public"], "SIG.REF_TOP_RESTIT3D_SOL_LIGNE_V": ["GPB_REF|public"], "SIG.RES_EU_OuvrageEmprise": ["AppliEPL_MAJ_CouchesConsultation|secure", "Reseaux|public", "ReseauxSOGELINK|public", "AppliPollution_CouchesConsultation|public", "GPB_RES_Intra_Tous_reseaux|secure"], "SIG.HYD_MES_ReseauSurvMer": ["AppliPollution_CouchesConsultation|public", "GPB_HYD|public"], "SIG.HYD_ZON_BassVers_RadeBrest_s": ["AppliPollution_CouchesConsultation|public", "AppliPollution_CouchesConsultation|public", "AppliPollution_CouchesConsultation|public", "GPB_HYD|public"], "SIG.HYD_ZON_BassVers_RadeBrest_l": ["AppliPollution_CouchesConsultation|public", "AppliPollution_CouchesConsultation|public", "GPB_HYD|public"], "SIG.RES_ENE_SDEF_Armoire": ["Reseaux|public"], "SIG.URB_FON_DOSSURBA_ENCOURS_V": ["GPB_URB_Intra_DossiersUrbanisme|secure", "GPB_URB_Intra_DossiersUrbanisme|secure", "GPB_URB_Intra_DossiersUrbanisme|secure", "GPB_URB_Intra_DossiersUrbanisme|secure", "GPB_URB_Intra_DossiersUrbanisme|secure", "GPB_URB_Intra_DossiersUrbanisme|secure"], "SIG.ECO_COM_SIFE_LimComCCPCP": ["PlanVille_CCPCP|public", "PlanVille_CCPCP|public"], "SIG.URB_SCT_EspacesEconomiques": ["GPB_URB|public"], "SIG.URB_FON_DossiersUrbaSurf_Pays": ["DroitdesSols|AppliSIG"], "SIG.REF_PHO_Toponymes_l": ["PhotoAerienne_1950|public", "PhotoAerienne_1919|public", "PhotoAerienne_1929|public", "PhotoAerienne_1930|public"], "SIG.ESP_VER_UnitesGestion": ["GPB_ESP_Intra_GestionEV|secure"], "SIG.NAT_HAB_ZH_Tourbieres": ["PatrimoineNaturel|public", "GPB_NAT|public"], "SIG.DEP_MAR_DomainePublicMaritime": ["EspacePublic|public", "GPB_DEP|public"], "SIG.HYD_MES_PointsPrelevement": ["AppliPollution_CouchesConsultation|public", "GPB_HYD|public"], "SIG.RES_EPL_Piece": ["AppliEPL_MAJ_CouchesConsultation|secure", "AppliEPL_MAJ_CouchesEdition|secure", "Reseaux|public", "AppliPollution_CouchesConsultation|public", "GPB_RES_Intra_Tous_reseaux|secure"], "SIG.REF_IGN_TOPO_SurfaceEau": ["PlanVille|public", "PlanVilleSignalement|public", "FondPlanAppli|public", "Fond_mer_communes|public", "Fond_mer_communes_clair|public", "PlanVilleAllege|public", "CartoBruit|public"], "SIG.PTL_ARC_Fortifications_l": ["GPB_PTL|public"], "SIG.LIM_ADM_CommunesPays_l": ["GPB_LIM_INTRA_Compilation|secure", "AppliPlantes_Invasives_CouchesConsultation|public"], "SIG.REF_ALT_IsoSurfaces1m": ["AppliPollution_CouchesConsultation|public"], "SIG.LIM_ADM_CommunesPays_p": ["TelechargementDivers|public"], "SIG.RES_NUM_Fibre_Affl": ["GPB_RES_Intra_Tous_reseaux|secure"], "SIG.LIM_ADM_CCom_l": ["GPB_LIM_INTRA_Compilation|secure"], "SIG.URB_OAP_DEP_ReseauTC": ["GPB_URB|public"], "SIG.EQU_EES_PortageRepas": ["AppliPortageRepas|public"], "SIG.DEP_ACT_SDvelo_EspacesCalmes": ["GPB_DEP|public"], "SIG.PTL_TOU_Chemins": ["PlanVille|public", "PlanVilleSignalement|public", "PatrimoineTourisme|public", "PlanVilleAllege|public", "GPB_PTL|public", "OpenData|public"], "SIG.PTL_ARC_MAR_Ports": ["PatrimoineTourisme|public", "GPB_PTL|public"], "SIG.RIS_SAN_BRUIT_BATI_OCC": ["CartoBruit|public"], "SIG.ECO_CUL_RPGA": ["AppliPollution_CouchesConsultation|public", "Economie|public", "GPB_ECO|public"], "SIG.EVE_PTL_JourneesPatrimSites": ["JourneeduPatrimoine|public", "JourneeduPatrimoine|public", "JourneeduPatrimoine|public", "JourneeduPatrimoine|public", "JourneeduPatrimoine|public", "JourneeduPatrimoine|public", "JourneeduPatrimoine|public", "JourneeduPatrimoine|public"], "SIG.SOL_SOL_Geologie_L_STRUCT_CGH": ["AppliEPL_MAJ_CouchesConsultation|secure", "OccupationSol|public", "PatrimoineNaturel|public"], "SIG.ECO_EMP_EmploiAuxIlots": ["GPB_ECO|public"], "SIG.URB_FON_S_Mutables_BMO_perim": ["MAJ_GeneriqueAttributaire|AppliSIG", "GPB_URB_Intra_InstructionDIA|secure"], "SIG.RES_ARR_Compteurs": ["GPB_RES|public"], "SIG.REF_CAD_ObjetReseauRoutier": ["GPB_CAD_JS|DSIT", "GPB_CAD|public"], "SIG.LIM_ADM_QuartiersElusBrest_s": ["PlanVilleTinergie|secure", "GPB_LIM_INTRA_Compilation|secure", "EssaiLD_SIGEO_InterrogationGroupe|public", "Cartoweb_QuartiersDecoupages|public", "GPB_LIM|public", "LimitesDecoupages|public"], "SIG.LIM_ADM_QuartiersElusBrest_p": ["PlanVille|public", "PlanVilleAllege|public", "GPB_LIM|public", "LimitesDecoupages|public"], "SIG.REF_MAR_LimiteTerreMer": ["PlanVille|public", "PlanVille|public", "PlanVilleSignalement|public", "PlanVilleSignalement|public", "Fond_mer_communes|public", "Fond_mer_communes_clair|public", "GPB_REF|public", "PlanVilleAllege|public", "PlanVilleAllege|public", "ProjetContratMetropolitain|public", "CarteSituation|public"], "SIG.ESP_MOB_PanneauxInfo": ["pics|public", "pics2|secure", "pics2|AppliSIG", "GPB_ESP|public"], "SIG.DEP_ACT_AmenagementsCyclables": ["Cartoweb_CirculationStationnement|public", "Cartoweb_CirculationStationnement|public", "Deplacement|public", "Deplacement|public", "GPB_DEP|public", "OpenData|public", "OpenData|public"], "SIG.URB_SCT_CommunesLoiLittoral": ["GPB_URB|public"], "SIG.LIM_ADM_LieuxVote_p": ["GPB_LIM_INTRA_Compilation|secure", "Cartoweb_QuartiersDecoupages|public", "GPB_LIM|public", "LimitesDecoupages|public", "OpenData|public"], "SIG.RES_EPL_PointBranchement": ["AppliEPL_MAJ_CouchesConsultation|secure", "AppliEPL_MAJ_CouchesEdition|secure", "Reseaux|public", "AppliPollution_CouchesConsultation|public", "GPB_RES_Intra_Tous_reseaux|secure"], "SIG.LIM_ADM_LieuxVote_s": ["GPB_LIM|public", "LimitesDecoupages|public"], "SIG.REF_CAD_Logements": ["GPB_CAD_JS|DSIT", "GPB_CAD|public"], "SIG.NAT_BOC_BocageLineaire": ["AAA_AVT|secure", "AAA_AVT|public", "GPB_NAT|public"], "SIG.URB_PLU_BMO_PRESCRIPTION_LIN": ["AppliEPL_MAJ_CouchesConsultation|secure", "AppliEPL_MAJ_CouchesConsultation|secure", "AppliEPL_MAJ_CouchesConsultation|secure", "AppliEPL_MAJ_CouchesConsultation|secure", "Urbanisme|public", "Urbanisme|public", "Urbanisme|public", "Urbanisme|public", "Urbanisme|public", "Urbanisme|public", "Urbanisme|public", "Urbanisme|public", "Urbanisme|public", "Urbanisme|public", "AppliPollution_CouchesConsultation|public", "AppliPollution_CouchesConsultation|public", "AppliPollution_CouchesConsultation|public", "Cartoweb_PLU|public", "Cartoweb_PLU|public", "Cartoweb_PLU|public", "Cartoweb_PLU|public", "Cartoweb_PLU|public", "Cartoweb_PLU|public", "Cartoweb_PLU|public", "Cartoweb_PLU|public", "Cartoweb_PLU|public", "Cartoweb_PLU|public", "GPB_PLU|public", "GPB_PLU|public", "GPB_PLU|public", "GPB_PLU|public", "GPB_PLU|public", "GPB_PLU|public", "GPB_PLU|public", "GPB_PLU|public", "GPB_PLU|public", "GPB_PLU|public", "OpenData|public", "OpenData|public", "OpenData|public", "OpenData|public", "OpenData|public", "OpenData|public", "OpenData|public", "OpenData|public"], "SIG.DEP_ACT_SDvelo_ReseauCyclable": ["GPB_DEP|public"], "SIG.NAT_ZON_EspaceNaturelSensible": ["PatrimoineNaturel|public", "GPB_NAT|public"], "SIG.ESP_VER_ZonesJeux": ["PlanVille|public", "ServicesEquipements_GrandPublic|public", "GPB_ESP|public", "GPB_EQU|public"], "SIG.RES_ENE_ERDF_PylonesHT": ["GPB_RES_Intra_Tous_reseaux|secure"], "SIG.RES_EPL_HabillageLineaire": ["Reseaux|public", "AppliPollution_CouchesConsultation|public", "GPB_RES_Intra_Tous_reseaux|secure"], "SIG.URB_FON_ParcellesDemandesAcqui": ["GPB_URB_Intra_InstructionDIA|secure", "GPB_URB_Intra_InstructionDIA|secure"], "SIG.HYD_MES_ReseauSurvLitto": ["AppliPollution_CouchesConsultation|public", "GPB_HYD|public"], "SIG.REF_IGN_CARTO_VoiesCom": ["pics|public", "pics2|secure", "pics2|AppliSIG"], "SIG.ECO_COM_SIFE_sol": ["PlanVille_CCPCP|public"], "SIG.RES_EPL_Ouvrage": ["AppliEPL_MAJ_CouchesConsultation|secure", "AppliEPL_MAJ_CouchesEdition|secure", "AppliEPL_MAJ_CouchesEdition|secure", "Reseaux|public", "AppliPollution_CouchesConsultation|public", "GPB_RES_Intra_Tous_reseaux|secure"], "SIG.SOL_SOL_Geologie_S_SURCH": ["AppliEPL_MAJ_CouchesConsultation|secure", "OccupationSol|public", "PatrimoineNaturel|public"], "SIG.URB_FON_LotissementsPerimetres": ["GPB_URB|public"], "SIG.REF_ALT_CourbesNiveau5m": ["AppliPollution_CouchesConsultation|public", "Cartoweb_Relief|public", "GPB_REF|public", "Relief|public"], "SIG.PTL_ARC_Americ17_Infra": ["Americains_CouchesEdition|public"], "SIG.REF_CAD_BatimentsSuppl": ["PlanVille|public", "PlanVille|public", "PlanVilleSignalement|public", "PlanVilleTinergie|secure", "FondPlanAppli|public", "GPB_CAD_JS|DSIT", "PlanVilleAllege|public", "PlanVilleAllege|public", "GPB_CAD|public"], "SIG.EVE_SPO_Lignes": ["GPB_EVE|public", "APPLIMAJ_Evenement|public"], "SIG.DEP_COL_BusTram_Lignes_Qualif": ["AppliConsult_Keolis|public", "AppliMAJ_Keolis|public"], "SIG.RIS_TEC_PPRT_Pays": ["RisqueSecurite|public", "GPB_RIS|public"], "SIG.DEM_REC_Population1999Iris": ["GPB_DEM|public"], "SIG.REF_VOI_VoiesLieuxDits": ["PlanVille|public", "FondPlanAppli|public", "PlanVilleAllege|public", "MAJ_GeneriqueSansSuppressions|AppliSIG", "Cartoweb_Textes|public", "MAJ_GeneriqueSansSuppressions|public"], "SIG.RIS_SAN_BRUIT_Routes": ["CartoBruit|public"], "SIG.URB_OAP_ENV_TramVetB": ["GPB_URB|public"], "SIG.DEM_REC_POPULATION200M_V": ["GPB_DEM|public"], "SIG.ESP_MOB_PanneauxExpresLibre": ["GPB_ESP|public"], "SIG.PTL_ARC_Fortifications_s": ["GPB_PTL|public"], "SIG.LIM_ADM_QuartiersIrisFinistere": ["Cartoweb_QuartiersDecoupages|public", "GPB_LIM|public"], "SIG.REF_TOP_RTS_LIGNE_NonVal": ["GPB_REF_Intra_RTS|secure"], "SIG.EQU_POI_SANTESOCIAL_V": ["GPB_EQU|public"], "SIG.PTL_TOU_BTO_PortPlaisance": ["RandoEtVelo_BTO2017|public"], "SIG.LIM_ADM_Cantons_s": ["Cartoweb_QuartiersDecoupages|public", "GPB_LIM|public", "LimitesDecoupages|public"], "SIG.RES_AEP_CanalisationKermorvan": ["Reseaux|public"], "SIG.ESP_VER_JardinsPartages": ["GPB_ESP|public"], "SIG.EVE_NAU_Brest2016Parkings": ["Brest2016_LaFeteMAJ_consult|public"], "SIG.URB_PLU_PRESCRIPTION_LIN": ["Urbanisme|public", "Urbanisme|public", "GPB_URB|public"], "SIG.HYD_RES_MassesEauEstuaires": ["GPB_HYD|public"], "SIG.DEM_REC_PopulationKm2": ["GPB_DEM|public"], "SIG.URB_PLU_BMO_PRESCRIPTION_PCT": ["AppliEPL_MAJ_CouchesConsultation|secure", "AppliEPL_MAJ_CouchesConsultation|secure", "Urbanisme|public", "Urbanisme|public", "Urbanisme|public", "AppliPollution_CouchesConsultation|public", "Cartoweb_PLU|public", "Cartoweb_PLU|public", "Cartoweb_PLU|public", "GPB_PLU|public", "GPB_PLU|public", "GPB_PLU|public", "OpenData|public"], "SIG.URB_SUP_BMO_SURF": ["Urbanisme|public", "Urbanisme|public", "Urbanisme|public", "Urbanisme|public", "Urbanisme|public", "Urbanisme|public", "Urbanisme|public", "Urbanisme|public", "Urbanisme|public", "Urbanisme|public", "Urbanisme|public", "Urbanisme|public", "Urbanisme|public", "Urbanisme|public", "Urbanisme|public", "Urbanisme|public", "Urbanisme|public", "Urbanisme|public", "Urbanisme|public", "Urbanisme|public", "Cartoweb_PLU|public", "Cartoweb_PLU|public", "Cartoweb_PLU|public", "Cartoweb_PLU|public", "Cartoweb_PLU|public", "Cartoweb_PLU|public", "Cartoweb_PLU|public", "Cartoweb_PLU|public", "Cartoweb_PLU|public", "Cartoweb_PLU|public", "Cartoweb_PLU|public", "Cartoweb_PLU|public", "Cartoweb_PLU|public", "Cartoweb_PLU|public", "Cartoweb_PLU|public", "Cartoweb_PLU|public", "Cartoweb_PLU|public", "Cartoweb_PLU|public", "Cartoweb_PLU|public", "Cartoweb_PLU|public", "GPB_PLU|public", "GPB_PLU|public", "GPB_PLU|public", "GPB_PLU|public", "GPB_PLU|public", "GPB_PLU|public", "GPB_PLU|public", "GPB_PLU|public", "GPB_PLU|public", "GPB_PLU|public", "GPB_PLU|public", "GPB_PLU|public", "GPB_PLU|public", "GPB_PLU|public", "GPB_PLU|public", "GPB_PLU|public", "GPB_PLU|public", "GPB_PLU|public", "GPB_PLU|public", "GPB_PLU|public"], "SIG.ENE_PRO_Eoliennes": ["GPB_ENE|public"], "SIG.RES_AEP_Appareillage": ["Reseaux|public", "ReseauxSOGELINK|public", "GPB_RES_Intra_Tous_reseaux|secure", "MAJ_Generique|AppliSIG", "MAJ_Generique|public"], "SIG.URB_PLU_NRU_V": ["GPB_PLU|public"], "SIG.REF_TOP_RTS_Emprises": ["GPB_REF_Intra_RTS|secure"], "SIG.LIM_ADM_CComEtiquettes": ["PlanVille|public", "PlanVilleSignalement|public", "GPB_LIM_INTRA_Compilation|secure", "PlanVilleAllege|public", "Referents|public", "GPB_LIM|public"], "SIG.PTL_TOU_Belvederes": ["GPB_PTL|public"], "SIG.DEM_REC_Population1990Ilot": ["GPB_DEM|public"], "SIG.REF_PHO_1999_Emprise": ["PhotoAerienne_1999|public"], "SIG.ESP_NET_TOURNEECOLLECTE_V": ["GPB_ESP_Intra_NET|public", "GPB_ESP_Intra_NET|public"], "SIG.ECO_COM_SIFE_bati": ["PlanVille_CCPCP|public"], "SIG.RIS_SAN_BRUIT_Categories": ["CartoBruit|public"], "SIG.ENE_CON_BornesElec": ["GPB_ENE|public"], "SIG.NAT_HAB_Nat2000_Elorn_Esp": ["GPB_NAT|public"], "SIG.URB_PLU_BMO_INFO_LIN": ["Urbanisme|public", "Urbanisme|public", "AppliPollution_CouchesConsultation|public", "Cartoweb_PLU|public", "Cartoweb_PLU|public", "GPB_PLU|public", "GPB_PLU|public", "OpenData|public"], "SIG.LIM_GRI_IndexPDV_500m": ["GPB_LIM|public"], "SIG.URB_PRJ_ProjetsFonciers": ["GPB_URB_Intra_InstructionDIA|secure"], "SIG.ESP_NET_TourneeSE_Liaisons": ["pp03SE|DSIT"], "SIG.LIM_ADM_DepartementsOuest": ["GPB_LIM|public"], "SIG.RES_AEP_PoteauIncendie": ["pics|public", "AppliEPL_MAJ_CouchesConsultation|secure", "GPB_RES_Intra|secure", "Reseaux|public", "ReseauxSOGELINK|public", "Reseau_AEP|public", "GPB_RES_Intra_Tous_reseaux|secure", "pics2|secure", "MAJ_Generique|AppliSIG", "pics2|AppliSIG", "Reseau_AEP|Partenaires", "MAJ_Generique|public", "GPB_RES_Intra|public"], "SIG.RIS_SAN_BRUIT_Fer_RFF": ["CartoBruit|public"], "SIG.REF_MAR_Iles": ["PlanVille|public", "PlanVilleAllege|public"], "SIG.RES_ARR_Canalisations": ["REF_RTS_ChantierAcquisition_consultation|public", "GPB_RES|public"], "SIG.ESP_MOB_PanneauPublicite": ["GPB_ESP|public"], "SIG.D3D_AUT_Sites": ["Telechargement3D|public", "GPB_D3D|public"], "SIG.SOL_MOS_OccupationSol": ["GPB_SOL|public", "OpenData|public"], "SIG.PTL_TOU_Veloroutes": ["PatrimoineTourisme|public"], "SIG.LIM_ADM_QuartiersIris2000": ["GPB_LIM|public"], "SIG.D3D_AUT_TexturationFacades": ["GPB_D3D|public"], "SIG.REF_TOP_RESTIT3D_SOL_POINT_V": ["GPB_REF|public"], "SIG.REF_PHO_DallesTelechargement": ["TelechargementPhoto|public", "GPB_REF|public"], "SIG.URB_FON_LotissementsDecoupage": ["GPB_URB_Intra_DossiersUrbanisme|secure", "MAJ_RepresentationPourControle|AppliSIG", "ds30|DSIT", "GPB_URB|public", "MAJ_RepresentationPourControleP|public"], "SIG.REF_ALT_CourbesNiveau2m": ["AppliPollution_CouchesConsultation|public", "Cartoweb_Relief|public", "GPB_REF|public", "Relief|public"], "SIG.REF_MAR_HauteBasseMer": ["GPB_REF|public"], "SIG.REF_CAD_Communes": ["REF_CAD_INTRA_TaxesProfessionnelles|public", "GPB_CAD_JS|DSIT", "GPB_CAD|public"], "SIG.PTL_TOU_BTO_services": ["RandoEtVelo_BTO2017|public"], "SIG.PTL_ARC_MAR_Signalisation": ["PatrimoineTourisme|public", "GPB_PTL|public"], "SIG.DEP_ACT_SDvelo_ParkingRelVelos": ["GPB_DEP|public"], "SIG.EQU_POI_PROXIMITE_V": ["GPB_EQU|public"], "SIG.RES_EPL_NoeudBase": ["Reseaux|public", "AppliPollution_CouchesConsultation|public", "GPB_RES_Intra_Tous_reseaux|secure"], "SIG.RIS_SEC_PPI_Nucleaire": ["pics|public", "pics|public", "pics|public", "pics|public", "pics2|secure", "pics2|secure", "pics2|secure", "pics2|secure", "pics2|AppliSIG", "pics2|AppliSIG", "pics2|AppliSIG", "pics2|AppliSIG"], "SIG.DEM_REC_POP1999_IRIS5000_V": ["GPB_DEM|public"], "SIG.RES_AEP_FlecheEcoulement": ["Reseaux|public", "ReseauxSOGELINK|public", "GPB_RES_Intra_Tous_reseaux|secure"], "SIG.RES_AEP_Regulation": ["Reseaux|public", "ReseauxSOGELINK|public", "GPB_RES_Intra_Tous_reseaux|secure", "MAJ_Generique|AppliSIG", "MAJ_Generique|public"], "SIG.EQU_POI_CULTURELOISIRS_V": ["GPB_EQU|public"], "SIG.ECO_CUL_AGRISIEGESEXPLOIT_V": ["AppliPollution_CouchesConsultation|public"], "SIG.REF_VOI_FILAIREVOIES_V": ["PlanVille|public", "PlanVille|public", "PlanVille|public", "PlanVille|public", "PlanVille|public", "PlanVille|public", "PlanVille|public", "PlanVille|public", "PlanVille|public", "PlanVille|public", "PlanVille|public", "PlanVille|public", "PlanVille|public", "PlanVille|public", "PlanVille|public", "PlanVille|public", "PlanVille|public", "PlanVille|public", "PlanVille|public", "PlanVille|public", "PlanVille|public", "PlanVille|public", "PlanVille|public", "PlanVille|public", "PlanVille|public", "PlanVille|public", "PlanVilleSignalement|public", "PlanVilleSignalement|public", "PlanVilleSignalement|public", "PlanVilleSignalement|public", "PlanVilleSignalement|public", "PlanVilleSignalement|public", "PlanVilleSignalement|public", "PlanVilleSignalement|public", "PlanVilleSignalement|public", "PlanVilleSignalement|public", "PlanVilleSignalement|public", "PlanVilleSignalement|public", "PlanVilleSignalement|public", "PlanVilleSignalement|public", "PlanVilleSignalement|public", "PlanVilleSignalement|public", "PlanVilleSignalement|public", "PlanVilleSignalement|public", "PlanVilleTinergie|secure", "FondPlanAppli|public", "pp01|DSIT", "pp01|DSIT", "MAJ_RepresentationPourControle|AppliSIG", "MAJ_RepresentationPourControle|AppliSIG", "cs10|DSIT", "cs10|DSIT", "cs10|DSIT", "PlanVilleAllege|public", "PlanVilleAllege|public", "PlanVilleAllege|public", "PlanVilleAllege|public", "PlanVilleAllege|public", "PlanVilleAllege|public", "PlanVilleAllege|public", "PlanVilleAllege|public", "PlanVilleAllege|public", "PlanVilleAllege|public", "PlanVilleAllege|public", "PlanVilleAllege|public", "PlanVilleAllege|public", "PlanVilleAllege|public", "PlanVilleAllege|public", "PlanVilleAllege|public", "PlanVilleAllege|public", "PlanVilleAllege|public", "PlanVilleAllege|public", "PlanVilleAllege|public", "PlanVilleAllege|public", "PlanVilleAllege|public", "PlanVilleAllege|public", "PlanVilleAllege|public", "PlanVilleAllege|public", "PlanVilleAllege|public", "Cartoweb_Textes|public", "MAJ_RepresentationPourControleP|public", "MAJ_RepresentationPourControleP|public"], "SIG.REF_CAD_SubdivisionsSections": ["GPB_CAD_JS|DSIT", "GPB_CAD|public"], "SIG.URB_PLU_BMO_INFO_PCT": ["Urbanisme|public", "AppliPollution_CouchesConsultation|public", "Cartoweb_PLU|public", "GPB_PLU|public", "OpenData|public"], "SIG.PTL_TOU_PDIPR_Boucles": ["PatrimoineTourisme|public", "GPB_PTL|public"], "SIG.DEP_STA_Parkings": ["Cartoweb_TransportUrbain|public", "Cartoweb_CirculationStationnement|public", "Deplacement|public", "Deplacement|public", "GPB_DEP|public", "GPB_DEP_Bibus|public"], "SIG.SOL_SOL_Geologie_L_FGEOL": ["AppliEPL_MAJ_CouchesConsultation|secure", "OccupationSol|public", "PatrimoineNaturel|public"], "SIG.REF_CAD_DomainePrive": ["GPB_CAD_JS|DSIT", "GPB_CAD|public"], "SIG.RIS_SAN_BRUIT_Cache_indus_def": ["CartoBruit|public", "CartoBruit|public"], "SIG.RES_AEP_EmpriseKermorvan": ["Reseaux|public"], "SIG.D3D_BAT_EMPRISES_V": ["GPB_D3D|public"], "SIG.PTL_ARC_MAR_Musees": ["PatrimoineTourisme|public", "GPB_PTL|public"], "SIG.RES_EPL_Appareillage": ["AppliEPL_MAJ_CouchesEdition|secure", "Reseaux|public", "AppliPollution_CouchesConsultation|public", "GPB_RES_Intra_Tous_reseaux|secure"], "SIG.NAT_ZON_ZNIEFF_1": ["PatrimoineNaturel|public"], "SIG.REF_IGN_TOPO_Cimetiere": ["PlanVille|public", "PlanVilleAllege|public"], "SIG.RES_EU_FlecheEcoulement": ["Reseaux|public", "ReseauxSOGELINK|public", "AppliPollution_CouchesConsultation|public", "GPB_RES_Intra_Tous_reseaux|secure"], "SIG.ECO_COM_ZonesActiEco_Lots": ["Economie|public"], "SIG.ESP_VER_ParcAgglo": ["GPB_ESP|public"], "SIG.BAT_IMM_BatiRenovUrbaine": ["GPB_URB_Intra_InstructionDIA|secure"], "SIG.ESP_NET_TourneeOM_MarqParcours": ["pp03OM|DSIT"], "SIG.REF_TOP_RTS_POINT_NonVal": ["GPB_REF_Intra_RTS|secure"], "SIG.URB_OAP_DEP_ProjetsUrbains": ["GPB_URB|public"], "SIG.NAT_BOC_BocageBoisement": ["AAA_AVT|secure", "AAA_AVT|public", "GPB_NAT|public"], "SIG.URB_FON_VeilleFonciere": ["GPB_URB_Intra_InstructionDIA|secure"], "SIG.RES_AEP_Vanne": ["Reseaux|public", "ReseauxSOGELINK|public", "GPB_RES_Intra_Tous_reseaux|secure", "MAJ_Generique|AppliSIG", "MAJ_Generique|public"], "SIG.REF_PHO_1950_Emprise": ["PhotoAerienne_1950|public"], "SIG.DEP_ROU_RoutesGrandeCircul": ["GPB_DEP|public"], "SIG.ESP_NET_Conteneurs_textile": ["Cartoweb_CollecteProprete|public", "EspacePublic|public", "GPB_ESP|public"], "SIG.RES_EPL_CollecteurTournees": ["AppliEPL_MAJ_CouchesEdition|secure", "GPB_RES_Intra_Tous_reseaux|secure"], "SIG.RES_EPL_OuvrageEmprise": ["AppliEPL_MAJ_CouchesConsultation|secure", "AppliEPL_MAJ_CouchesEdition|secure", "Reseaux|public", "AppliPollution_CouchesConsultation|public", "GPB_RES_Intra_Tous_reseaux|secure"], "SIG.URB_PLU_INFO_LIN": ["Urbanisme|public", "GPB_URB|public"], "SIG.ECO_COM_SIFE_foret": ["PlanVille_CCPCP|public"], "SIG.REF_CAD_Sections": ["GPB_CAD_JS|DSIT", "GPB_CAD|public"], "SIG.EQU_POI_EDUCATIONENFANCE_V": ["GPB_EQU|public", "GPB_EQU_ServicesEquipements|public"], "SIG.REF_CAD_LOCAUX_V": ["GPB_DEM_Intra_Recensement|secure", "GPB_EVE_Intra_Recensement|secure"], "SIG.RES_EPL_Cotation": ["Reseaux|public", "AppliPollution_CouchesConsultation|public", "GPB_RES_Intra_Tous_reseaux|secure"], "SIG.PTL_TOU_BTOveloroute": ["RandoEtVelo_BTO2017|public"], "SIG.REF_PHO_1919_Emprise": ["PhotoAerienne_1919|public"], "SIG.REF_MAR_TC_Ancien_Cerema": ["GPB_REF|public"], "SIG.ECO_COM_ZonesActivitesEco": ["Economie|public", "GPB_ECO|public"], "SIG.REF_VOI_Adresses": ["MAJ_GeneriqueSansSuppressions|AppliSIG", "MAJ_GeneriqueSansSuppressions|public"], "SIG.BAT_ZON_TerritRenovUrbaine": ["GPB_BAT|public"], "SIG.REF_CAD_Parcelles": ["pp01|DSIT", "cs10|DSIT"], "SIG.PTL_TOU_BTO_PDIPR": ["RandoEtVelo_BTO2017|public"], "SIG.RES_ENE_ERDF_DecoupageFolio": ["GPB_RES_Intra_Tous_reseaux|secure"], "SIG.URB_SCT_CoupureUrbanisation": ["GPB_URB|public"], "SIG.REF_IGN_TOPO_CoursDEau": ["pics|public", "AppliPollution_CouchesConsultation|public", "PatrimoineNaturel|public", "pics2|secure", "pics2|AppliSIG", "AppliPlantes_Invasives_CouchesConsultation|public"], "SIG.REF_TOP_RTS_FilaireVoie": ["REF_RTS_ChantierAcquisition_edition|public", "REF_RTS_ChantierAcquisition_edition|public", "REF_RTS_ChantierAcquisition_edition|public", "REF_RTS_ChantierAcquisition_consultation|public", "REF_RTS_ChantierAcquisition_consultation|public", "REF_RTS_ChantierAcquisition_consultation|public", "REF_RTS_ChantierAcquisition_consultation|public", "REF_RTS_ChantierAcquisition_consultation|public", "REF_RTS_ChantierAcquisition_consultation|public", "REF_RTS_ChantierAcquisition_consultation|public", "REF_RTS_ChantierAcquisition_consultation|public"], "SIG.BAT_ZON_ZonesUrbainesSensibles": ["Cartoweb_QuartiersDecoupages|public", "GPB_BAT|public"], "SIG.RES_ENE_GRDF_ReseauAbandon": ["pics|public", "Reseaux|public", "GPB_RES_Intra_Tous_reseaux|secure", "GPB_RES_Intra_Tous_reseaux|secure", "pics2|secure", "pics2|AppliSIG"], "SIG.HYD_RES_CoursDEau_Veille": ["AppliPlantes_Invasives_CouchesEdition|public"], "SIG.URB_SUP_LIN": ["Urbanisme|public", "Urbanisme|public", "Urbanisme|public", "Urbanisme|public", "Urbanisme|public", "Urbanisme|public", "Urbanisme|public", "Urbanisme|public", "Urbanisme|public", "Urbanisme|public", "GPB_URB|public"], "SIG.REF_CAD_Hydrographie": ["GPB_CAD_JS|DSIT", "GPB_CAD|public"], "SIG.DEP_ROU_ComptageCordon": ["GPB_DEP|public"], "SIG.RIS_NAT_CavitesSouterraines": ["pics|public", "pics2|secure", "pics2|AppliSIG", "GPB_RIS|public"], "SIG.NAT_HAB_ZH_Roselieres": ["PatrimoineNaturel|public", "GPB_NAT|public"], "SIG.ECO_COM_SIFE_LOTS": ["SIFE_maj_pub|public", "SIFE_PUBLIC|public", "SIFE_consult_pub|public"], "SIG.REF_CAD_EnsembleImmobilier": ["GPB_CAD_JS|DSIT", "GPB_CAD|public"], "SIG.LIM_ADM_BureauxVote_s": ["GPB_LIM_INTRA_Compilation|secure", "Cartoweb_QuartiersDecoupages|public", "GPB_LIM|public", "LimitesDecoupages|public", "OpenData|public"], "SIG.RIS_NAT_SubmersionMarine_Light": ["RisqueSecurite|public", "GPB_RIS|public"], "SIG.EQU_POI_MAIRIESANNEXES_V": ["GPB_EQU|public"], "SIG.NAT_HAB_Nat2000_Elorn": ["GPB_NAT|public"], "SIG.ECO_EMP_EnquetePorts2006": ["GPB_ECO|public"], "SIG.NAT_AUT_PlantesInvasives": ["AAA_AVT|secure", "PatrimoineNaturel|public", "AAA_AVT|public", "AppliPlantes_Invasives_CouchesEdition|public", "GPB_NAT|public"], "SIG.RES_EU_Canalisation": ["AppliEPL_MAJ_CouchesConsultation|secure", "MAJ_GeneriqueAttributaire|AppliSIG", "Reseaux|public", "ReseauxSOGELINK|public", "AppliPollution_CouchesConsultation|public", "REF_RTS_ChantierAcquisition_consultation|public", "GPB_RES_Intra_Tous_reseaux|secure"], "SIG.NAT_ZON_ReservesChassesMar": ["PatrimoineNaturel|public", "GPB_NAT|public"], "SIG.REF_VOI_VoiesPrincBuff": ["FondPlanAppli|public"], "SIG.DEP_ACT_StationnementVelo": ["Cartoweb_CirculationStationnement|public", "Deplacement|public", "GPB_DEP|public", "OpenData|public"], "SIG.REF_CAD_ZoneCommunication": ["GPB_CAD_JS|DSIT", "GPB_CAD|public"], "SIG.ECO_COM_EtablissementsCCI": ["AppliPollution_CouchesConsultation|public", "Economie|public", "GPB_ECO|public"], "SIG.URB_FON_S_Mutables_BMO_parc": ["MAJ_GeneriqueAttributaire|AppliSIG", "GPB_URB_Intra_InstructionDIA|secure"], "SIG.REF_CAD_HabillageSurfacique": ["GPB_CAD_JS|DSIT", "GPB_CAD|public"], "SIG.URB_PLU_ZONE_URBA": ["Urbanisme|public", "Urbanisme|public", "Urbanisme|public", "Urbanisme|public", "Urbanisme|public", "Urbanisme|public", "Urbanisme|public", "ZonesPLU|public", "ProjetContratMetropolitain|public", "GPB_URB|public", "OpenData|public"], "SIG.RES_EPL_CollecteurLineaire": ["AppliEPL_MAJ_CouchesConsultation|secure", "AppliEPL_MAJ_CouchesEdition|secure", "Reseaux|public", "AppliPollution_CouchesConsultation|public", "GPB_RES_Intra_Tous_reseaux|secure"], "SIG.NAT_HAB_Natura2000": ["PatrimoineNaturel|public"], "SIG.REF_PDV_FondPlan_Princ": ["PlanVille|public", "PlanVilleSignalement|public", "FondPlanAppli|public", "PlanVilleAllege|public"], "SIG.URB_PLU_BMO_PRESCRIPTION_SURF": ["AppliEPL_MAJ_CouchesConsultation|secure", "AppliEPL_MAJ_CouchesConsultation|secure", "AppliEPL_MAJ_CouchesConsultation|secure", "AppliEPL_MAJ_CouchesConsultation|secure", "AppliEPL_MAJ_CouchesConsultation|secure", "AppliEPL_MAJ_CouchesConsultation|secure", "Urbanisme|public", "Urbanisme|public", "Urbanisme|public", "Urbanisme|public", "Urbanisme|public", "Urbanisme|public", "Urbanisme|public", "Urbanisme|public", "Urbanisme|public", "Urbanisme|public", "Urbanisme|public", "Urbanisme|public", "GPB_URB_Intra_InstructionDIA|secure", "AppliPollution_CouchesConsultation|public", "AppliPollution_CouchesConsultation|public", "AppliPollution_CouchesConsultation|public", "AppliPollution_CouchesConsultation|public", "Cartoweb_PLU|public", "Cartoweb_PLU|public", "Cartoweb_PLU|public", "Cartoweb_PLU|public", "Cartoweb_PLU|public", "Cartoweb_PLU|public", "Cartoweb_PLU|public", "Cartoweb_PLU|public", "Cartoweb_PLU|public", "Cartoweb_PLU|public", "Cartoweb_PLU|public", "Cartoweb_PLU|public", "GPB_PLU|public", "GPB_PLU|public", "GPB_PLU|public", "GPB_PLU|public", "GPB_PLU|public", "GPB_PLU|public", "GPB_PLU|public", "GPB_PLU|public", "GPB_PLU|public", "GPB_PLU|public", "GPB_PLU|public", "GPB_PLU|public", "AppliPlantes_Invasives_CouchesConsultation|public", "OpenData|public", "OpenData|public", "OpenData|public", "OpenData|public", "OpenData|public", "OpenData|public", "OpenData|public"], "SIG.PHO_GEO_GoogleMaps": ["PlanVilleTinergie|secure", "GPB_PHO_Intra|secure"], "SIG.DEP_COL_BusLanderneau_Lignes": ["Deplacement|public"], "SIG.DEP_ROU_Accidents_Pays": ["Deplacement|public", "GPB_DEP|public"], "SIG.RIS_SEC_SirenesAlertePortee": ["pics|public", "pics2|secure", "pics2|AppliSIG", "GPB_RIS|public"], "SIG.RES_AEP_HabillageTexte": ["Reseaux|public", "ReseauxSOGELINK|public", "GPB_RES_Intra_Tous_reseaux|secure"], "SIG.REF_CAD_BornePropriete": ["GPB_CAD_JS|DSIT", "GPB_CAD|public"], "SIG.HYD_RES_CoursDEau_Bmo": ["AppliEPL_MAJ_CouchesEdition|secure", "AppliPollution_CouchesConsultation|public", "AppliPlantes_Invasives_CouchesConsultation|public"], "SIG.REF_CAD_SubdivisionsFiscales": ["GPB_CAD_JS|DSIT", "GPB_CAD|public"], "SIG.ESP_VER_Equipes": ["GPB_ESP_Intra_GestionEV|secure"], "SIG.RES_ENE_SDEF_Reseau": ["Reseaux|public"], "SIG.REF_PDV_HabillageLignes": ["PlanVille|public", "PlanVille|public", "PlanVille|public", "PlanVille|public", "PlanVille|public", "PlanVille|public", "PlanVille|public", "PlanVille|public", "PlanVille|public", "PlanVille|public", "PlanVille|public", "PlanVille|public", "PlanVille|public", "PlanVille|public", "PlanVilleSignalement|public", "FondPlanAppli|public", "FondPlanAppli|public", "FondPlanAppli|public", "PlanVilleAllege|public", "PlanVilleAllege|public", "PlanVilleAllege|public", "PlanVilleAllege|public", "PlanVilleAllege|public", "PlanVilleAllege|public", "PlanVilleAllege|public", "PlanVilleAllege|public", "PlanVilleAllege|public", "PlanVilleAllege|public", "PlanVilleAllege|public", "PlanVilleAllege|public", "PlanVilleAllege|public", "PlanVilleAllege|public", "ProjetContratMetropolitain|public"], "SIG.PTL_TOU_CircuitsRando": ["GPB_PTL|public"], "SIG.DEP_COL_Cars_PennArBed_Arrets": ["PlanVille|public", "Deplacement|public", "GPB_DEP|public"], "SIG.ECO_COM_LocauxCommerciauxCCI": ["MAJ_GeneriqueSansCreationsSansSuppressions|AppliSIG", "GPB_ECO|public"], "SIG.RES_EPL_CollecteurPonctuel": ["AppliEPL_MAJ_CouchesConsultation|secure", "AppliEPL_MAJ_CouchesEdition|secure", "AppliEPL_MAJ_CouchesEdition|secure", "Reseaux|public", "da02|DSIT", "AppliPollution_CouchesConsultation|public", "GPB_RES_Intra_Tous_reseaux|secure", "da02qualif|DSIT"], "SIG.URB_SCT_AgglomerationVillage": ["GPB_URB|public"], "SIG.REF_VOI_VoiesSecBuff": ["FondPlanAppli|public"], "SIG.URB_PRJ_ContratMetropolitain_l": ["ProjetContratMetropolitain|public", "ProjetContratMetropolitain|public"], "SIG.DEP_ARR_Temporaires": ["GPB_DEP|public"], "SIG.RES_AEP_Reservoir": ["pics|public", "AppliEPL_MAJ_CouchesConsultation|secure", "Reseaux|public", "ReseauxSOGELINK|public", "GPB_RES_Intra_Tous_reseaux|secure", "pics2|secure", "pics2|AppliSIG"], "SIG.URB_SCT_EspacesProches": ["GPB_URB|public"], "SIG.URB_FON_DOSSURBA_PLUS2ANS_V": ["GPB_URB_Intra_DossiersUrbanisme|secure", "GPB_URB_Intra_DossiersUrbanisme|secure", "GPB_URB_Intra_DossiersUrbanisme|secure", "GPB_URB_Intra_DossiersUrbanisme|secure"], "SIG.RES_ENE_GRTGAZ_Transport": ["Reseaux_restreint|public"], "SIG.REF_PHO_1954_Emprise": ["PhotoAerienne_1954|public"], "SIG.URB_PRJ_ContratMetropolitain_s": ["ProjetContratMetropolitain|public", "ProjetContratMetropolitain|public", "ProjetContratMetropolitain|public"], "SIG.RES_NUM_Telecom_Lignes": ["GPB_RES_Intra_Tous_reseaux|secure"], "SIG.BAT_IMM_Coproprietes": ["GPB_BAT_Intra_ObsCopro|secure"], "SIG.RES_EPL_EDP_Espaces_reserves": ["GPB_URB_Intra_InstructionDIA|secure"], "SIG.LIM_ADM_Pays_Touristiques_s": ["GPB_LIM|public"], "SIG.REF_PHO_1930_Emprise": ["PhotoAerienne_1930|public"], "SIG.URB_PRJ_ProjetsUrbanisme": ["GPB_URB_Intra_InstructionDIA|secure", "GPB_URB_ProfilUrba|public"], "SIG.BAT_IMM_BatimentsMunicipaux": ["HabitatLocaux|public", "GPB_BAT|public", "GPB_BAT_Accessibilite|public"], "SIG.RES_EU_Appareillage": ["AppliEPL_MAJ_CouchesConsultation|secure", "Reseaux|public", "ReseauxSOGELINK|public", "AppliPollution_CouchesConsultation|public", "GPB_RES_Intra_Tous_reseaux|secure"]}