{"Admin": ["AAA_AVT|secure", "AAA_AVT|secure", "REF_CAD_INTRA_TaxesPro_Proposition|secure", "REF_CAD_INTRA_TaxesPro_Proposition|secure", "dict01|public", "dict01|public"], "URB_InstructionDIA": ["GPB_URB_Intra_InstructionDIA|secure", "GPB_URB_Intra_InstructionDIA|secure"], "URB_ProfilUrba": ["GPB_URB_ProfilUrba|public", "GPB_URB_ProfilUrba|public"], "URB_Foncier": ["GPB_URB_Intra_InstructionDIA|secure", "GPB_URB_Intra_InstructionDIA|secure"], "URB_FON_InstructionDIA": ["GPB_URB_Intra_InstructionDIA|secure", "GPB_URB_Intra_InstructionDIA|secure"], "BAT_ObsCopro": ["GPB_BAT_Intra_ObsCopro|secure", "GPB_BAT_Intra_ObsCopro|secure", "VacancesCommerciales|secure", "VacancesCommerciales|secure"], "CAD_Finances": ["REF_CAD_INTRA_TaxesPro_Proposition|secure", "REF_CAD_INTRA_TaxesPro_Proposition|secure"], "URB_SitesMutables": ["GPB_URB_Intra_InstructionDIA|secure", "GPB_URB_Intra_InstructionDIA|secure"], "DICT": ["dict01|public", "dict01|public"], "Reseau AEP": ["Reseau_AEP|public", "Reseau_AEP|public", "Reseau_AEP|Partenaires", "Reseau_AEP|Partenaires"], "ECO_COM_SIFE (Consultation)": ["SIFE_consult_pub|public", "SIFE_consult_pub|public"], "URB_CAU": ["GPB_URB_Intra_InstructionDIA|secure", "GPB_URB_Intra_InstructionDIA|secure"]}